part_number,manufacturer,condition,price,quantity,status,description
197422-4,MAKITA,NEW,72.77,200,ON-SITE,Makita BL1860B 18V power tool battery
BL1850B,MAKITA,NEW,61.56,200,ON-SITE,Makita 197280-8 cordless tool battery / charger
DCB184-XJ,DeWalt,NEW,52.72,200,ON-SITE,DeWALT DCB184-XJ cordless tool battery / charger
SFMCB204-XJ,STANLEY,NEW,41.77,86,ON-SITE,Stanley SFMCB204-XJ cordless tool battery / charger
YT-828463,YATO,NEW,25.37,77,ON-SITE,Accumulator 18V Li-ION 4 0Ah YT-828463 YATO
5133005053,RYOBI,NEW,53.15,69,ON-SITE,Li-Ion Battery 4.0 Ah 18V RYOBI RB1840X
BL5018-XJ,BLACK+DECKER,NEW,40.48,53,ON-SITE,Black & Decker BL5018 Battery
BL2518-XJ,BLACK+DECKER,NEW,24.82,49,ON-SITE,Black+Decker BL2518-XJ 18 V 2.5 Ah power tool battery
BDL2018S-XJ,BLACK+DECKER,NEW,17.01,41,ON-SITE,BLACK+DECKER 18V 2.0Ah battery BDL2018S
5133002237,RYOBI,NEW,48.42,13,ON-SITE,Ryobi RB18L25 Battery 18 V 2 5 Ah Lithium+ One+
DCB126-XJ,DeWalt,NEW,46.7,3,ON-SITE,DeWALT DCB126-XJ cordless tool battery / charger
DCB1104P2-QW,DeWalt,NEW,146.48,50,ON-SITE,DeWalt DCB1104P2-QW Set charger DCB1104 + 2 batteries DCB184 18 V 5 Ah
2.445-064.0,KARCHER,NEW,143.47,13,ON-SITE,Kärcher Power 36/25 Cylinder vacuum Battery & charger set
2.445-063.0,KARCHER,NEW,95.94,4,ON-SITE,Kärcher Power 18/50 Cylinder vacuum Battery & charger set
DWST83471,DeWalt,NEW,181.18,11,ON-SITE,TOUGHSYSTEM CHARGER DWST83471 2X4A DEWALT
6.296-226.0,KARCHER,NEW,5.43,200,ON-SITE,Kärcher RM 610N 1000 ml Liquid (ready to use)
6.296-225.0,KARCHER,NEW,6.61,200,ON-SITE,Kärcher RM 626N 1000 ml Liquid (ready to use)
4977642730465,HARIO,NEW,4.75,157,ON-SITE,HARIO V60-02 Clear Plastic Drip
25703,LEIFHEIT,NEW,15.34,121,ON-SITE,Leifheit 25703 paper towel holder Wall-mounted paper towel holder Grey White
2.633-130.0,KARCHER,NEW,8.4,82,ON-SITE,MICROFIBRE PAD FOR WV YELLOW KARCHER - 2.633-130.0
FIC-70-MC,HARIO,NEW,17.34,56,ON-SITE,HAIRO Cold Brew Tea Bottle with Filter
8002617007412,BIALETTI,NEW,11.93,56,ON-SITE,Bialetti DCDESIGN08 heat diffuser 1 pc(s)
4977642020290,HARIO,NEW,23.97,25,ON-SITE,Bialetti 0006367 coffee maker part/accessory Coffee filter
PC-EOS 1270,PROFICOOK,NEW,11.27,24,ON-SITE,ProfiCook PC-EOS 1270 oil/vinegar dispenser 0.1 L Stainless steel
88383,Medisana,NEW,22.55,22,ON-SITE,Mat for Bubble Bath MBH/BBS Medisana silver
V60-02,HARIO,NEW,15.62,20,ON-SITE,HARIO V60-02 White Ceramic Drip
2.863-329.0,KARCHER,NEW,9.3,14,ON-SITE,Kärcher 2.863-329.0 steam cleaner accessory Roller
6.295-842.0,KARCHER,NEW,6.88,12,ON-SITE,PATIO&DECK CLEANER KARCHER RM 564 - 500ML
6.296-227.0,KARCHER,NEW,9.59,10,ON-SITE,Stone & Facade Cleaner KARCHER RM 611 1l (6.296-227.0)
V60-01,HARIO,NEW,3.79,9,ON-SITE,HARIO V60-01 Clear Plastic Drip
6.295-358.0,KARCHER,NEW,10.72,8,ON-SITE,KARCHER PLASTIC CLEANER RM 625 - 5L
6.295-474.0,KARCHER,NEW,6.08,3,ON-SITE,GLASS CLEANER 3IN1 KARCHER RM 627 - 1L
6.295-875.0,KARCHER,NEW,8.07,1,ON-SITE,KARCHER LIQUID SKIMMER - 125ML FRUIT
172208,VILEDA,NEW,8.27,42,ON-SITE,Ironing Board Cover Vileda Comfort Plus
163263,VILEDA,NEW,13.61,30,ON-SITE,Ironing Board Cover Vileda Total Reflect
172217,VILEDA,NEW,9.37,24,ON-SITE,Ironing Board Cover Vileda Premium 2in1
172219,VILEDA,NEW,8.07,23,ON-SITE,Ironing Board Cover Vileda Park&Go
173333,VILEDA,NEW,10.16,8,ON-SITE,Ironing Board Cover Vileda Diamond
2.863-018.0,KARCHER,NEW,10.08,1,ON-SITE,Descaler filter in cartridge for KARCHER SC 3
2.863-021.0,KARCHER,NEW,15.83,11,ON-SITE,Kärcher 2.863-021.0 steam cleaner accessory
1051759,BRITA,NEW,15.4,200,ON-SITE,Brita MX+ Pro Pure Performance filter 3+1 pcs
1051763,BRITA,NEW,22.65,200,ON-SITE,Brita MX+ Pro Pure Performance filter 5+1 pcs
1051773,BRITA,NEW,16.85,200,ON-SITE,Brita Maxtra Pro Hard Water Expert filter 3+1 pc
P 1000,BRITA,NEW,37.18,197,ON-SITE,Water Filter Cartridge Brita P 1000 1 pc
1051753,BRITA,NEW,8.23,118,ON-SITE,Brita MX+ Pro Pure Performance filter 2 pcs
1051755,BRITA,NEW,12.26,83,ON-SITE,Brita MX+ Pro Pure Performance filter 3 pcs
1051750,BRITA,NEW,4.16,71,ON-SITE,Brita MX+ Pro Pure Performance filter 1 pcs
1051767,BRITA,NEW,8.69,33,ON-SITE,Brita Maxtra Pro Hard Water Expert filter 2 pc
1051765,BRITA,NEW,4.39,22,ON-SITE,Brita Maxtra Pro Hard Water Expert filter 1 pc
SER3017/ DLSC002,DeLonghi,NEW,6.29,200,ON-SITE,Filter for espresso machine DeLonghi SER3017 / DLS C002
CA6903/10,Philips,NEW,9.77,178,ON-SITE,Philips Same as CA6903/00 Calc and Water filter
TZ70003,Siemens,NEW,8.01,87,ON-SITE,Siemens TZ70003 water filter
TZ70033A,Siemens,NEW,18.68,25,ON-SITE,Siemens TZ70033A coffee maker part/accessory Water filter
CA6700/91,Philips,NEW,4.37,200,ON-SITE,Philips CA6700/91 descaler Domestic appliances Liquid (ready to use) 250 ml
754631600800,URNEX,NEW,13.02,200,ON-SITE,Urnex Grindz Grinder cleaning granules 430g
FR00013_1000,FRISCHER,NEW,6.2,187,ON-SITE,Kettle and coffee machine descaler Frischer 1l (concentrate)
12-E31-UX100-12,URNEX,NEW,7.53,121,ON-SITE,Urnex Cafiza E31 Cleaning tablet
TCZ8001A,BOSCH,NEW,7.57,100,ON-SITE,Bosch TCZ8001A coffee maker part/accessory Cleaning tablet
XS3000,Krups,NEW,7,96,ON-SITE,Krups XS300010 home appliance cleaner Coffee makers
TZ80002B,Siemens,NEW,7.34,68,ON-SITE,Siemens TZ80002 coffee maker part/accessory
5513296011,DeLonghi,NEW,4.9,68,ON-SITE,De’Longhi EcoDecalk 2x100ml Coffee makers 100 ml
FR00016_30,FRISCHER,NEW,5.1,28,ON-SITE,Frischer coffee machine cleaning tablets 30 pcs.
CA6704/10,Philips,NEW,3.92,28,ON-SITE,Philips Same as CA6704/60 Coffee oil remover tablets
TZ80001B,Siemens,NEW,7.31,24,ON-SITE,Siemens TZ80001N home appliance cleaner Coffee makers
FR00148_1000,FRISCHER,NEW,8.97,12,ON-SITE,Frischer milk system cleaner 1l
FR00013_250,FRISCHER,NEW,3.09,8,ON-SITE,Descaler for automatic coffee machines Frischer 0 25l (concentrate)
12-C26-00,URNEX,NEW,5.42,3,ON-SITE,Urnex Cafiza2 Cleaning tablet
1052398,BRITA,NEW,15.89,200,ON-SITE,Replacement cartridge Brita ON TAP V-MF (CU CE2)
1052067,BRITA,NEW,32.08,8,ON-SITE,Brita ON TAP V CU CE2 Tap Filter System
1052076,BRITA,NEW,49.46,7,ON-SITE,Brita ON TAP PRO V-MF Tap Filter System
1009277,BRITA,NEW,65.7,7,ON-SITE,Filter Cartridge for tap system Brita P3000
1052385,BRITA,NEW,12.77,3,ON-SITE,Replacement cartridge Brita ON TAP V (CU CE2)
SH91/50,Philips,NEW,30.51,200,ON-SITE,Philips SHAVER Series 9000 Precision blades* Replacement shaving heads
QP225/50,Philips,NEW,14.59,200,ON-SITE,Philips Norelco OneBlade OneBlade QP225/50 Replacement blade
QP430/50,Philips,NEW,20.35,200,ON-SITE,Philips Norelco OneBlade OneBlade QP430/50 Replacement blade
QP410/50,Philips,NEW,10.98,94,ON-SITE,Philips Norelco OneBlade OneBlade QP410/50 Replacement blade
QP420/50,Philips,NEW,15.92,75,ON-SITE,Philips Norelco OneBlade OneBlade 360 QP420/50 Replacement blade 2 pack
QP420/50,Philips,NEW,16.18,67,ON-SITE,Philips Norelco OneBlade OneBlade 360 QP420/50 Replacement blade 2 pack
SH30/50,Philips,NEW,16.71,56,ON-SITE,Philips SHAVER Series 3000 ComfortCut blades Fits S3000 (S3xxx) Shaving heads
FXRF2GE,Babyliss,NEW,14.88,46,ON-SITE,BABYLISS FXRF2GE shaving head
FXRF2GSE,Babyliss,NEW,15.44,36,ON-SITE,Shaver head for BABYLISS FXRF2GSE razors
FX707ZGSE,Babyliss,NEW,22.08,23,ON-SITE,Shaver head for BABYLISS FXRF2GSE razors
L9846153,Tefal,NEW,14.71,20,ON-SITE,Glass Lid TEFAL INGENIO 16 cm L9846153
L9846253,Tefal,NEW,17.35,19,ON-SITE,Glass Lid TEFAL INGENIO 18 cm L9846253
28097712,Tefal,NEW,16.73,15,ON-SITE,Tefal 280977 pan lid Transparent
28097612,Tefal,NEW,14.84,11,ON-SITE,Tefal 28097612 pan lid Round Black Stainless steel Transparent
L9846653,Tefal,NEW,19.07,1,ON-SITE,Glass Lid TEFAL INGENIO 26 cm L9846653
FR00055,FRISCHER,NEW,2.27,19,ON-SITE,Frischer refrigerator odour absorber
DXVCS003,DeWalt,NEW,70.79,200,ON-SITE,DEWALT 38L DXVCS003 Cyclone Dust Collector
DXVCS002,DeWalt,NEW,57.23,92,ON-SITE,DEWALT DXVCS002 Cyclone Dust Collector
BBZ154HF,BOSCH,NEW,8.32,37,ON-SITE,Bosch BBZ154HF vacuum accessory/supply
2.863-238.0,KARCHER,NEW,9.02,35,ON-SITE,Kärcher 2.863-238.0 vacuum accessory/supply Cylinder vacuum Filter
2.863-301.0,KARCHER,NEW,0.67,25,ON-SITE,HEPA filter KARCHER 12 VC 4i 2.863-301.0
2.863-239.0,KARCHER,NEW,9.9,19,ON-SITE,Kärcher 2.863-239 vacuum accessory/supply Handheld vacuum Filter
BBZ153HF,BOSCH,NEW,8.09,14,ON-SITE,Bosch BBZ153HF vacuum accessory/supply
2.863-005.0,KARCHER,NEW,11.6,13,ON-SITE,Kärcher 2.863-005.0 vacuum accessory/supply
6.414-963.0,KARCHER,NEW,13.52,6,ON-SITE,Kärcher 6.414-963.0 vacuum accessory/supply
2.863-327.0,KARCHER,NEW,11.79,1,ON-SITE,Cartridge filter KARCHER for the WD 1 and WD 1 Classic workshop vacuum cleaners (2.863-327.0)
2.863-319.0,KARCHER,NEW,8.51,1,ON-SITE,Kärcher 2.863-319.0 vacuum accessory/supply Filter
2.863-260.0,KARCHER,NEW,13.86,41,ON-SITE,Kärcher Parquet nozzle
2.863-401.0,KARCHER,NEW,17.47,36,ON-SITE,Limescale cleaning roller for KARCHER KFL 1 FCV 2 FCV 3 - 2.863-401.0
2.863-322.0,KARCHER,NEW,48.73,8,ON-SITE,Kärcher 2.863-322.0 vacuum accessory/supply Nozzle Stick vacuum
2.863-316.0,KARCHER,NEW,10.72,6,ON-SITE,Kärcher 2.863-316.0 vacuum accessory/supply Nozzle Universal
2.863-398.0,KARCHER,NEW,6.48,5,ON-SITE,Kärcher 2.863-398.0 vacuum accessory/supply Nozzle Universal
2.863-264.0,KARCHER,NEW,8.03,49,ON-SITE,Kärcher 2.863-264.0 steam cleaner accessory Brush kit
2.885-018.0,KARCHER,NEW,17.92,41,ON-SITE,Kärcher Upholstery nozzle Garden water spray nozzle White
2.055-006.0,KARCHER,NEW,15.27,33,ON-SITE,Kärcher 2.055-006.0 vacuum accessory/supply Handheld vacuum Roller brush set
2.863-090.0,KARCHER,NEW,31.52,12,ON-SITE,Kärcher 2.863-090.0 vacuum accessory/supply Turbo brush Handheld vacuum
2.863-356.0,KARCHER,NEW,21.24,4,ON-SITE,Kärcher 2.863-356.0 vacuum accessory/supply Brush Cylinder vacuum
BHZUHFN,BOSCH,NEW,60.55,3,ON-SITE,Bosch BHZUHFN vacuum accessory/supply Nozzle Handheld vacuum
BBZAFGALL,BOSCH,NEW,9.19,178,ON-SITE,Bosch BBZAFGALL vacuum accessory/supply Universal Dust bag
BBZ41FGALL,BOSCH,NEW,7.15,170,ON-SITE,Bosch BBZ41FGALL vacuum accessory/supply
BBZWD4BAG,BOSCH,NEW,4.1,139,ON-SITE,Bosch BBZWD4BAG vacuum accessory/supply Cylinder vacuum Dust bag
6.904-322.0,KARCHER,NEW,6.93,128,ON-SITE,Kärcher 6.904-322.0 vacuum accessory/supply
604015,Numatic,NEW,10.52,97,ON-SITE,Numatic HEPA-flo NVM1CH 9L bags for vacuum cleaners Henry Hetty Harry 10 pcs
2.863-314.0,KARCHER,NEW,8.28,49,ON-SITE,Karcher fleece bags WD 2 Plus/WD3 (4 pcs.)
2.863-236.0,KARCHER,NEW,8.79,3,ON-SITE,Kärcher 2.863-236 vacuum accessory/supply Handheld vacuum Filter
BBZ41FK,BOSCH,NEW,6.25,2,ON-SITE,Bosch BBZ41FK vacuum accessory/supply
2.863-234.0,KARCHER,NEW,17.12,7,ON-SITE,KARCHER Dust Extractor for (W&D 2 - W&D 6) - 2.863-234.0
FR00068,FRISCHER,NEW,2.43,2,ON-SITE,Fragrance refill for vacuum cleaner mix of 5 fragrances Frischer 5 pcs.
VS1199X,FoodSaver,NEW,47.32,4,ON-SITE,FoodSaver VS1199X manual vacuum sealer
FSR2802-I,FoodSaver,NEW,15.9,10,ON-SITE,FoodSaver FSR2802 vacuum sealer accessory Vacuum sealer roll
FSR2002-I,FoodSaver,NEW,14.1,4,ON-SITE,FoodSaver Vacuum sealer roll FSR2002
FSB3202-I,FoodSaver,NEW,16.42,1,ON-SITE,FoodSaver Vacuum packaging bags 32 pc(s)
AT340,KENWOOD,NEW,82.42,64,ON-SITE,Attachment Kenwood AT340
MUZ5MX1,BOSCH,NEW,20.12,32,ON-SITE,Bosch MUZ5MX1 mixer/food processor accessory
KAH65.000PL,KENWOOD,NEW,85.56,31,ON-SITE,Kenwood KAH65.000PL Blender attachment
MFZ4060,BOSCH,NEW,16.7,20,ON-SITE,Bosch MFZ4060 mixer/food processor accessory
MUZ45RS1,BOSCH,NEW,11.14,18,ON-SITE,Bosch MUZ45RS1 mixer/food processor accessory
MUZ5VL1,BOSCH,NEW,41.67,14,ON-SITE,Bosch MUZ5VL1 mixer/food processor accessory
MUZ45KP1,BOSCH,NEW,6.28,10,ON-SITE,Bosch MUZ45KP1 mixer/food processor accessory
MUZ 45XCG1,BOSCH,NEW,44.94,9,ON-SITE,Bosch MUZ45XCG1 mixer/food processor accessory
MUZ5MM1,BOSCH,NEW,65.4,8,ON-SITE,Bosch MUZ5MM1 mixer/food processor accessory
MUZ45PS1,BOSCH,NEW,9.58,7,ON-SITE,Bosch MUZ45PS1 mixer/food processor accessory
MUZ9KR1,BOSCH,NEW,16.9,6,ON-SITE,Bosch MUZ9KR1 mixing bowl
MUZ5ZP1,BOSCH,NEW,14.34,6,ON-SITE,Bosch MUZ5ZP1 mixer/food processor accessory
MUZ5EB2,BOSCH,NEW,59.63,5,ON-SITE,Bosch MUZ5EB2 mixer/food processor accessory
MUZ5NV1,BOSCH,NEW,65.34,4,ON-SITE,Bosch MUZ5NV1 pasta/ravioli maker accessory 1 pc(s) Chrome Steel
MUZ 5PP1,BOSCH,NEW,107.25,4,ON-SITE,Bosch MUZ5PP1 mixer/food processor accessory
MUZ9ER1,BOSCH,NEW,50.97,3,ON-SITE,Bosch MUZ9ER1 mixing bowl
MUZ45LS2,BOSCH,NEW,11.27,3,ON-SITE,Bosch MUZ45LS2 mincer accessory
MUZS2BS,BOSCH,NEW,60.88,3,ON-SITE,Bosch MUZS2BS mincer accessory
MUZS2EB,BOSCH,NEW,63.23,3,ON-SITE,Bosch MUZS2EB ice cream maker 0.55 L White
MUZS2ER,BOSCH,NEW,45.24,3,ON-SITE,Bosch MUZS2ER mixer/food processor accessory Bowl
MUZ9PP2,BOSCH,NEW,23.91,2,ON-SITE,Bosch MUZ9PP2 mincer accessory
MUZ9SV1,BOSCH,NEW,11.6,2,ON-SITE,Bosch MUZ9SV1 mixer/food processor accessory
MUZ5GM1,BOSCH,NEW,63.38,2,ON-SITE,Equipment MUM5 BOSCH MUZ 5GM1
MUZ5ER2,BOSCH,NEW,40.57,2,ON-SITE,Bosch MUZ5ER2 mixer/food processor accessory
MUZ 5BS1,BOSCH,NEW,56.17,1,ON-SITE,Bosch MUZ5BS1 food processor White
2.269-643.0,KARCHER,NEW,180.17,1,ON-SITE,Kärcher Suction station RCV 5
QP440/50,Philips,NEW,28.11,200,ON-SITE,Philips Norelco OneBlade OneBlade QP440/50 360 Replacement blade
HX6066/87,Philips,NEW,24.18,80,ON-SITE,Philips Optimal White HX6066/87 6-pack brush heads
HX6066/88,Philips,NEW,24.1,79,ON-SITE,Philips Optimal White HX6066/88 6-pack brush heads
ORO-SONIC WHITE,oromed,NEW,6.52,28,ON-SITE,Oromed ORO-SONIC WHITE sonic toothbrush heads 2 pieces
FR00019_500,FRISCHER,NEW,2.13,12,ON-SITE,Frischer dishwasher rinse aid 0.5l
FR00206_20_16g,FRISCHER,NEW,5.88,1,ON-SITE,Frischer dishwasher cleaning tablets 20 pcs.
FR00101_1200,FRISCHER,NEW,2.2,24,ON-SITE,Frischer dishwasher salt 1.2 kg
CR 4519,Adler,NEW,16.67,4,ON-SITE,Camry Premium CR 4519 yogurt maker 1.4 L 20 W
1039628,BRITA,NEW,8.42,200,ON-SITE,Water Filter Discs Brita MicroDisc 3 pc(s)
1052262,BRITA,NEW,9.29,31,ON-SITE,Brita Vital blue 2-disc filter bottle
1052251,BRITA,NEW,8.64,28,ON-SITE,Brita Active green 2-disc filter bottle
1052263,BRITA,NEW,9.29,24,ON-SITE,Brita Vital green 2-disc filter bottle
1052264,BRITA,NEW,9.25,23,ON-SITE,Brita Vital peach 2-disc filter bottle
1052250,BRITA,NEW,9.09,6,ON-SITE,Brita Active blue 2-disc filter bottle
ES9140020B,BLACK+DECKER,NEW,60.07,30,ON-SITE,Breadmaking machine Black+Decker BXBM600E
PF611838,Tefal,NEW,155.44,9,ON-SITE,Tefal PF611838 bread maker 1600 W Black
TWK70B03,BOSCH,NEW,49.29,196,ON-SITE,Bosch TWK70B03 electric kettle 1.7 L 2400 W Black Transparent
KBOV2001.GR,DeLonghi,NEW,52.49,194,ON-SITE,DeLonghi KBOV 2001.GR electric kettle 1.7 L Green 2000 W
HD9318/00,Philips,NEW,20.43,162,ON-SITE,Philips HD9318/00 electric kettle 1.7 L 2200 W White
KBOV2001.BG,DeLonghi,NEW,53.23,159,ON-SITE,DeLonghi KBOV 2001.BG electric kettle 1.7 L Beige 2000 W
TWK3P420,BOSCH,NEW,32.11,142,ON-SITE,Bosch TWK3P420 electric kettle 1.7 L 2400 W Black Stainless steel
HD9318/70,Philips,NEW,20.73,102,ON-SITE,Electric kettle 1.7 L 2200 W PHILIPS HD 9318/70 White
MR-067,Maestro,NEW,22.25,82,ON-SITE,Feel-Maestro MR067 electric kettle 1.2 L 1200 W White
1230000201308,FELLOW,NEW,121.36,75,ON-SITE,Fellow Corvo EKG PRO electric kettle matte black
MR-035-BLACK,Maestro,NEW,10.46,64,ON-SITE,MAESTRO electric kettle 1 7 l MR-035-BLACK
MR-024-GREY,Maestro,NEW,17.38,64,ON-SITE,Maestro MR-024-GREY electric kettle
TWK1M127,BOSCH,NEW,27.84,63,ON-SITE,Bosch Kettle TWK 1M127
MR-080N,Maestro,NEW,28.8,62,ON-SITE,Water heater MAESTRO MR-080N 750W 4.5 L
RK3304,CONCEPT,NEW,43.46,61,ON-SITE,CONCEPT Electric Kettle RK3304
MR-010,Maestro,NEW,7.63,54,ON-SITE,Feel-Maestro MR010 electric kettle 0.6 L Blue White 600 W
MR-027,Maestro,NEW,12.53,53,ON-SITE,MAESTRO MR-027 electric kettle 1.2 L 1630 W Steel Black
MR-029New,Maestro,NEW,12.28,51,ON-SITE,Electric kettle MAESTRO MR-029NEW 1l Stainless steel 1600 W
1230000201056,FELLOW,NEW,126.44,49,ON-SITE,FELLOW STAGG EKG PRO WHITE MATT ELECTRIC KETTLE
MR-068-FLOWERS,Maestro,NEW,23.38,48,ON-SITE,Ceramic electric kettle MAESTRO MR-068 1 5L 1500W (MR-068-FLOWERS)
MR-023-WHITE,Maestro,NEW,17.24,47,ON-SITE,Electric kettle Maestro MR-023 (MR-023-WHITE) White
MR-009-MINT,Maestro,NEW,12.34,46,ON-SITE,Electric kettle / travel pot Maestro MR-009 0.8 L 600 W (MR-009-MINT) Mint
MR-035-WHITE,Maestro,NEW,10.75,46,ON-SITE,MAESTRO electric kettle 1 7l MR-035-WHITE
MR-037-BLACK,Maestro,NEW,13.06,46,ON-SITE,Maestro MR-037 electric kettle 1.7 L 1800 W (MR-037-BLACK) Black
MR-066 red,Maestro,NEW,22.57,45,ON-SITE,Feel-Maestro MR-066-RED FLOWERS electric kettle 1.5 L 1200 W Red White
MR-012-BEIGE,Maestro,NEW,8.9,44,ON-SITE,MAESTRO MR-012-BEIGE electric kettle 1 L 1100 W Beige White
MR-081,Maestro,NEW,30.89,44,ON-SITE,Water Boiler MAESTRO MR-081 4.5 L 750 W
MR-084,Maestro,NEW,28.02,44,ON-SITE,Maestro MR-084 steamer pot 4.5 L Stainless steel White
CB-1701B,Ravanson,NEW,16.26,43,ON-SITE,Ravanson CB-1701B electric kettle 1.7 L 2200 W Black
MR-022-BLACK,Maestro,NEW,10.91,41,ON-SITE,Maestro MR-022 electric kettle 2.2 L 2200 W (MR-022-BLACK) Black
MR-082,Maestro,NEW,27.5,41,ON-SITE,Water Boiler MAESTRO MR-082 3.3 L 750 W
MR-012-GREY,Maestro,NEW,8.9,41,ON-SITE,Electric Kettle MAESTRO MR-012-GREY 1 L 1100 W
KLF04RDEU,SMEG,NEW,129.34,40,ON-SITE,Smeg KLF04RDEU Electric kettle 1.7 l 2400 W Red
MR-072,Maestro,NEW,25.1,39,ON-SITE,MAESTRO MR-072 electric kettle 1 L 1200 W White
MR-065-BEIGE,Maestro,NEW,12.19,38,ON-SITE,Maestro MR-065 electric kettle 1.7 L 2200 W (MR-065-BEIGE) Beige
MR-028-GREEN,Maestro,NEW,8.94,37,ON-SITE,Maestro MR-028-Green Electric Kettle 1 L
MR-045-BLAC,Maestro,NEW,11.61,36,ON-SITE,Electric Kettle 1.7L 2200W MR-045-BLACK MAESTRO
TWK1M124,BOSCH,NEW,27.92,36,ON-SITE,Bosch MyMoment electric kettle 1.7 L 2400 W Red
5KEK1701EAC,KitchenAid,NEW,121.34,34,ON-SITE,KitchenAid 5KEK1701EAC electric kettle 1.7 L 2400 W Cream
MR-024-WHITE,Maestro,NEW,17.52,34,ON-SITE,Electric kettle Maestro MR-024 (MR-024-WHITE) White
MR-009-BEIGE,Maestro,NEW,11.54,33,ON-SITE,Electric kettle / travel pot Maestro MR-009 0.8 L 600 W (MR-009-BEIGE) Beige
442.2,SMAPP,NEW,33.72,32,ON-SITE,1.7L cordless kettle SMAPP Black
TWK1M123,BOSCH,NEW,26.55,31,ON-SITE,Bosch TWK1M123 electric kettle 1.7 L 2400 W Black
TWK7L460,BOSCH,NEW,31.8,31,ON-SITE,Bosch TWK7L460 electric kettle 1.7 L 2400 W Stainless steel
5KEK1522EIB,KitchenAid,NEW,141.75,31,ON-SITE,KitchenAid 5KEK1522EIB electric kettle 1.5 L 2400 W Blue
KLF04PGEU,SMEG,NEW,129.33,31,ON-SITE,Smeg KLF04PGEU Electric kettle 1.7 l 2400 W Green
26300-70,Russel Hobbs,NEW,28.98,30,ON-SITE,Russell Hobbs 26300-70 electric kettle 1.7 L 2400 W Stainless steel
63431,PROFICOOK,NEW,16.57,28,ON-SITE,ProfiCook PC-WKS 1229 G electric kettle 1 L 1600 W Stainless steel Transparent
1230000201384,FELLOW,NEW,152.9,27,ON-SITE,FELLOW STAGG EKG PRO BLACK MATT ELECTRIC KETTLE
5KEK1701ESX,KitchenAid,NEW,121.54,27,ON-SITE,KitchenAid 5KEK1701ESX electric kettle 1.7 L 2400 W Stainless steel
KI605830,Tefal,NEW,35.28,26,ON-SITE,Tefal Glass Kettle KI605830 electric kettle 1.7 L 2200 W Black Silver Transparent
MR-055-BLACK,Maestro,NEW,10.67,26,ON-SITE,MAESTRO MR-055 electric kettle 1 L 1100 W (MR-055-BLACK) Black
MR-037-GREY,Maestro,NEW,14.19,25,ON-SITE,Maestro MR-037 electric kettle 1.7 L 1800 W (MR-037-GREY) Grey
MR-068-MOSAIC,Maestro,NEW,23.91,25,ON-SITE,Ceramic electric kettle MAESTRO MR-068 1 5L 1500W (MR-068-MOSAIC)
1220000880627,FELLOW,NEW,152.91,25,ON-SITE,Fellow Stagg EKG PRO 900ml electric kettle in stone blue with a walnut-coloured handle
MR-066-PORTO,Maestro,NEW,25.93,24,ON-SITE,MAESTRO MR-066-PORTO Ceramic electric kettle
KI772D38,Tefal,NEW,31.29,24,ON-SITE,Tefal KI772D electric kettle 1.7 L 2400 W Stainless steel Transparent
KI583C10,Tefal,NEW,36.69,24,ON-SITE,Tefal KI583C copper electric kettle
TWK3M127,BOSCH,NEW,38.93,23,ON-SITE,Bosch TWK3M127 MyMoment 2400 W electric kettle beige
TWK1M121,BOSCH,NEW,26.55,23,ON-SITE,Bosch TWK1M121 electric kettle 1.7 L 2400 W White
MR-026-BLACK,Maestro,NEW,13.08,22,ON-SITE,1.7L electric kettle MR-026-BLACK MAESTRO
TWK7L464a,BOSCH,NEW,37.63,21,ON-SITE,Electric kettle Bosch TWK 7L464 2400 W 1.7 l Red
RK2390,CONCEPT,NEW,16.22,21,ON-SITE,Concept RK-2390 Electric kettle 1.7 L 2200 W
RK3370,CONCEPT,NEW,35.88,20,ON-SITE,ELECTRIC KETTLE RK3370 CONCEPT
MR-026-WHITE,Maestro,NEW,12.89,20,ON-SITE,Electric kettle Maestro MR-026 (MR-026-WHITE) White
1230000201148,FELLOW,NEW,146.98,20,ON-SITE,Fellow Stagg EKG Pro 0.9L green electric kettle
ADD6920BK/10,Philips,NEW,455.37,19,ON-SITE,PHILIPS ADD6920BK/10 water dispenser
TWK2M161,BOSCH,NEW,31,19,ON-SITE,Bosch TWK2M161 electric kettle 1.7 L 2400 W White
KO2508,Tefal,NEW,26.11,19,ON-SITE,Tefal KO2508 electric kettle 1.7 L 2400 W
5KEK1522EPT,KitchenAid,NEW,142.48,18,ON-SITE,KitchenAid 5KEK1522EPT electric kettle 1.5 L 2400 W Green
WK 3835,Clatronic,NEW,8.37,18,ON-SITE,Clatronic WK 3835 electric kettle 1.7 L 2200 W White
MR-075,Maestro,NEW,31.43,18,ON-SITE,MAESTRO MR-075 ceramic electric kettle
MR-069-WHITE,Maestro,NEW,24,18,ON-SITE,MAESTRO MR-069 electric kettle 1 5 l 1500W (MR-069-WHITE)
MR-076,Maestro,NEW,30.08,16,ON-SITE,Maestro MR-076 electric kettle 1.8 L 1800 W White Wood
MR-058-WHITE,Maestro,NEW,9.4,16,ON-SITE,Maestro MR-058-White Electric Kettle 1 8 L
MR-031-BLUE,Maestro,NEW,10.02,16,ON-SITE,Electric Kettle MAESTRO MR-031-BLUE 1.7 L 2200 W
442.1,SMAPP,NEW,33.7,16,ON-SITE,Cordless kettle 1.7L SMAPP White
WK 3834,Clatronic,NEW,7.65,16,ON-SITE,Clatronic WK 3834 electric kettle 1 L 900 W White
MR-070,Maestro,NEW,23.01,15,ON-SITE,Feel-Maestro MR070 electric kettle 1.2 L 1200 W White
MR-030-WHITE,Maestro,NEW,13.24,15,ON-SITE,Maestro MR-030-White Electric Kettle 1.7 L 2200 W
WK 3834,Clatronic,NEW,7.85,15,ON-SITE,Clatronic WK 3834 electric kettle 1 L 900 W Black
1220000880573,FELLOW,NEW,152.83,14,ON-SITE,Fellow Stagg EKG PRO 900ml electric kettle in sesame beige with a wooden handle
MR-069-BLACK,Maestro,NEW,22.41,14,ON-SITE,Maestro MR-069 electric kettle 1.5 L 1500 W Black
MR-055-WHITE,Maestro,NEW,10.94,14,ON-SITE,MAESTRO MR-055 electric kettle 1 L 1100 W (MR-055-WHITE) White
AD 1354,Adler,NEW,23.12,14,ON-SITE,Adler AD 1354 Hotel kettle stainless steel 1.2 L + tray with cups black steel
5KEK1701EPT,KitchenAid,NEW,121.53,14,ON-SITE,KitchenAid 5KEK1701EPT electric kettle 1.7 L 2400 W Green
MR-073,Maestro,NEW,23.88,13,ON-SITE,Maestro MR-073 electric kettle 1.2 L 1200 W White
MR-056-GREY,Maestro,NEW,10.46,13,ON-SITE,Maestro MR-056-Grey Glass Electric Kettle 1.7 L
MR-028-BLUE,Maestro,NEW,8.68,13,ON-SITE,Maestro MR-028-Blue Electric Kettle 1 L
5KEK1701EBM,KitchenAid,NEW,121.53,13,ON-SITE,KitchenAid 5KEK1701EBM electric kettle 1.7 L 2400 W Black
KI831E10,Tefal,NEW,51.14,12,ON-SITE,Tefal Digit KI831E10 electric kettle 1.7 L Black
RK3385,CONCEPT,NEW,27.54,12,ON-SITE,Concept RK-3385 Electric kettle 1.7 L 2200 W Black
KO355AE0,Tefal,NEW,28.73,12,ON-SITE,Tefal Soleil KO355AE0 electric kettle 1.7 L 2400 W White
KI871DE0,Tefal,NEW,55.65,12,ON-SITE,Tefal Selection KI871DE0 electric kettle 1.7 L 1500 W Black Stainless steel
MR-033-BLACK,Maestro,NEW,9.4,11,ON-SITE,MAESTRO MR-033 black electric kettle
AD 1372w,Adler,NEW,12.26,11,ON-SITE,ADLER AD 1372w electric kettle white
BHR9036EU,Xiaomi,NEW,16.63,11,ON-SITE,Xiaomi Electric Kettle 2 Lite
AD 1203,Adler,NEW,13.93,11,ON-SITE,Adler AD 1203 electric kettle 1 L Silver 1630 W
KI513D10,Tefal,NEW,28.73,11,ON-SITE,TEFAL BRONX 1.7l electric kettle KI513D
MR-033-WHITE,Maestro,NEW,9.62,10,ON-SITE,Electric kettle 1.7l 2200W MAESTRO MR-033-WHITE
MR-013-GREEN,Maestro,NEW,9.49,10,ON-SITE,Electric kettle MAESTRO MR013 1 L 1100 W (MR-013-GREEN) Green White
MR-050,Maestro,NEW,14.17,10,ON-SITE,Maestro MR-050 Electric Kettle 1.7 L Stainless Steel
MR-052-BLUE,Maestro,NEW,11.68,10,ON-SITE,Maestro MR-052-BLUE Electric glass kettle blue 1.7 L
AD 1349,Adler,NEW,32.02,10,ON-SITE,Adler AD 1349 Electric kettle with long spout 1.0L Black
442.3,SMAPP,NEW,33.73,10,ON-SITE,Cordless kettle 1.7L SMAPP Graphite
TWK4M227,BOSCH,NEW,41.35,10,ON-SITE,Bosch MyMoment electric kettle 1.7 L 2400 W Cream
MR-053-BLACK,Maestro,NEW,11.92,9,ON-SITE,Maestro MR053 electric kettle 1.7 L 2200 W Black Transparent
WK 3835,Clatronic,NEW,8.19,9,ON-SITE,Clatronic WK 3835 electric kettle 1.7 L 2200 W Black
MR-071-BLACK,Maestro,NEW,21.19,8,ON-SITE,Electric kettle MAESTRO MR-071 1 l Black
AD 1305gs,Adler,NEW,20.08,8,ON-SITE,ADLER AD 1305 electric kettle grey silver
AD 1350,Adler,NEW,19.34,8,ON-SITE,Adler AD 1350 1.7L temperature-controlled LED electric kettle Black
TWK2M167,BOSCH,NEW,30.62,7,ON-SITE,Bosch Kettle TWK 2M167
AD 1341,Adler,NEW,25.62,7,ON-SITE,Electric kettle ADLER AD 1341
RK3300,CONCEPT,NEW,48,7,ON-SITE,Stainless Steel Kettle White 1.5 l Salt & Pepper Concept RK3300
MR-065-GREY,Maestro,NEW,12.05,7,ON-SITE,Maestro MR-065 electric kettle 1.7 L 2200 W (MR-065-GREY) Grey
RK2380,CONCEPT,NEW,13.81,7,ON-SITE,Concept RK2380 electric kettle 1.7 L 2200 W White
RK2381,CONCEPT,NEW,13.81,7,ON-SITE,Concept RK2381 electric kettle 1.7 L 2200 W Black
RK2375,CONCEPT,NEW,19.53,7,ON-SITE,ELECTRIC KETTLE RK2375 CONCEPT
5KEK1522EMS,KitchenAid,NEW,144.35,7,ON-SITE,KitchenAid 5KEK1522EMS electric kettle 1.5 L 2400 W Grey
MR-058-BLACK,Maestro,NEW,9.78,6,ON-SITE,Maestro MR-058-Black Electric Kettle 1 8 L
ES9580090B,BLACK+DECKER,NEW,38.02,6,ON-SITE,Black+Decker electric kettle BXKE2206E
AD 1244,Adler,NEW,11.12,6,ON-SITE,Adler AD 1244 electric kettle 2.5 L 2200 W white and blue
CR 1255w,Adler,NEW,10.15,6,ON-SITE,Camry Premium CR 1256 electric kettle 1.7 L 2000 W White
CR 1265,Adler,NEW,12.67,6,ON-SITE,Camry Premium CR 1265 electric kettle 0.5 L 750 W Black Green
958569000,taurus,NEW,31.21,6,ON-SITE,Taurus VINTAGE COMPACT electric kettle 1 L 2400 W Cream
AD 1345w,Adler,NEW,31.4,6,ON-SITE,ADLER AD 1345W ELECTRIC KETTLE WHITE
TWK2M164,BOSCH,NEW,30.66,6,ON-SITE,Bosch TWK2M164 electric kettle 1.7 L 2400 W Black Grey Red
ADD5962BK/10,Philips,NEW,332.05,6,ON-SITE,Philips ADD5962BK/10 water filter Dispenser water filter 3.8 L Black
ADD6901HBK01/10,Philips,NEW,291.43,6,ON-SITE,Philips ADD6901HBK01/10 water filter Dispenser water filter 4 L Black
AD 1295g,Adler,NEW,23.72,5,ON-SITE,Adler AD 1295 Steel kettle 1.7 l Satin grey
AD 1352,Adler,NEW,22.28,5,ON-SITE,ADLER AD 1352 electric kettle
AD 1385b,Adler,NEW,11.96,5,ON-SITE,ADLER 1385B BLACK WHITE ELECTRIC KETTLE
MS 1307,Adler,NEW,12.04,5,ON-SITE,Mesko MS 1307 Glass Electric Kettle 1.8 L
MR-052-WHITE,Maestro,NEW,11.86,5,ON-SITE,Maestro MR-052 Electric glass kettle 1.7 L (MR-052-WHITE) White
958576000,taurus,NEW,31.16,5,ON-SITE,Taurus Vintage Compact Olive 1l Electric Kettle 958576000
AD 1277 w,Adler,NEW,14.75,5,ON-SITE,Adler AD 1277 W electric kettle 1.7 L 2200 W White
AD 1274,Adler,NEW,13.54,5,ON-SITE,Adler AD 1274 B electric kettle 1.7 L White Transparent 2200 W
CR 1291,Adler,NEW,23.21,5,ON-SITE,Camry CR 1291 electric kettle 1.7 L Stainless steel 2200 W
AD1223,Adler,NEW,15.66,5,ON-SITE,Adler AD 1223 electric kettle 1.7 L Black Stainless steel 2200 W
ES9580110B,BLACK+DECKER,NEW,43.55,5,ON-SITE,Black+Decker electric kettle BXKE2205E
MR-025-IVORY,Maestro,NEW,19.49,5,ON-SITE,Maestro MR-025-IVORY electric kettle
MR-061-BLACK,Maestro,NEW,11.66,5,ON-SITE,Electric kettle MAESTRO MR-061 (MR-061-BLACK) Black
MR-078,Maestro,NEW,23.03,5,ON-SITE,Maestro MR-078 Electric kettle 1.8 l Grey
264023,Clatronic,NEW,8.93,5,ON-SITE,Clatronic WK 3819 electric kettle 1.7 L 2200 W Black
AD 1357,Adler,NEW,75.9,5,ON-SITE,Hot Water Dispenser ADLER AD 1357 2.5 L Black
KO2501,Tefal,NEW,26.64,5,ON-SITE,Tefal KO250130 electric kettle 1.7 L 2400 W White
5KEK1701EER,KitchenAid,NEW,121.81,4,ON-SITE,KitchenAid 5KEK1701EER electric kettle 1.7 L 2400 W Red
TWK7L467,BOSCH,NEW,37.65,4,ON-SITE,Bosch TWK7L467 electric kettle 1.7 L 2400 W Champagne
MR-077,Maestro,NEW,24.35,4,ON-SITE,Ceramic electric kettle MAESTRO MR-077 1.5l 1500W Grey
CR 1290,Adler,NEW,20.57,4,ON-SITE,Camry CR 1290 electric kettle
CR 1253,Adler,NEW,21.49,4,ON-SITE,Camry CR 1253 electric kettle 1.7 L Stainless steel 2200 W
MR-074-GOLD,Maestro,NEW,20.15,4,ON-SITE,MAESTRO MR-074-GOLD ceramic electric kettle
MR-037-BLUE,Maestro,NEW,11.19,4,ON-SITE,Maestro MR-037 (MR-037-BLUE) Electric kettle 1 2 L 1630 W Blue
PC-WK 1328,PROFICOOK,NEW,20.59,4,ON-SITE,ProfiCook PC-WK 1328 electric kettle 1.7 L 2200 W Black Transparent
AD 1349w,Adler,NEW,32.24,4,ON-SITE,Electric kettle ADLER AD 1349w with long spout 1.0L White
MS 1301w,Adler,NEW,19.24,4,ON-SITE,MESKO MS 1301W electric kettle
CB-7015,Ravanson,NEW,8.77,4,ON-SITE,Electric Kettle Ravanson CB-7015 (1800W; 1 8l; black)
AD 1347w,Adler,NEW,24.54,3,ON-SITE,ADLER AD 1347w electric kettle white
AD 1277 b,Adler,NEW,14.85,3,ON-SITE,Adler AD 1277 B electric kettle 1.7 L 2200 W Black
AD 1247,Adler,NEW,21.68,3,ON-SITE,Adler AD 1247 NEW electric kettle 1.7 L Hazelnut Stainless steel Transparent 2200 W
MR-061-WHITE,Maestro,NEW,11.66,3,ON-SITE,Maestro MR061 electric kettle 1.7 L 2200 W Transparent White
72201,KOHERSEN,NEW,32.97,3,ON-SITE,Kohersen Modern Matt electric kettle A451 black
AD 1377w,Adler,NEW,11.11,2,ON-SITE,Silicone kettle ADLER AD 1377w White
MR-063-BLACK,Maestro,NEW,10.06,2,ON-SITE,Maestro MR-063-Black Glass Electric Kettle 1 7 L
RK7030,CONCEPT,NEW,9.62,2,ON-SITE,RK7030 CONCEPT Camping Kettle 0 5L + 2 Mugs
RK0092,CONCEPT,NEW,34.69,2,ON-SITE,Concept RK0092 Ceramic electric kettle 1.5 l Dark grey
AD 1295b,Adler,NEW,23.19,2,ON-SITE,Adler AD 1295b Electric kettle 1.7 l Black
AD 1272,Adler,NEW,8.98,2,ON-SITE,Adler AD 1272 electric kettle 1 L 1600 W Hazelnut White
MR-071-BEIGE,Maestro,NEW,21.32,2,ON-SITE,MAESTRO MR-071 electric kettle 1 l (MR-071-BEIGE)
ES9580080B,BLACK+DECKER,NEW,21.35,2,ON-SITE,Black+Decker electric kettle BXKE2204E
MR-039,Maestro,NEW,18.99,2,ON-SITE,MAESTRO MR-049 electric kettle
5KEK1701EBK,KitchenAid,NEW,120.52,2,ON-SITE,KitchenAid 5KEK1701EBK electric kettle 1.7 L 2400 W Black
RK3301,CONCEPT,NEW,43.98,1,ON-SITE,Electric kettle Double Wall 1 5 L Concept Black RK 3301
AD 1295w,Adler,NEW,22.85,1,ON-SITE,Adler AD 1295w Electric kettle 1.7 l White
AD 1377g,Adler,NEW,15.68,1,ON-SITE,ADLER AD 1377g grey silicone kettle
MR-023-GREEN,Maestro,NEW,18.57,1,ON-SITE,Electric kettle Maestro MR-023 (MR-023-GREEN) Green
BHR5927EU,Xiaomi,NEW,21.78,1,ON-SITE,Xiaomi Mi Electric Kettle 2
AD 1268,Adler,NEW,7.8,1,ON-SITE,Adler AD 1268 electric kettle 0.6 L Grey 600 W
MR-038-BLACK,Maestro,NEW,9.68,1,ON-SITE,Maestro MR038 electric kettle 1.7 L 2000 W Black
HWS 8731,HEINRICH'S,NEW,78.45,1,ON-SITE,HEINRICH'S HWS 873 water heater
AD 1356,Adler,NEW,53.27,1,ON-SITE,Hot Water Dispenser ADLER AD 1356 2.5 L Black Silver
TWK 3P424,BOSCH,NEW,41.61,1,ON-SITE,Bosch TWK3P424 electric kettle 1.7 L 2400 W Grey Red
KO854830,Tefal,NEW,48.52,1,ON-SITE,Tefal KO854830 electric kettle 1 L Black
SKB 3248,Clatronic,NEW,34.73,39,ON-SITE,Clatronic SKB 3248 chocolate fountain 170 W
MR-1311,Maestro,NEW,11.56,22,ON-SITE,Maestro MR-1311 kettle 3.0 L Stainless steel
WKF01PG,SMEG,NEW,90.5,20,ON-SITE,Smeg WKF01PG Whistling kettle 2.3 l Green
4977642021563,HARIO,NEW,40.86,17,ON-SITE,Kettle HARIO 4977642021563 (1.2l ; black color)
MR-1300,Maestro,NEW,5.47,13,ON-SITE,Maestro MR-1300 kettle 2 L Silver
MR-1302,Maestro,NEW,6.47,12,ON-SITE,Maestro MR-1302 kettle 2.5 L Stainless steel
MR-1316-BLACK,Maestro,NEW,12.25,12,ON-SITE,Non-electric kettle MAESTRO MR-1316-BLACK Black
MR-1318-BLACK,Maestro,NEW,13.97,9,ON-SITE,2.5L MR-1318-BLACK MAESTRO Kettle
MR-1313,Maestro,NEW,8.17,8,ON-SITE,Non-electric kettle MAESTRO MR-1313
MR-1336,Maestro,NEW,5.66,7,ON-SITE,1.8L kettle MR-1336 MAESTRO
MR-1334,Maestro,NEW,13.54,7,ON-SITE,Maestro MR-1334 kettle 2.9 L Stainless steel
N4180410,Tefal,NEW,31.16,6,ON-SITE,Non-Electric Kettle TEFAL N4180410 Black Matte
MR-1302-WG,Maestro,NEW,7.22,5,ON-SITE,Maestro MR-1302-WG kettle 2.5 L White
MR-1328,Maestro,NEW,12.77,5,ON-SITE,Kettle MAESTRO MR-1328 2.8L
8700216937481,Braun,NEW,280.14,133,ON-SITE,Braun Silk-expert Pro PL5210 IPL Intense pulsed light (IPL) Gold White
BRI976/00,Philips,NEW,354.27,96,ON-SITE,Philips BRI976/00 light hair remover Intense pulsed light (IPL) Pink
SES9-030 3D,Braun,NEW,127.28,80,ON-SITE,Braun Silk-épil 9 Silk·épil 9 Flex 9-030 3D 40 tweezers White Gold
PL5221,Braun,NEW,333.23,70,ON-SITE,Braun Silk·expert Pro 5 PL5221 IPL Hair Removal System Gold White
SC1997/00,Philips,NEW,211.32,62,ON-SITE,Philips Lumea Advanced SC1997/00 IPL - Hair removal device
PL7432,Braun,NEW,430.48,47,ON-SITE,BRAUN PL7432 Epilator
PL7253,Braun,NEW,371.96,38,ON-SITE,Braun Silk-Expert Pro IPL PL7253 Intense pulsed light (IPL) Rose gold White
SC1998/00,Philips,NEW,242.65,37,ON-SITE,Philips Lumea Advanced SC1998/00 light hair remover Intense pulsed light (IPL) Ivory
SES9-030,Braun,NEW,98.05,30,ON-SITE,Depilator SES9-030 BRAUN
BRE711/00,Philips,NEW,77.33,29,ON-SITE,Philips Epilator Series 8000 BRE711/00 Cordless Wet and Dry Shaver Purple
BRE770/92,Philips,NEW,91.4,29,ON-SITE,Philips Beauty Set Series 9000 BRE770/92 For the whole body
IL3020,CONCEPT,NEW,112.54,26,ON-SITE,Concept IL3020 epilator Rose gold White
BRE718/00,Philips,NEW,87.51,8,ON-SITE,Philips Epilator Series 9000 BRE718/00 Cordless epilator; Wet & Dry
ORO-IPL ICE,oromed,NEW,44.7,5,ON-SITE,OROMED ORO-IPL ICE laser hair and body depilator
IL5020,CONCEPT,NEW,214.37,5,ON-SITE,Concept IL5020 epilator Black
BRE257/00,Philips,NEW,36.33,1,ON-SITE,Philips 4000 series Epilator Series 4000 BRE257/00 Corded Epilator
SC1994/00,Philips,NEW,180.51,1,ON-SITE,Philips Lumea Advanced SC1994/00 light hair remover Intense pulsed light (IPL) Pink White
230044,CURVER,NEW,39.02,81,ON-SITE,Curver LOTUS ironing board White
994177000,taurus,NEW,37.47,54,ON-SITE,Taurus 994177000 ironing board Full-size ironing board 320 x 1100 mm
168661,VILEDA,NEW,68.29,49,ON-SITE,Ironing Board Vileda Total Reflect Plus
72563,LEIFHEIT,NEW,53.13,31,ON-SITE,Leifheit 72563 ironing board 1200 x 380 mm
170372,VILEDA,NEW,45.6,30,ON-SITE,Ironing board Vileda Star Plus
167342,VILEDA,NEW,54.53,30,ON-SITE,Ironing Board ViledaTotal Reflect Plus M
163322,VILEDA,NEW,38.86,24,ON-SITE,Ironing Board Vileda Star
76215,LEIFHEIT,NEW,68.36,23,ON-SITE,Deska do prasowania Air Board M Black Plus NF 76215 LEIFHEIT
72585,LEIFHEIT,NEW,53.27,21,ON-SITE,LEIFHEIT AirBoard M Compact Ironing board
173270,VILEDA,NEW,56.7,20,ON-SITE,Ironing board Vileda Dimond Plus
994180000,taurus,NEW,52.12,19,ON-SITE,Taurus 994180000 ironing board Full-size ironing board 400 x 1240 mm
173682,VILEDA,NEW,41.29,17,ON-SITE,Vileda Bravo Plus ironing board
183416,VILEDA,NEW,55.45,16,ON-SITE,ViledaTotal Reflect Ultimate M ironing board (black)
76208,LEIFHEIT,NEW,79.07,11,ON-SITE,Leifheit Air Board Express L Full-size ironing board 1630 x 490 mm
72565,LEIFHEIT,NEW,63.87,10,ON-SITE,Leifheit Air Board Express M Solid ironing board 1200 x 380 mm
994178000,taurus,NEW,66.76,6,ON-SITE,Taurus 994178000 ironing board Full-size ironing board 410 x 1250 mm
183442,VILEDA,NEW,54.29,5,ON-SITE,ViledaTotal Reflect Ultimate Plus M ironing board
994181000,taurus,NEW,74.7,2,ON-SITE,Taurus Argenta Elegance Full-size ironing board 1700 x 480 mm
72489,LEIFHEIT,NEW,73.31,2,ON-SITE,Leifheit 72489 ironing board Full-size ironing board 380 x 1200 mm
1052796,BRITA,NEW,20.96,200,ON-SITE,Brita Marella +3 Maxtra Pro PP filter jug
1059312,BRITA,NEW,26.88,163,ON-SITE,BRITA Style ESSENTIAL XL Water Filter Jug (Dark Blue) + 3 x MX Pro Pure Performance Filters
1052791,BRITA,NEW,20.99,120,ON-SITE,Brita Marella +3 Maxtra Pro PP filter jug
1060347,BRITA,NEW,26.78,110,ON-SITE,BRITA Style ESSENTIAL XL sand filter jug + 3 x MX Pro Pure Performance filter
1056048,BRITA,NEW,20.95,107,ON-SITE,Brita Marella+3 Maxtra Pro PP filter jug (2.4 l; blue)
1056038,BRITA,NEW,27.27,96,ON-SITE,Brita Marella XL jug + 4 Maxtra cartridges blue
1056049,BRITA,NEW,17.43,83,ON-SITE,Brita Aluna 2 4l jug + 2 Maxtra cartridges white
1056029,BRITA,NEW,27.23,78,ON-SITE,Brita Marella XL jug + 4 Maxtra cartridges (white)
1059267,BRITA,NEW,20.89,62,ON-SITE,Brita Style Essential + 3 MAXTRA PRO PURE PERFORMANCE (White)
1058705,BRITA,NEW,25.59,57,ON-SITE,BRITA Style ESSENTIAL XL white filter jug + 3 x MX Pro Pure Performance filter
1051157,BRITA,NEW,41.22,38,ON-SITE,Brita Glass+1 Maxtra Pro PP filter jug (grey)
1059323,BRITA,NEW,44.5,37,ON-SITE,Brita Glass+1MaxtraProPP 2.5-litre filter jug | mint
1059265,BRITA,NEW,20.89,34,ON-SITE,Brita Style Essential filter jug + 3 Maxtra Pro Pure Performance filter cartridges (sand-coloured)
1052789,BRITA,NEW,16.55,33,ON-SITE,Brita Marella +1 Maxtra Pro PP filter jug
1052799,BRITA,NEW,16.51,26,ON-SITE,Brita Marella +1 Maxtra Pro PP filter jug
1058041,BRITA,NEW,17.11,23,ON-SITE,Brita Style Essential+1 Maxtra Pro PP filter jug (sand)
1056037,BRITA,NEW,31.91,23,ON-SITE,Brita Marella XL + 5 Maxtra Pro PP filter jug
1052778,BRITA,NEW,19.19,19,ON-SITE,Brita Marella XL+1 Maxtra Pro PP filter jug
1058040,BRITA,NEW,17.11,19,ON-SITE,Brita Style Essential+1 Maxtra Pro PP filter jug (white)
1050452,BRITA,NEW,42.29,14,ON-SITE,Brita 1050452 water filter Countertop water filter 2.5 L Blue White
1030345,BRITA,NEW,17.56,13,ON-SITE,Carafe Brita Fill&Serve Mind Fresh Black CU CE 3
1059269,BRITA,NEW,20.87,13,ON-SITE,Brita Style Essential + 3 MAXTRA PRO PURE PERFORMANCE (graphite)
1059259,BRITA,NEW,26.3,11,ON-SITE,Brita Style Essential+4 MAXTRA PRO PURE PERFORMANCE (graphite)
1052794,BRITA,NEW,16.52,10,ON-SITE,Brita Marella+1 Maxtra Pro PP filter jug (2.4 l; graphite)
1059261,BRITA,NEW,25.42,10,ON-SITE,Brita Style Essential+4 MAXTRA PRO PURE PERFORMANCE (white)
1059834,BRITA,NEW,20.08,10,ON-SITE,Brita Style Essential + 2 MAXTRA PRO PURE PERFORMANCE (graphite)
A 1000,BRITA,NEW,36.65,9,ON-SITE,Water Filter Cartridge Brita A 1000 1 pc
1059838,BRITA,NEW,20.08,8,ON-SITE,Brita Style Essential filter jug + 2 Maxtra Pro Pure Performance filter cartridges (sand-coloured)
1058042,BRITA,NEW,17.15,8,ON-SITE,Brita Style Essential+1 Maxtra Pro PP filter jug (graphite)
1052801,BRITA,NEW,14.06,8,ON-SITE,Brita 1052801 water filter Countertop water filter 2.4 L White
1056041,BRITA,NEW,24.57,7,ON-SITE,Brita Marella + 4 Maxtra Pro PP filter jug
AWP2980WH/31,Philips,NEW,31.54,6,ON-SITE,PHILIPS AWP2980WH/31 filter jug
ADD6921DG/10,Philips,NEW,551.6,6,ON-SITE,Philips ADD6921DG/10 water filter Dispenser water filter 3.6 L Grey
1056045,BRITA,NEW,24.54,5,ON-SITE,Brita Marella + 4 Maxtra Pro PP filter jug
1056033,BRITA,NEW,23.5,5,ON-SITE,Brita Marella XL + 2 Maxtra Pro PP filter jug
1056047,BRITA,NEW,24.54,4,ON-SITE,Brita Marella + 4 Maxtra Pro PP filter jug
1052805,BRITA,NEW,36.79,4,ON-SITE,Brita 1052805 water filter Dispenser water filter 8.2 L Blue
1059836,BRITA,NEW,20.08,3,ON-SITE,Brita Style Essential + 2 MAXTRA PRO PURE PERFORMANCE (White)
1059263,BRITA,NEW,26.86,2,ON-SITE,Brita Style Essential filter jug + 4 Maxtra Pro Pure Performance filter cartridges (sand-coloured)
XN 1001 NESPRESSO INISSIA,Krups,NEW,66.48,200,ON-SITE,Krups Inissia XN1001 Capsule coffee machine 0.7 L
EN80.B,DeLonghi,NEW,64.77,200,ON-SITE,DeLonghi INISSIA EN 80.B Pod coffee machine 0.8 L Semi-auto
EP5447/90,Philips,NEW,408.01,152,ON-SITE,Philips EP5447/90 coffee maker Fully-auto Espresso machine 1.8 L
EC685.R,DeLonghi,NEW,109.95,148,ON-SITE,De’Longhi Dedica Style EC 685.R Semi-auto Espresso machine 1.1 L
EN80.BAE,DeLonghi,NEW,109.19,134,ON-SITE,DeLonghi Nespresso EN80.BAE Inissia
EP2224/10,Philips,NEW,235.71,129,ON-SITE,Philips 2200 series EP2224/10 coffee maker Fully-auto Espresso machine 1.8 L
ECAM290.61.B,DeLonghi,NEW,326.38,125,ON-SITE,De’Longhi Magnifica Evo Fully-auto Espresso machine 1.8 L
EN85.R,DeLonghi,NEW,66.64,122,ON-SITE,De’Longhi Essenza Mini EN 85.R coffee maker Fully-auto Capsule coffee machine 0.6 L
EDG226.W,DeLonghi,NEW,48.47,114,ON-SITE,De’Longhi EDG226.W Fully-auto Capsule coffee machine 0.8 L
XN1005,Krups,NEW,65.03,100,ON-SITE,Krups Nespresso XN1005K coffee maker Semi-auto Espresso machine 0.7 L
EN510.W,DeLonghi,NEW,168.48,79,ON-SITE,De’Longhi Lattissima One Nespresso Pod coffee machine - White
EN167.W,DeLonghi,NEW,109.42,78,ON-SITE,De’Longhi Citiz EN167.W Fully-auto Espresso machine 1 L
TTAS107E,BOSCH,NEW,32.48,70,ON-SITE,BOSCH TTAS107E capsule coffee machine
EP1200/00,Philips,NEW,214.64,66,ON-SITE,Philips 1200 series EP1200/00 coffee maker Fully-auto Espresso machine 1.8 L
EN167.B,DeLonghi,NEW,109.08,65,ON-SITE,De’Longhi Citiz Fully-auto Capsule coffee machine 1 L
HD7461/20,Philips,NEW,31.17,50,ON-SITE,Philips Daily Collection HD7461/20 Coffee maker
EP3329/70,Philips,NEW,281.97,45,ON-SITE,Philips EP3329/70 coffee maker Fully-auto Espresso machine 1.8 L
ECAM380.85.SB,DeLonghi,NEW,475.77,43,ON-SITE,De’Longhi ECAM380.85.SB coffee maker Fully-auto Espresso machine 1.8 L
EN510.B,DeLonghi,NEW,168.73,42,ON-SITE,De’Longhi Lattissima One EN510.B Espresso machine 1 L
TAS164E,BOSCH,NEW,33.47,41,ON-SITE,Bosch TAS164E coffee maker Fully-auto Capsule coffee machine 0.7 L
EN127.S,DeLonghi,NEW,98.24,40,ON-SITE,De’Longhi Pixie EN127.S Capsule coffee machine 1 l
HD7461/00,Philips,NEW,32.66,36,ON-SITE,Philips Daily Collection HD7461/00 coffee maker Semi-auto Drip coffee maker 1.2 L
ECAM21.117.B,DeLonghi,NEW,258.56,29,ON-SITE,DeLonghi Magnifica S ECAM 21.117.B Espresso machine 1.8 L Fully-auto
8712072539792,MOCCAMASTER,NEW,216.05,28,ON-SITE,Moccamaster KBG 741 Manual Drip coffee maker 1.25 L
EN220.M,DeLonghi,NEW,166.36,28,ON-SITE,Ekspres DeLonghi Citiz Platinum EN220.M
9J0400,SAECO,NEW,1214.81,28,ON-SITE,Saeco MAGIC M2 1900 Watt automatic espresso machine silver/grey
EN220.T,DeLonghi,NEW,166.02,27,ON-SITE,DeLonghi Citiz Platinum EN220.T coffee machine
EN127.BL,DeLonghi,NEW,98.7,27,ON-SITE,Ekspres DeLonghi EN127.BL Nespresso Pixie
EP2230/10,Philips,NEW,329.86,26,ON-SITE,Philips Series 2200 EP2230/10 coffee maker Fully-auto Espresso machine 1.8 L
EC890.GR,DeLonghi,NEW,184.99,24,ON-SITE,De’Longhi Dedica Style Dedica Duo Espresso machine 1.1 L
53987,MOCCAMASTER,NEW,215.9,21,ON-SITE,Moccamaster KBG Select Semi-auto Drip coffee maker 1.25 L
9J0901,SAECO,NEW,818.33,20,ON-SITE,Automatic coffee machine SAECO AURORA M2 (9J0901) 1900 W Black
XP444C10,Krups,NEW,129.18,19,ON-SITE,Krups Virtuoso XP444C10 coffee maker Semi-auto Espresso machine 1 L
9J0450,SAECO,NEW,1092.26,19,ON-SITE,SAECO MAGIC M1 automatic coffee machine
9J0900,SAECO,NEW,779.79,15,ON-SITE,Automatic coffee machine SAECO AURORA M1 (9J0900) 1900 W Black
9J0040,SAECO,NEW,482.27,15,ON-SITE,Saeco New Royal Black Semi-auto Espresso machine 2.5 L
ECAM 650.55.MS,DeLonghi,NEW,935.43,15,ON-SITE,De’Longhi PrimaDonna Elite ECAM 650.55.MS Fully-auto Espresso machine 2 L
920635000,taurus,NEW,204.94,14,ON-SITE,Taurus Accento Latte espresso machine; 20 bar White Coffee
ECAM250.23.SB,DeLonghi,NEW,273.66,12,ON-SITE,De’Longhi Magnifica S Smart Semi-auto Espresso machine 1.8 L
EC890.WI,DeLonghi,NEW,184.99,12,ON-SITE,De’Longhi Dedica Style Dedica Duo Espresso machine EC890.WI 1.1 L
ECAM310.60.B,DeLonghi,NEW,378.97,11,ON-SITE,DeLonghi ECAM 310.60.B espresso machine
TE655319RW,Siemens,NEW,548.2,11,ON-SITE,Siemens EQ.6 plus s500 TE655319RW Espresso Espresso machine 1.7 L Fully-auto
CM2M1410,Tefal,NEW,38.41,9,ON-SITE,Tefal CM2M1410 Drip coffee maker 1000 W 1.25 l Navy blue
PC-KAD 1308,PROFICOOK,NEW,62.93,9,ON-SITE,Ekspres przelewowy PC-KAD 1308 DARK INOX PROFICOOK
9J0475,SAECO,NEW,907.11,8,ON-SITE,Saeco Magic B1 Fully-auto Espresso machine 2.5 L
TKA2M111,BOSCH,NEW,36.51,8,ON-SITE,Bosch TKA2M111 coffee maker Manual Drip coffee maker 1.25 L
ES9200110B,BLACK+DECKER,NEW,49.02,8,ON-SITE,Black+Decker BXCO1001E 1000 W 12-cup filter coffee maker
ECAM290.85.SBX,DeLonghi,NEW,383.57,8,ON-SITE,De’Longhi ECAM 290.85.SBX Fully-auto Espresso machine 1.8 L
PC-KAD 1308,PROFICOOK,NEW,59.97,7,ON-SITE,Ekspres przelewowy PC-KAD 1308 INOX PROFICOOK
9J0425,SAECO,NEW,953.98,7,ON-SITE,SAECO MAGIC B2 automatic coffee machine
1220000880603,FELLOW,NEW,270.73,7,ON-SITE,Aiden drip coffee maker chocolate brown by FELLOW
TE655203RW,Siemens,NEW,577.53,6,ON-SITE,Siemens TE655203RW coffee maker Espresso machine 1.7 L Fully-auto
1220000880580,FELLOW,NEW,270.53,6,ON-SITE,Fellow Aiden Drip coffee maker 1700 W 1.5 l Green
TAS103E,BOSCH,NEW,33.75,6,ON-SITE,Bosch Tassimo Happy TAS103E coffee maker Fully-auto Capsule coffee machine 0.7 L
EA875U,Krups,NEW,496.14,5,ON-SITE,Krups Intution Preference EA875U10 coffee maker Semi-auto Espresso machine 3 L
TKA2M114,BOSCH,NEW,36.87,5,ON-SITE,Bosch TKA2M114 coffee maker Manual Drip coffee maker 1.25 L
1230000201674,FELLOW,NEW,1191.67,5,ON-SITE,FELLOW ESPRESSO Series 1 Espresso Machine Black
TQ518RX3,Siemens,NEW,552.75,5,ON-SITE,Siemens EQ.500 TQ518RX3 coffee maker Fully-auto Espresso machine 1.9 L
TP603E08,Siemens,NEW,775.1,4,ON-SITE,Siemens EQ600 iAroma TP603E08 15 bar espresso machine
EN85.B,DeLonghi,NEW,65.07,4,ON-SITE,De’Longhi Essenza Mini EN85.B Semi-auto Capsule coffee machine 0.6 L
ECAM320.70.TB,DeLonghi,NEW,503.68,4,ON-SITE,DeLonghi espresso machine ECAM 320.70.TB
TP553E07,Siemens,NEW,604.45,2,ON-SITE,Siemens EQ500 iAroma TP553E07 15 bar espresso machine | Piano black
CR 4410,Adler,NEW,59.88,2,ON-SITE,Espresso Machine Camry CR 4410
1230000201681,FELLOW,NEW,1290.62,2,ON-SITE,Fellow Espresso Series 1 Piston Coffee Machine Forest Green
XN110B,Krups,NEW,76.53,2,ON-SITE,Krups XN110B Manual Capsule coffee machine 0.6 L
ECAM310.60.GB,DeLonghi,NEW,401.16,1,ON-SITE,Espresso machine DeLonghi Magnifica Evo Next (ECAM310.60.GB) Black
1230000201698,FELLOW,NEW,1290.31,1,ON-SITE,Fellow ESPRESSO Series 1 Espresso Machine Sesame Beige
1220000880139,FELLOW,NEW,1290.24,1,ON-SITE,Fellow Espresso Series 1 Piston Espresso Machine Cherry Red
ES9200010B,BLACK+DECKER,NEW,99.84,1,ON-SITE,Espresso coffee maker Black+Decker BXCO1200E (1200W)
EN267.WAE,DeLonghi,NEW,151.18,1,ON-SITE,De’Longhi Citiz EN267.WAE Drip coffee maker 1 L
TQ507R03,Siemens,NEW,556.5,1,ON-SITE,Siemens EQ.500 TQ507R03 coffee maker Fully-auto Espresso machine 1.7 L
85276082011,AeroPress,NEW,7.08,197,ON-SITE,Aeropress paper coffee filters natural XL 200 pieces
085276082080,AeroPress,NEW,5.64,121,ON-SITE,Aeropress paper coffee filters natural 200 pieces
81R24,AeroPress,NEW,5.65,89,ON-SITE,AeroPress paper filters 350 pieces
085276081885,AeroPress,NEW,11.18,49,ON-SITE,AeroPress Coffee filter Stainless steel
NA352/00,Philips,NEW,118.37,200,ON-SITE,Philips NA 352/00 Dual Basket Airfryer
NA555/00,Philips,NEW,171.84,200,ON-SITE,Non-fat fryer PHILIPS NA 555/00
CAF-DC602-KEUR,COSORI,NEW,121.84,130,ON-SITE,Cosori Turbo Blaze Chef Edition Single 6 L Stand-alone 1725 W Hot air fryer Black Pink gold
NA552/00,Philips,NEW,169,129,ON-SITE,Philips 5000 series NA552/00 fryer Double 9 L Stand-alone 2750 W Hot air fryer Black Gold
EY9428E,Tefal,NEW,126.61,104,ON-SITE,Tefal Easy Fry Dual XXL EY9428E0 fryer Double 11 L Stand-alone 2020 W Hot air fryer Black
EY905D10,Tefal,NEW,107.83,96,ON-SITE,Tefal Dual Easy Fry & Grill EY905D Double 8.3 L Stand-alone 2700 W Hot air fryer Stainless steel
FR5500,CONCEPT,NEW,72.93,84,ON-SITE,Air Fryer CONCEPT FR5500 5.5L 1200W
NA150/00,Philips,NEW,96.57,40,ON-SITE,Philips 1000 series NA150/00 fryer Double 7.1 L 2450 W Hot air fryer Black
EY832HE0,Tefal,NEW,110.15,37,ON-SITE,Tefal Easy Fry Infrared EY832HE0 fryer Single 7 L Stand-alone 2020 W Hot air fryer Dark Grey
NA331/10,Philips,NEW,104.73,32,ON-SITE,Philips 3000 series NA331/10 fryer Single 6.2 L Stand-alone 1700 W Hot air fryer
EY501815,Tefal,NEW,66.35,23,ON-SITE,Tefal Easy Fry & Grill EY5018 Single 4.2 L Stand-alone 1550 W Hot air fryer Black
FW4018E0,Tefal,NEW,92.55,22,ON-SITE,Tefal Easy Fry XL Surface FW4018E0 fryer Single Stand-alone 2200 W Hot air fryer Black
MAF462B0,BOSCH,NEW,88.32,22,ON-SITE,Bosch Serie 4 MAF462B0 fryer Single 6.1 L Stand-alone 2050 W Hot air fryer Black
FW501815,Tefal,NEW,115.01,21,ON-SITE,Tefal Easy Fry FW5018 Single 11 L Stand-alone 2000 W Hot air fryer Black
AS101EULG,NINJA,NEW,192.16,20,ON-SITE,Ninja Crispi Pro 7-in-1 Single Stand-alone 2050 W Deep fryer
HFR 8216 CZARNA,HEINRICH'S,NEW,36.07,20,ON-SITE,Heinrich's HFR 8216 Hot air fryer 5.0 l 1450 W Black
EY942HE0,Tefal,NEW,123.46,12,ON-SITE,Tefal Easy Fry Dual XXL EY942HE0 fryer Double 11 L Stand-alone 2020 W Hot air fryer Grey
ES9730030B,BLACK+DECKER,NEW,74.04,10,ON-SITE,Air fryer with oven Black+Decker BXAFO1200E (1700W)
VDF131X,Breville,NEW,52.33,10,ON-SITE,Breville VDF131X Oil-Free Air Fryer
VDF133X,Breville,NEW,111.78,10,ON-SITE,Breville VDF133X Oil-Free Steam Fryer
MR-761,Maestro,NEW,73.48,9,ON-SITE,2400W MR-761 MAESTRO oil-free fryer
MR-758,Maestro,NEW,69.42,9,ON-SITE,Fat-free fryer MAESTRO MR-758
EY505815,Tefal,NEW,74.71,9,ON-SITE,Tefal Easy Fry & Grill EY5058 Single 4.2 L Stand-alone 1550 W Hot air fryer Black
973967000,taurus,NEW,45.07,9,ON-SITE,Taurus oil fryer 973967000 (2000W;3l)
FR 3195,Clatronic,NEW,62.14,9,ON-SITE,Clatronic FR 3195 Fryer 4 L 2000 W Black Stainless steel
973006000,taurus,NEW,76.22,8,ON-SITE,Taurus 3-in-1 Air Fryer Pizza Maker and Grill
ES9730110B,BLACK+DECKER,NEW,62.93,8,ON-SITE,Black+Decker BXAF8001E 1700 W 8 L oil-free deep fryer black
HFR 8216 ZIELONA,HEINRICH'S,NEW,33.66,7,ON-SITE,Heinrich‘’s HFR 8216 Hot air fryer 5.0 l 1450 W Green
HFR 8216 ŻÓŁTA,HEINRICH'S,NEW,34,7,ON-SITE,Heinrich‘’s HFR 8216 Hot air fryer 5.0 l 1450 W Yellow
AD 6317,Adler,NEW,67.47,6,ON-SITE,Adler AD 6317 Oil-Free Air Fryer Black
FR 3747,Clatronic,NEW,91.23,4,ON-SITE,Clatronic FR 3747 H fryer 11 L 1500 W Hot air fryer Black
CR 6311,Adler,NEW,52.85,4,ON-SITE,CAMRY CR 6311 Fat-free deep fryercamry gofrownica
FFR 2916,Clatronic,NEW,24.87,3,ON-SITE,Clatronic FFR 2916 1 L
973001000,taurus,NEW,52.75,2,ON-SITE,Taurus Air Fry 7S Wall HD Deep fryer 1600 W 6.5 l
973004000,taurus,NEW,108.62,2,ON-SITE,Fat-free deep fryer with long basket and grill Taurus 973004000
MAFS2462B,BOSCH,NEW,86.36,2,ON-SITE,Bosch Serie 4 MAFS2462B fryer Single 6.1 L Stand-alone 2050 W Hot air fryer Black
HFR 8214,HEINRICH'S,NEW,74.67,2,ON-SITE,Heinrich‘’s HFR 8214 Double hot air fryer 2 x 4.5 l = 9.0 l 1300-2400 W Black - Silver
VDF130X,Breville,NEW,140.74,2,ON-SITE,Breville VDF130X Oil-Free Air Fryer
MR-758,Maestro,NEW,72.55,1,ON-SITE,Fat-free fryer MAESTRO MR-758
PC-FR 1287,PROFICOOK,NEW,82.29,1,ON-SITE,ProfiCook PC-FR 1287 H Double 8 L Stand-alone 2200 W Hot air fryer Black Stainless steel
66870-005-0,ZWILLING,NEW,157.27,119,ON-SITE,ZWILLING SIMPLIFY 66870-005-0 Pots set Stainless steel 5 pcs. Silver Black
MR-2900-18,Maestro,NEW,14.95,116,ON-SITE,Steamer MAESTRO MR-2900-18
MR-2900-20,Maestro,NEW,17.76,100,ON-SITE,Steaming pot MAESTRO MR-2900-20 3 L 20 cm
G732S255,Tefal,NEW,36.49,64,ON-SITE,Tefal DUETTO+ G732S255 pan set 2 pc(s)
L897S574,Tefal,NEW,69.5,56,ON-SITE,TEFAL Ingenio Emotion L897S574 5-piece cookware set
66220-002-0,ZWILLING,NEW,111.53,50,ON-SITE,ZWILLING Essence 66220-002-0 pan set 5 pc(s)
980944000,taurus,NEW,29.81,37,ON-SITE,Frying pans Set of three 18/22/26cm Taurus Best Moments
B5670553,Tefal,NEW,16.28,37,ON-SITE,Tefal Simply Clean B5670553 frying pan All-purpose pan Round
G7334055,Tefal,NEW,18.52,32,ON-SITE,TEFAL Duetto+ 26 cm grill pan G73340
66920-004-0,ZWILLING,NEW,113.78,26,ON-SITE,ZWILLING True Flow 66920-004-0 pan set 4 pc(s)
G7314055,Tefal,NEW,17.96,26,ON-SITE,Tefal Daily Cook G7314055 frying pan Grill pan Round
B5820702,Tefal,NEW,15.99,23,ON-SITE,TEFAL Simplicity 30cm frying pan B5820702
MR-2900-24,Maestro,NEW,24.92,21,ON-SITE,Steamer pot MAESTRO MR-2900-24 24 cm 5 0L
1034490,ZWILLING,NEW,68.88,19,ON-SITE,ZWILLING PEAK 24 cm shallow frying pan
B5821902,Tefal,NEW,18.52,18,ON-SITE,TEFAL Simplicity 28cm wok frying pan B5821902
1034492,ZWILLING,NEW,73.23,17,ON-SITE,ZWILLING PEAK 28 cm shallow frying pan
1034483,ZWILLING,NEW,63.12,17,ON-SITE,Shallow frying pan ZWILLING PEAK 20 cm
MR-1211-28,Maestro,NEW,10.12,12,ON-SITE,MAESTRO Grey 28cm frying pan MR-1211-28
B5670653,Tefal,NEW,14.06,12,ON-SITE,Tefal Simply Clean B5670653 frying pan All-purpose pan Round
B5670453,Tefal,NEW,12.22,11,ON-SITE,Tefal Simply Clean B5670453 frying pan All-purpose pan Round
MR-1211-24,Maestro,NEW,8.09,11,ON-SITE,MAESTRO Grey 24cm MR-1211-24 MAESTRO
MR-1216-24,Maestro,NEW,17.41,11,ON-SITE,Frying pan with lid MAESTRO MR-1216 24 cm (MR-1216-24)
MR-1216-26,Maestro,NEW,18.16,11,ON-SITE,Frying pan with lid MAESTRO MR-1216 26 cm (MR-1216-26)
G719S734,Tefal,NEW,67.19,10,ON-SITE,Tefal Duetto+ G719S734 pan set 7 pc(s)
MR-1211-18S,Maestro,NEW,10.29,10,ON-SITE,18cm saucepan with lid 1.9L MR-1211-18S MAESTRO grey
40850-948-0,DEMEYERE,NEW,135.72,9,ON-SITE,Sartén de acero DEMEYERE Multiline 7 40850-948-0 20cm
40511-725-0,ZWILLING,NEW,94.65,9,ON-SITE,STAUB cast-iron frying pan 40511-725-0 – 26 cm
MR-1224-28,Maestro,NEW,23.56,9,ON-SITE,Professional Frying Pan Maestro MR-1224-28 28 cm
MR-1211-20,Maestro,NEW,6.65,8,ON-SITE,MAESTRO Grey 20cm frying pan MR-1211-20
MR-2020-6XL,Maestro,NEW,28.3,8,ON-SITE,Maestro MR-2020-6XL A set of pots of 6 elements
MR-1214-28,Maestro,NEW,16.05,8,ON-SITE,Frying pan MAESTRO MR-1214 28 cm (MR-1214-28)
MR-2120-12,Maestro,NEW,41.41,8,ON-SITE,12-piece cookware set MR-2120-12 MAESTRO
MR-1222-C,Maestro,NEW,10.22,8,ON-SITE,Pancake pan 26cm Maestro MR-1222-C CUTE
66660-000-0,ZWILLING,NEW,69.05,8,ON-SITE,ZWILLING PICO pan set 4 pc(s)
MR-2220-10,Maestro,NEW,48.17,6,ON-SITE,Cookware set MAESTRO MR-2220-10 10 items
MR-1212-20,Maestro,NEW,7.08,6,ON-SITE,MAESTRO Wave 20cm MR-1212-20 MAESTRO
MR-1212-24,Maestro,NEW,8.73,6,ON-SITE,MAESTRO Wave 24cm Frying Pan MR-1212-24
MR-1212-28,Maestro,NEW,10.98,6,ON-SITE,MAESTRO Wave 28 cm Frying Pan MR-1212-24
G719S674,Tefal,NEW,67.34,6,ON-SITE,Tefal Duetto+ G719S674 pan set 6 pc(s)
G732SA56,Tefal,NEW,112.4,5,ON-SITE,Tefal Duetto+ G732SA56 pan set 10 pc(s)
40511-470-0,ZWILLING,NEW,154.71,5,ON-SITE,Deep frying pan with lid STAUB 28 cm 40511-470-0
MR-1222-B,Maestro,NEW,10.81,5,ON-SITE,26cm ‘SMILE’ pancake pan MR-1222-B MAESTRO
MR-1214-26,Maestro,NEW,14.81,5,ON-SITE,Frying pan MAESTRO MR-1214 26 cm (MR-1214-26)
40510-326-0,ZWILLING,NEW,201.15,5,ON-SITE,STAUB fish soup pot 40510-326-0 – 4.6 litres
B864SA74,Tefal,NEW,123.49,5,ON-SITE,Tefal Intuition B864SA74 pan/pot set 10 pc(s)
MR-2021,Maestro,NEW,33.87,4,ON-SITE,Maestro MR-2021 A set of pots of 9 elements
MR-1216-28,Maestro,NEW,19.6,4,ON-SITE,Frying pan with lid MAESTRO MR-1216 28 cm (MR-1216-28)
MR-1222-D,Maestro,NEW,9.95,4,ON-SITE,Pancake pan 26cm Maestro MR-1222-D CUTE
66220-003-0,ZWILLING,NEW,103.07,4,ON-SITE,ZWILLING Essence 66220-003-0 pan set 4 pc(s)
G719SA74,Tefal,NEW,100.81,3,ON-SITE,Tefal Duetto+ G719SA74 pan set 10 pc(s)
G7197955,Tefal,NEW,26.63,3,ON-SITE,Tefal DUETTO+ G71979 saucepan Round Stainless steel
MR-2120-6L,Maestro,NEW,26.44,3,ON-SITE,Maestro MR-2120-6L A set of pots of 6 elements
MR-1214-20,Maestro,NEW,11.48,2,ON-SITE,Frying pan MAESTRO MR-1214 20 cm (MR-1214-20)
MR-2900-22,Maestro,NEW,20.11,1,ON-SITE,Steaming pot MAESTRO MR-2900-22 4 L 22 cm
MR-1224-26,Maestro,NEW,22.05,1,ON-SITE,Professional Frying Pan Maestro MR-1224-26 26 26 cm
1029689,DEMEYERE,NEW,102.4,1,ON-SITE,DEMEYERE INDUSTRY 5 1029689 - 20 CM steel frying pan
1029691,DEMEYERE,NEW,129.32,1,ON-SITE,DEMEYERE INDUSTRY 5 1029691 - 28 cm steel frying pan
31566,No name,NEW,73.23,1,ON-SITE,Kuhn Rikon EASY CERAMIC Pan Set 24 + 28 cm
MQXJQO1LF,Xiaomi,NEW,13.42,28,ON-SITE,Xiaomi Lint Remover 2 Clothes Shaver
ES9920010B,BLACK+DECKER,NEW,11.31,22,ON-SITE,Clothes shaver O 50 mm Black+Decker BXLR750E
CR 7747,Adler,NEW,32.57,10,ON-SITE,Bathroom radiator CAMRY CR 7747
CR 7739,Adler,NEW,37.34,10,ON-SITE,CAMRY CR 7739 convector heater
CR 7739B,Adler,NEW,38.22,7,ON-SITE,Camry | Convection Fan Heater with Remote Control | CR 7739 | Convection Heater | 2000 W | Number of power levels 3 | Suitable for rooms up to m2 | White
CH-9000WT,Ravanson,NEW,33.01,3,ON-SITE,Ravanson CH-9000WT electric space heater Indoor White 2000 W
MS 7741b,Adler,NEW,27.3,1,ON-SITE,Mesko Home MS 7741 Indoor Black 2000 W Convector electric space heater
QP2734/23,Philips,NEW,23.52,200,ON-SITE,Philips OneBlade 360 QP2734/23 Face
XR1500,REMINGTON,NEW,33.95,200,ON-SITE,Head shaver REMINGTON XR1500
XR1600,REMINGTON,NEW,42.03,200,ON-SITE,Remington XR1600 Rotation shaver Trimmer Black
QP1324/20,Philips,NEW,17.79,200,ON-SITE,Philips OneBlade First Shave QP1324/20 1st Shave
HS5980/15,Philips,NEW,50.76,187,ON-SITE,Philips 5000 series Head Shaver Pro HS5980/15 Essential shaver with ComfortCut Blades
QP1424/10,Philips,NEW,17.8,168,ON-SITE,Philips Norelco OneBlade QP1424/10 men's shaver Foil shaver Trimmer Charcoal
07057-016,Wahl,NEW,13.09,120,ON-SITE,Shaver WAHL Travel Shaver Gold Edition 07057-016
03615-1016,Wahl,NEW,12,111,ON-SITE,Wahl 3615-1016 men's shaver Foil shaver Trimmer Black Silver
9577CC,Braun,NEW,266.5,69,ON-SITE,Braun Series 9 Pro 9577cc Foil shaver Silver
BT5520,Braun,NEW,35.71,69,ON-SITE,Braun BeardTrimmer 5 BT5520 beard trimmer Battery 40 2 cm Wet & Dry Black
BT9520,Braun,NEW,76.6,43,ON-SITE,Braun BeardTrimmer 9 BT9520 beard trimmer Battery 52 2 cm Wet & Dry Black Grey
X3052/00,Philips,NEW,38.3,36,ON-SITE,Philips X3052/00 men's shaver Rotation shaver Trimmer Black Green
03615-0471,Wahl,NEW,12.07,33,ON-SITE,Wahl Consumer Akku-Shaver Foil shaver Black
9615s,Braun,NEW,280.75,31,ON-SITE,Braun Series 9 Pro+ 9615S Foil shaver Black Grey
FXFS2GSE,Babyliss,NEW,74.81,29,ON-SITE,Shaver BaByliss FXFS2GSE
MGK7491,Braun,NEW,68.34,28,ON-SITE,Trimmer Braun MGK7491 Black
S1142/00,Philips,NEW,27.25,27,ON-SITE,Philips Shaver 1000 Series S1142/00 Electric Shaver
XP9202/10,Philips,NEW,189.01,26,ON-SITE,Philips i9000 Prestige XP9202/10 Wet & Dry Electric Shaver with SkinIQ
S3343/13,Philips,NEW,59.13,25,ON-SITE,Philips S3343/13 men's shaver Rotation shaver Trimmer Black Chrome
S591/05,Philips,NEW,49.66,25,ON-SITE,Philips 500 series Shaver S591/05 Wet & Dry Electric Compact Shaver
QP6506/15,Philips,NEW,29.95,21,ON-SITE,Philips OneBlade Pro QP6506/15 Face
S7882/55,Philips,NEW,115.07,14,ON-SITE,Philips SHAVER Series 7000 S7882/55 Wet and dry electric shaver cleaning pod & pouch
S5883/10,Philips,NEW,67.11,11,ON-SITE,Philips SHAVER Series 5000 S5883/10 men's shaver Rotation shaver Trimmer Black Red
3029295,Wahl,NEW,41.97,10,ON-SITE,Wahl Shave & Smooth Beige Lithium-Ion (Li-Ion)
X3021/00,Philips,NEW,28.12,9,ON-SITE,Philips X3021/00 men's shaver Rotation shaver Trimmer Black
60312,Xiaomi,NEW,18.32,9,ON-SITE,Xiaomi S200 Rotation shaver Grey
S3242/12,Philips,NEW,53.37,8,ON-SITE,Philips Shaver 3000 Series S3242/12 Wet & Dry Electric Shaver
60309,Xiaomi,NEW,18.32,7,ON-SITE,Xiaomi S200 Rotation shaver (silver)
FXFS1E,Babyliss,NEW,33.42,6,ON-SITE,Shaver BaByliss FXFS1E
AD 2937,Adler,NEW,8.98,5,ON-SITE,Adler AD 2937 men's shaver Rotation shaver Blue
S1881/00,Philips,NEW,26.98,5,ON-SITE,Philips 1000 series S1881/00 men's shaver Rotation shaver Navy
903541000,taurus,NEW,23.52,5,ON-SITE,Taurus 3 Side Shave IPX7 Rotation shaver Trimmer Black Blue
AD 2945,Adler,NEW,14.09,4,ON-SITE,Shaver Adler AD 2945
S7886/35,Philips,NEW,104.31,3,ON-SITE,Philips SHAVER Series 7000 S7886/35 Wet and Dry electric shaver
S7886/58,Philips,NEW,130.41,2,ON-SITE,Philips SHAVER Series 7000 S7886/58 Wet and Dry electric shaver
AD 2910w,Adler,NEW,11.06,2,ON-SITE,Adler AD 2910 Rotation shaver Trimmer White
S2885/00,Philips,NEW,43.13,1,ON-SITE,Philips 2000 series S2885/00 men's shaver Rotation shaver Blue
GC724D12,Tefal,NEW,148.28,77,ON-SITE,Tefal GC724D contact grill
GC773D10,Tefal,NEW,106.94,57,ON-SITE,Tefal OptiGrill 2in1 GC773D contact grill
DVG 3686,Clatronic,NEW,48.99,22,ON-SITE,Clatronic DVG 3686 Grill Electric Black 1400 W
GC510DE0,Tefal,NEW,84.83,19,ON-SITE,Tefal SuperGrill 3-in-1 GC510DE0 contact grill
TCG3302,BOSCH,NEW,69.07,18,ON-SITE,Bosch TCG3302 contact grill
GC712D34,Tefal,NEW,108.02,10,ON-SITE,Grill Tefal OptiGrill + GC712D
ES9680190B,BLACK+DECKER,NEW,22.94,8,ON-SITE,Black+Decker BXGR1001E electric grill
CR 3044,Adler,NEW,21.86,6,ON-SITE,Camry Premium CR 3044 contact grill
CR 3053,Adler,NEW,32.22,6,ON-SITE,CAMRY CR 3053 electric grill
KG 3487,Clatronic,NEW,39.72,5,ON-SITE,Clatronic KG 3487 electric grill (2000W table-top black and silver)
968463000,taurus,NEW,60.07,4,ON-SITE,Taurus Asteria Digital 2-in-1 electric grill
TCG4104,BOSCH,NEW,75,4,ON-SITE,Bosch TCG4104 contact grill
TCG3323,BOSCH,NEW,71.62,3,ON-SITE,Bosch TCG3323 contact grill
968147000,taurus,NEW,67.1,2,ON-SITE,Taurus Bistro Gourmet 2600 W 2-in-1 contact grill
AD 6613,Adler,NEW,35.03,2,ON-SITE,Electric Grill ADLER AD 6613 Table grill 3000W Black
GC750D30,Tefal,NEW,134.93,1,ON-SITE,Tefal OptiGrill Elite GC750D30 contact grill
MS 7804 7 żeberek,MESKO,NEW,20.27,28,ON-SITE,Mesko MS7804 electric space heater Oil electric space heater Indoor White 700 W
MS 7806 11 żeberek,MESKO,NEW,26.78,25,ON-SITE,Mesko MS 7806 electric space heater Oil electric space heater Indoor White 1200 W
CR 7812,Adler,NEW,38.02,22,ON-SITE,Electric oil heater with remote control CAMRY CR 7812 7 ribs 1500 W black
CR 7810,Adler,NEW,44.07,17,ON-SITE,Electric oil heater with remote control CAMRY CR 7810 9 ribs black
AD 7818,Adler,NEW,61.2,17,ON-SITE,Oil heater ADLER AD 7818 13 fins
MS 7805 9 żeberek,MESKO,NEW,23.06,15,ON-SITE,Mesko Home MS7805 Indoor White 1000 W Oil electric space heater
OH-13,Ravanson,NEW,50.62,1,ON-SITE,Ravanson OH-13 electric space heater Oil electric space heater Indoor 2500 W
CR 7813,Adler,NEW,46.83,1,ON-SITE,OIL HEATER CAMRY CR 7813 11 RIBS
CR 7814,Adler,NEW,50.92,1,ON-SITE,Electric oil heater with remote control CAMRY CR 7814 13 fins 2500 W black
CR 7820,Adler,NEW,57.67,1,ON-SITE,CAMRY OIL HEATER CR 7820
AD 7816,Adler,NEW,36.93,1,ON-SITE,Oil heater ADLER AD 7816 9 fins
HX3826/31,Philips,NEW,61.56,163,ON-SITE,Philips Cordless Power Flosser 3000 HX3826/31 Oral Irrigator
EW-DJ26-A303,Panasonic,NEW,33.94,93,ON-SITE,Panasonic EW-DJ26 0.2 L
ORO DENT PRO,oromed,NEW,20.91,33,ON-SITE,Professional Oral Irrigator Oromed ORO-DENT PRO
HX3911/40,Philips,NEW,110.5,24,ON-SITE,Philips Power Flosser 7000 HX3911/40 Oral Irrigator
ORO DENT,oromed,NEW,21.19,10,ON-SITE,Professional Oral Irrigator Oromed ORO-DENT
904700000,taurus,NEW,48.99,5,ON-SITE,Taurus HYDRA SMILE 0.6 L
ORO DENT PRO,oromed,NEW,24.84,4,ON-SITE,Professional Oral Irrigator Oromed ORO-DENT PRO
54595,Medisana,NEW,23.54,3,ON-SITE,Medisana NI 200 nasal irrigator
MS 4485,Adler,NEW,11.65,24,ON-SITE,Mesko MS 4485 egg cooker 3 egg(s) 210 W Black Silver Transparent
EK 3497,Clatronic,NEW,12.65,17,ON-SITE,Clatronic HA-EGGBOIL-13
EK 3321,Clatronic,NEW,14.12,6,ON-SITE,Clatronic EK 3321 egg cooker 7 egg(s) 400 W Black Stainless steel
MS 4485gm,Adler,NEW,11.65,2,ON-SITE,Egg Cooker MESKO MS 4485GM Dark Grey 3 Eggs 210W
2165CE,Babyliss,NEW,21.3,69,ON-SITE,BaByliss The Crimper Texturizing iron Warm Black Pink 70.9 (1.8 m)
BAB2369TTE,Babyliss,NEW,50.49,56,ON-SITE,BaByliss BAB2369TTE hair styling tool Curling iron Warm Black 79 W 2.7 m
BAB2512EPCE,Babyliss,NEW,36.57,45,ON-SITE,BaByliss The Crimper Texturizing iron Warm Black Pink 70.9 (1.8 m)
BAB2469TTE,Babyliss,NEW,56.74,42,ON-SITE,BABYLISS BAB2469TTE hair styling tool Curling iron Warm Black
KT2140,CONCEPT,NEW,26.09,13,ON-SITE,Concept KT2140 Hair styling device – waver gold white
CSC062X,CROCK-POT,NEW,140.37,10,ON-SITE,Crock-Pot CSC062X multi cooker 5.6 L 1400 W Black Stainless steel
53344,Xiaomi,NEW,79.71,8,ON-SITE,Xiaomi Microwave Oven EU
MR-820,Maestro,NEW,66.46,92,ON-SITE,Ice maker MAESTRO MR-820 Black
MR-821,Maestro,NEW,67.68,49,ON-SITE,Ice maker MAESTRO MR-821 White
VL1520,CONCEPT,NEW,142.57,6,ON-SITE,VL1520 CONCEPT ice cube maker
61156,Medisana,NEW,19,200,ON-SITE,Electric heating pad Medisana HP 622
CR 7418,Adler,NEW,36.3,13,ON-SITE,Camry CR 7418 electric blanket Double-sided polar
CR 7421,Adler,NEW,39.44,13,ON-SITE,Camry CR 7421 electric blanket 2x 60 W
AD 7403 zielona,Adler,NEW,12.74,11,ON-SITE,Adler AD 7403 electric foot warmer 80 W Grey
CR 7436,Adler,NEW,43.26,9,ON-SITE,CAMRY CR 7436 electric blanket
AD 7412,Adler,NEW,26.91,4,ON-SITE,Adler AD 7412 electric heating pad 80 W
AD 7427,Adler,NEW,11.49,3,ON-SITE,Adler AD 7427 electric hot-water bottle Blue 360 W
CR 7428,Adler,NEW,17.34,2,ON-SITE,Camry Premium CR 7428 electric blanket Electric bed warmer 45 W Grey
CR 7434,Adler,NEW,36.34,2,ON-SITE,CAMRY CR 7434 ELECTRIC BLANKET
60233,Medisana,NEW,88.56,2,ON-SITE,Knitted heating blaket Medisana HB 680
61130,Medisana,NEW,15.7,2,ON-SITE,Medisana HP 515 heating pad
60259,Medisana,NEW,42.12,2,ON-SITE,Medisana FW150 Foot warmer pad
60231,Medisana,NEW,56.62,1,ON-SITE,Medisana HB 675 Electric blanket 120 W Grey Microfibre
60278,Medisana,NEW,49.31,1,ON-SITE,Medisana OL 750 electric heating pad 50 x 40 cm
294.5,SMAPP,NEW,60.85,24,ON-SITE,SMAPP Slicer 294.5 White
294.5 GRAFIT,SMAPP,NEW,65.94,15,ON-SITE,SMAPP Slicer 294.5 Graphite
80020,HEINRICH'S,NEW,40.94,10,ON-SITE,Heinrich's HMA 8704 Slicer
MR-590,Maestro,NEW,24.1,7,ON-SITE,Maestro MR-590 Slicer White
915511000,taurus,NEW,74.42,7,ON-SITE,Taurus Cutmaster slicer Electric 150 W Black Stainless steel
CR 4702,Adler,NEW,51.29,5,ON-SITE,Camry Premium CR 4702 slicer Electric Black Grey Satin steel Stainless steel
393.5,SMAPP,NEW,71.37,5,ON-SITE,SMAPP 393.5 Foldable Slicer White
CR 4703,Adler,NEW,29.46,2,ON-SITE,Adler AD 4703 slicer Electric 150 W White Plastic
915512000,taurus,NEW,49.21,2,ON-SITE,Taurus Cortafiambres Plegable Cutmaster Compact slicer Electric 100 W White
EKP 3788,Clatronic,NEW,17.97,16,ON-SITE,Clatronic EKP 3788 electric stove
K-02T,Ravanson,NEW,27.1,13,ON-SITE,Countertop Hob Gas Ravanson K-02T [2 zone(s)]
CR 6511,Adler,NEW,17.36,11,ON-SITE,Camry CR 6511 stove Freestanding Black Stainless steel Electric
MR-772-2,Maestro,NEW,20.12,11,ON-SITE,Electric double hot plate 2500 W MR-772-2 MAESTRO
K-04T,Ravanson,NEW,42.5,10,ON-SITE,Countertop Hob Gas Ravanson K-04T [4 zone(s)]
K-03TB,Ravanson,NEW,33.23,9,ON-SITE,Countertop Hob Gas Ravanson K-03TB [white; 3 zone(s)]
K-01T,Ravanson,NEW,17.22,9,ON-SITE,Gas cooker Ravanson K-01T (white; 1 zone)
MR-771-2,Maestro,NEW,17.4,8,ON-SITE,Electric double hot plate 2000W MR-771-2 MAESTRO
K-01BR,Ravanson,NEW,17.06,8,ON-SITE,Gas cooker 1 zone Ravanson K-01BR (Brown)
K-04TB,Ravanson,NEW,42.31,8,ON-SITE,Countertop Hob Gas Ravanson K-04TB [4 zone(s)]
DKP 3668,Clatronic,NEW,30.02,5,ON-SITE,Clatronic DKP 3668 E Black Stainless steel Countertop Sealed plate 2 zone(s)
MS 6508,Adler,NEW,10.25,5,ON-SITE,Mesko Home MS 6508 hob Black Countertop Sealed plate 1 zone(s)
PIC01BLMEU,SMEG,NEW,265.83,5,ON-SITE,Smeg PIC01BLMEU Induction hob with 1 zone Black
AD 6503,Adler,NEW,11.44,4,ON-SITE,Adler AD 6503 hob White Countertop Sealed plate 1 zone(s)
AD 6520,Adler,NEW,15.96,4,ON-SITE,Adler AD 6520Black jug blender
K-02BR,Ravanson,NEW,26.69,4,ON-SITE,Countertop Hob Gas Ravanson K-02BR [2 zone(s)]
K-03BR,Ravanson,NEW,33.33,3,ON-SITE,Countertop Hob Gas Ravanson K-03BR [3 zone(s)]
MS 6509,Adler,NEW,15.11,2,ON-SITE,Mesko Home MS 6509 hob Black Countertop Sealed plate 2 zone(s)
CR 6510,Adler,NEW,11.71,2,ON-SITE,Adler CAMRY CR 6510 stove Freestanding Black Grey Electric
MR-771-1,Maestro,NEW,10.63,2,ON-SITE,Maestro MR-771-1 hob 1000W Black Countertop Sealed plate 1 zone(s)
CR 6514,Adler,NEW,80.96,1,ON-SITE,Induction cooker Camry CR 6514
KWGE-K550,Ravanson,NEW,193.26,3,ON-SITE,Ravanson KWGE-K550 white gas-electric cooker
KWGE-K90A CHEFF MB,Ravanson,NEW,610.59,3,ON-SITE,Ravanson KWGE-K90 Cheff Modern Black gas and electric cooker (black)
KWGE-K90 glass black,Ravanson,NEW,625.96,2,ON-SITE,Ravanson KWGE-K90 black gas/electric cooker
KWGE–90AR,Ravanson,NEW,657.19,1,ON-SITE,Ravanson Retro KWGE–90AR gas and electric cooker (black)
AD 8083,Adler,NEW,116.94,8,ON-SITE,Adler AD 8083 Beverage/wine larder Black
34004214,HAIER,NEW,414.74,2,ON-SITE,Haier Wine Bank 50 Serie 3 HWS49GAE Compressor wine cooler Freestanding Black 49 bottle(s)
C325E,Babyliss,NEW,16.54,71,ON-SITE,BaByliss Pro 180 Sublim’Touch 25 mm
C453E,Babyliss,NEW,25.63,62,ON-SITE,BaByliss C453E 38 mm Curling Tong Curling iron Warm Black Pink 98.4 (2.5 m)
C450E,Babyliss,NEW,25.81,55,ON-SITE,BaByliss 19 mm Curling Tong Curling iron Warm Black Pink gold 98.4 (2.5 m)
C260E,Babyliss,NEW,31.11,33,ON-SITE,BaByliss C260E EasyWaves Texturizing iron Warm Black Silver 70.9 (1.8 m)
C319E,Babyliss,NEW,18.26,27,ON-SITE,BaByliss Pro C319E 180 19mm Curling iron Warm Black Pink
BHB887/00,Philips,NEW,89.18,23,ON-SITE,Philips 8000 series BHB887/00 hair styling tool Curling iron Warm Beige 2 m
C449E,Babyliss,NEW,21.2,19,ON-SITE,BaByliss C449E Tight Curls Curling wand Warm Black Copper 2.5 m
PC-HC 3049,PROFICARE,NEW,9.24,12,ON-SITE,ProfiCare Conical curling iron PC-HC 3049 white/gold
CI5318,REMINGTON,NEW,27.23,10,ON-SITE,Remington CI5318 Curling wand Warm Multicolor 1.8 m
BAB2269TTE,Babyliss,NEW,44.18,8,ON-SITE,BaByliss TRIPPLE WAVER Curling iron Warm Black 125 W 106.3 (2.7 m)
AD 2118,Adler,NEW,10.86,8,ON-SITE,ADLER curling iron AD 2118
AD 2120,Adler,NEW,21.12,7,ON-SITE,Adler AD 2120 Wireless USB curler black pink
ZHL1325,Zelmer,NEW,14.24,7,ON-SITE,40W curling iron ZHL1325 Zelmer
CR 2025,Adler,NEW,11.25,6,ON-SITE,Brush dryer Camry CR 2025
AD 2119,Adler,NEW,11.07,3,ON-SITE,ADLER AD 2119 HAIR CURLER
CI95,REMINGTON,NEW,25.45,3,ON-SITE,Remington REM-CI95
CI41MS5E51,REMINGTON,NEW,44.53,1,ON-SITE,Remington CI41MS5E51 Multi-Styler Beige
CI1A119,REMINGTON,NEW,14.93,1,ON-SITE,Remington CI1A119 Curling iron Black Pink 1.8 m
175772,CURVER,NEW,9.5,200,ON-SITE,Curver 175772 Red Portable Cool Box 10 L
823846,KETER,NEW,2.44,179,ON-SITE,Freezing insert for tourist fridge KETER 823846 2 pc(s)
261193,CURVER,NEW,11.31,27,ON-SITE,Tourist Refrigerator blue 10L 261193 CURVER
262277,CURVER,NEW,15.42,22,ON-SITE,Tourist fridge CURVER 262277 20L Blue
CS-20S,Ravanson,NEW,38.19,17,ON-SITE,Car Cooler Ravanson CS-20S (12V)
AD 8092,Adler,NEW,87.06,11,ON-SITE,Tourist fridge ADLER AD 8092
CS-24S,Ravanson,NEW,43.45,10,ON-SITE,Travel refrigerator Ravanson CS-24S (398 x 430 x 298 mm; 24l; black )
CR 8061,Adler,NEW,87.71,9,ON-SITE,Camry CR 8061 cool box Grey White 40 L Electric
AD 8084w,Adler,NEW,37.54,8,ON-SITE,Adler AD 8084w Freestanding mini fridge White
261196,CURVER,NEW,11.31,7,ON-SITE,Tourist Refrigerator green 10L 261196 CURVER
159567,CURVER,NEW,15.28,7,ON-SITE,Tourist fridge CURVER 159567 20L Blue
AD 8084g,Adler,NEW,36.51,6,ON-SITE,ADLER AD 8084G MINI REFRIGERATOR GREY
AD 8085,Adler,NEW,35.9,4,ON-SITE,Adler AD 8085 fridge Freestanding 4 L G
AD 8081,Adler,NEW,238.24,3,ON-SITE,Compressor refrigerator Adler AD 8081
CS-28S Super,Ravanson,NEW,81.93,2,ON-SITE,Travel refrigerator Ravanson CS-28S Super AC/DC (28l)
AD 8089,Adler,NEW,111.93,25,ON-SITE,Thermoelectric cooler ADLER AD 8089 Black
34005426,HAIER,NEW,867.8,13,ON-SITE,Multidoor refrigerator Haier HTW7720DNGB (black)
LKK-50E,Ravanson,NEW,99.1,12,ON-SITE,Ravanson LKK-50 combi-fridge Freestanding White
LKK-90E,Ravanson,NEW,138.19,12,ON-SITE,Refrigerator-freezer combination Ravanson LKK-90E
34005437,HAIER,NEW,674.35,6,ON-SITE,Haier 3D 60 Serie 5 HTW5620DNMG Freestanding 414 L D Silver
LKK-120RM,Ravanson,NEW,259.31,5,ON-SITE,Fridge & Freezer Retro Ravanson LKK –120RM
ZM-170,Ravanson,NEW,197.37,4,ON-SITE,Ravanson ZM-170 chest freezer (white; 170 l)
4188,HEINRICH'S,NEW,102.37,4,ON-SITE,Heinrich's HKB 4188 W Freestanding mini fridge white
LKK-120ERB,Ravanson,NEW,266.93,3,ON-SITE,Fridge & Freezer Retro Ravanson LKK-120ERB
ZM-150,Ravanson,NEW,238.01,3,ON-SITE,Drawer freezer Ravanson ZM-150
LKK-315RM,Ravanson,NEW,600.94,2,ON-SITE,Ravanson LKK-315RM Retro Fridge 597 mm x 707 mm x 1943 mm | 315 l | Total No Frost | Energy Class E | mint
LKK-315RC,Ravanson,NEW,599.48,2,ON-SITE,Ravanson LKK-315RM Retro Fridge 597 mm x 707 mm x 1943 mm | 315 l | Total No Frost | Energy Class E | Cream
34005425,HAIER,NEW,867.39,2,ON-SITE,Haier Refrigerator HTW7720DNGW (483L; white)
34005233,HAIER,NEW,681.63,1,ON-SITE,Haier 3D 70 Serie 5 HTR5719ENPT Freestanding 528 L Black
LKK-210RB,Ravanson,NEW,378.32,1,ON-SITE,Fridge-freezer Retro Ravanson LKK-210RB
LKK-250RC,Ravanson,NEW,441.93,1,ON-SITE,Fridge-Freezer Retro Ravanson LKK-250RC
LKK-250RB,Ravanson,NEW,476.24,1,ON-SITE,Retro fridge-freezer Ravanson LKK-250RB
MR-1679,Maestro,NEW,13.93,23,ON-SITE,Feel-Maestro MR1679 pastai maker Manual pasta machine
MR-1679R,Maestro,NEW,8.55,5,ON-SITE,Maestro MR-1679RPasta Maker Silver
NC302EU,NINJA,NEW,178.69,145,ON-SITE,Ninja NC302EU ice cream maker Traditional ice cream maker 0.473 L 800 W Black
NC701EU,NINJA,NEW,284.71,74,ON-SITE,Ninja CREAMi Soft serve ice cream maker 0.47 L 800 W Grey Silver
CR 4481,Adler,NEW,68,29,ON-SITE,Camry Premium CR 4481 ice cream maker Gel canister ice cream maker 0.7 L 90 W White
969001000,taurus,NEW,199.21,4,ON-SITE,Taurus Flow ice cream maker
MFW2510W,BOSCH,NEW,64.03,31,ON-SITE,Bosch MFW2510W food processor White 350 W
490.81 BIAŁA,SMAPP,NEW,91.23,21,ON-SITE,Mincer with shredder SMAPP 490.81 2200 W White
489.8 CZARNA,SMAPP,NEW,71.03,11,ON-SITE,Grinder 489.8 SMAPP black
489.81,SMAPP,NEW,86.14,10,ON-SITE,Mincer with shredder 489.81 SMAPP White
489.8 BIAŁA,SMAPP,NEW,66.31,10,ON-SITE,Grinder 489.8 SMAPP White
MFW2517W,BOSCH,NEW,84.97,7,ON-SITE,Bosch MFW2517W food processor 350 W White
MFWS430B,BOSCH,NEW,99.59,6,ON-SITE,Bosch MFWS430B mincer 1900 W Black Silver
AD 4808,Adler,NEW,32.27,6,ON-SITE,Adler AD 4808 mincer 350 W White
MFWS660B,BOSCH,NEW,137.86,4,ON-SITE,Bosch MFW S660B mincer Black Silver
MR-854,Maestro,NEW,48.94,4,ON-SITE,Maestro MR-854 Meat Grinder 1500 W Black
MUZS2FWW,BOSCH,NEW,43.83,3,ON-SITE,Bosch MUZS2FWW mixer/food processor accessory Meat mincer set
MFW2520W,BOSCH,NEW,60.23,3,ON-SITE,Bosch MFW2520W mincer 1500 W Stainless steel White
MFW2514W,BOSCH,NEW,88.09,2,ON-SITE,Bosch MFW2514W food processor 350 W White
490.8,SMAPP,NEW,72.93,1,ON-SITE,SMAPP 490.8Mincer 2200 W White
51120,LEIFHEIT,NEW,16.37,200,ON-SITE,Leifheit Window&Frame Cleaner L 51120
1.633-608.0,KARCHER,NEW,37.17,173,ON-SITE,Kärcher WV 1 Plus electric window cleaner 100 L Black White
1.633-642.0,KARCHER,NEW,47.54,162,ON-SITE,Kärcher WV 2 Plus N electric window cleaner 0.1 L White
2.633-129.0,KARCHER,NEW,10.87,106,ON-SITE,KARCHER SPRAY BOTTLE - 2.633-129.0
1.633-601.0,KARCHER,NEW,30.19,77,ON-SITE,Kärcher WV 1 electric window cleaner 0.1 L White
1.633-741.0,KARCHER,NEW,63.27,69,ON-SITE,Kärcher WV 6 Plus electric window cleaner 0.15 L Silver White
1.633-467.0,KARCHER,NEW,62.81,53,ON-SITE,Kärcher 1.633-467.0 electric window cleaner 0.1 L Black
1.633-640.0,KARCHER,NEW,42.57,41,ON-SITE,Kärcher WV 2 PLUS electric window cleaner 0.1 L Black White
51030,LEIFHEIT,NEW,47.47,11,ON-SITE,Leifheit 51030 electric window cleaner White
364010,Clatronic,NEW,6.96,5,ON-SITE,Clatronic ERB 3815 A Blue Battery Lithium-Ion (Li-Ion) Built-in
S0424050,Braun,NEW,46.02,200,ON-SITE,Braun MultiQuick 7 MQ7000X 0.6 L Immersion blender 1000 W Black Stainless steel
MQ30201,Braun,NEW,30.9,200,ON-SITE,Braun MultiQuick 3 MQ30201M 0.6 L Immersion blender 900 W Black Satin steel
MSM66110,BOSCH,NEW,28.19,102,ON-SITE,Bosch MSM66110 blender Immersion blender 600 W Grey White
BC151EUPR,NINJA,NEW,46.78,100,ON-SITE,Ninja BC151EUPR blender Portable blender Purple Transparent
MMB6177S,BOSCH,NEW,101.67,79,ON-SITE,Bosch Serie 4 MMB6177S blender 1.5 L Tabletop blender 1200 W Black Silver
MSM64110,BOSCH,NEW,24.72,70,ON-SITE,Bosch MSM64110 blender Immersion blender 450 W Red White
NB1206DGCC,nutribullet,NEW,87.77,68,ON-SITE,NutriBullet NB1206DGCC 0.9 L Tabletop blender 1200 W Black Transparent
HB95LD38,Tefal,NEW,95.15,55,ON-SITE,Tefal HB95LD 0.8 L Hand mixer 1200 W Stainless steel Black
BC251EULD,NINJA,NEW,63.22,52,ON-SITE,Ninja BC251EULD blender 0.57 L Portable blender Lavender Transparent
HBF11RDEU,SMEG,NEW,63.91,47,ON-SITE,Smeg 50's Style Hand Blenders HBF11RDEU Red
MSM64010,BOSCH,NEW,20.97,39,ON-SITE,Bosch MSM64010 blender Immersion blender 450 W Red White
ES9160140B,BLACK+DECKER,NEW,30.89,39,ON-SITE,Hand blender Black+Decker BXHBA1200E
HBF11BLEU,SMEG,NEW,62.78,38,ON-SITE,Smeg 50's Style Hand Blenders HBF11BLEU Black
HBF03RDEU,SMEG,NEW,88.73,31,ON-SITE,Smeg HBF03RDEU blender Immersion blender 700 W Red
HB673B30,Tefal,NEW,43.91,28,ON-SITE,Tefal Quickchef+ HB673B30 blender Immersion blender 1000 W Grey Stainless steel
MMR08A1,BOSCH,NEW,24.98,25,ON-SITE,Bosch MMR08A1 electric food chopper 0.8 L 400 W Anthracite White
BL91HD31,Tefal,NEW,159.36,19,ON-SITE,Tefal BL91HD 1.75 L Stand mixer 1600 W Black Stainless steel
BL16GE30,Tefal,NEW,39.63,19,ON-SITE,Bechermixer TEFAL BL16GE30
HR2500/00,Philips,NEW,35.9,18,ON-SITE,Philips 5000 series Eco Conscious Edition HR2500/00 Blender
MSM4B620,BOSCH,NEW,49.32,18,ON-SITE,Bosch MSM4B620 blender Immersion blender 1000 W Black
MSM4W420,BOSCH,NEW,39.78,17,ON-SITE,BOSCH MSM 4W420 hand blender
MMB6141S,BOSCH,NEW,58.61,17,ON-SITE,Bosch Serie 4 MMB6141S Tabletop blender 1200 W Silver
MFQ3010,BOSCH,NEW,20.1,17,ON-SITE,Bosch MFQ3010 Hand mixer White 300 W
HBF03BLEU,SMEG,NEW,88.58,17,ON-SITE,Smeg HBF03BLEU Immersion blender 700 W Black
PBF01PGEU,SMEG,NEW,82.18,16,ON-SITE,Smeg PBF01PGEU Sports blender 0.6 l 300 W Green
BL2C0130,Tefal,NEW,29.36,16,ON-SITE,Tefal Blendeo+ BL2C01 1.5 L Tabletop blender 450 W White
BM 3472,Clatronic,NEW,21.99,15,ON-SITE,Clatronic BM 3472 mixer Stand mixer 65 W Chrome
HR3770/00,Philips,NEW,130.57,14,ON-SITE,Philips HR3770/00 blender Cooking blender 1500 W Black Copper
Xtend,ZWILLING,NEW,76.54,14,ON-SITE,ZWILLING Xtend hand mixer
MSM67160,BOSCH,NEW,45.41,14,ON-SITE,Bosch MSM67160 blender Immersion blender 750 W Black Grey
HBF11CREU,SMEG,NEW,63.8,13,ON-SITE,Smeg 50's Style Hand Blenders HBF11CREU Cream
SM3391,CONCEPT,NEW,43.69,13,ON-SITE,Concept sm3391 1.2 L Tabletop blender 700 W Stainless steel White
MR-551,Maestro,NEW,23.35,13,ON-SITE,Maestro MR-551 Stand mixer with rotating bowl 600 W Black Steel
PC-UM 1207,PROFICOOK,NEW,43.92,12,ON-SITE,ProfiCook 501207 mixer Stand mixer 1200 W Stainless steel
53003-000-0,ZWILLING,NEW,54.05,12,ON-SITE,ZWILLING ENFINIGY Blender 0.55 L Stand mixer 600 W Silver
MFQ36490,BOSCH,NEW,56.49,12,ON-SITE,Bosch MFQ36490 mixer Stand mixer 450 W White
ES9160170B,BLACK+DECKER,NEW,36.37,10,ON-SITE,Hand blender Black+Decker BXHBA1501E
ES9160080B,BLACK+DECKER,NEW,54.1,10,ON-SITE,Immersion blender Black+Decker BXHBA1500E (1500W; black)
MR-500,Maestro,NEW,12.05,10,ON-SITE,Maestro MR-500 Hand mixer Black
SM4050,CONCEPT,NEW,39.6,9,ON-SITE,CONCEPT SM4050 Smoothie NutriMaker Cordless blender 120 W Black
ES9120030B,BLACK+DECKER,NEW,26.86,9,ON-SITE,Sports blender Black+Decker BXJBA350E (350W; grey)
MFQ 3030,BOSCH,NEW,21.64,9,ON-SITE,Bosch MFQ3030 mixer Hand mixer White 350 W
264030,Clatronic,NEW,8.92,9,ON-SITE,Clatronic SM 3824 Immersion blender 350 W Black
MR-582,Maestro,NEW,16.28,8,ON-SITE,Maestro MR-582 Chopper 750 W Black
53001-001-0,ZWILLING,NEW,343.23,8,ON-SITE,Pro ZWILLING Enfinigy 53001-001-0 black high-performance blender
SM3491,CONCEPT,NEW,36.61,8,ON-SITE,CONCEPT SM3491 Blender 700 W White
MR-564,Maestro,NEW,17.17,8,ON-SITE,Feel-Maestro MR-564 5-in-1 blender 0.6 l 300 W Black
MR-566,Maestro,NEW,15.52,8,ON-SITE,Hand blender Maestro MR-566 3-in-1 set 500 W Black
ZHB4562L,Zelmer,NEW,26.69,8,ON-SITE,Zelmer ZHB4562L Immersion blender Pulsar 800 W Lime
CR 4623,Adler,NEW,58.99,8,ON-SITE,Hand mixer CAMRY CR 4623
CR 4615,Adler,NEW,25.73,7,ON-SITE,Camry CR 4615 blender Immersion blender Black Stainless steel 700 W
AD 4082,Adler,NEW,18.56,7,ON-SITE,Chopper with glass bowl Adler AD 4082
HPM 8164,HEINRICH'S,NEW,15.67,7,ON-SITE,HEINRICH'S HPM 8164 Blender
MFQ24200,BOSCH,NEW,28.72,7,ON-SITE,Bosch CleverMixx MFQ24200 400 W Hand Mixer White
MR-567,Maestro,NEW,27.41,7,ON-SITE,Maestro MR-567 blender Immersion blender 1000 W Black Stainless steel
916495000,taurus,NEW,42.2,6,ON-SITE,Taurus Hand Blender HBA2300X 2300W
912487000,taurus,NEW,38.82,6,ON-SITE,Taurus SHAKE & GO MIX 1000 W 0.5 L Hand Blender
MFQ36480,BOSCH,NEW,49.93,6,ON-SITE,Bosch MFQ36480 mixer Hand mixer 450 W Grey White
ES9120160B,BLACK+DECKER,NEW,38.24,6,ON-SITE,Black+Decker BXJBA1203E 1000 W hand blender + 2 bottles + 2 lids
ES9130090B,BLACK+DECKER,NEW,38.15,6,ON-SITE,Hand mixer Black+Decker BXMXA500E (500 W)
MR-511,Maestro,NEW,12.94,6,ON-SITE,Feel-Maestro MR-511 blender Cooking blender Black 500 W
CR 4630,Adler,NEW,15.4,6,ON-SITE,Camry CR 4630 Stabmixer schwarz silber
AD 4620,Adler,NEW,16.39,5,ON-SITE,Hand blender Adler AD 4620
63390,Xiaomi,NEW,63.43,5,ON-SITE,Xiaomi Blender Pro 1.75 L Tabletop blender 800 W Grey White
BL985A31,Tefal,NEW,247.96,5,ON-SITE,Bechermixer TEFAL BL985A31
BL439G10,Tefal,NEW,56.92,5,ON-SITE,Jug blender TEFAL BL439G10
MFQ4020,BOSCH,NEW,36.28,5,ON-SITE,Bosch MFQ4020 mixer Hand mixer 450 W Anthracite White
916493000,taurus,NEW,45.01,5,ON-SITE,Taurus Bapi 1500 Luxe XL Plus 1500 W hand mixer
MR-550,Maestro,NEW,19.62,5,ON-SITE,600W MR-550 MAESTRO stand mixer with rotating bowl
MFQ40301,BOSCH,NEW,44.32,4,ON-SITE,Bosch MFQ40301 mixer Hand mixer 500 W
53002-001-0,ZWILLING,NEW,111.85,4,ON-SITE,ZWILLING Universal 1200 L Stand mixer 1200 W Black
MSM14100,BOSCH,NEW,17.03,4,ON-SITE,BOSCH MSM 14100 hand blender white
MMB2111S,BOSCH,NEW,46.99,4,ON-SITE,Bosch VitaPower MMB2111S blender 0.6 L Tabletop blender 450 W Silver
RM3300,CONCEPT,NEW,55.03,4,ON-SITE,Concept RM3300 food processor 2 L Black
ZHB4560I,Zelmer,NEW,15.76,4,ON-SITE,Zelmer Pulsar ZHB4560I hand blender ivory
AD 4081,Adler,NEW,26.04,4,ON-SITE,Personal blender ADLER AD 4081
CR 4621,Adler,NEW,14.9,4,ON-SITE,HAND BLENDER CAMRY CR 4621
CR 4088,Adler,NEW,48.18,3,ON-SITE,Stand Mixer Camry CR 4088
AD 4616,Adler,NEW,11.9,3,ON-SITE,Adler AD 4616 Immersion blender
53003-001-0,ZWILLING,NEW,56.08,3,ON-SITE,ZWILLING ENFINIGY Blender 0.55 L Stand mixer 600 W Black
MFQ40304,BOSCH,NEW,38.95,3,ON-SITE,Bosch MFQ 40304 Hand mixer Red White 500 W
912471000,taurus,NEW,42.76,3,ON-SITE,Taurus OPTIMA GO 1500 jug blender
MR-556,Maestro,NEW,19.47,3,ON-SITE,Maestro MR556 Stand mixer 600 W White
MR-553,Maestro,NEW,24.56,3,ON-SITE,Maestro MR-553 Stand mixer with rotating bowl 600 W Black Steel
PC-MZ 1227,PROFICOOK,NEW,21.28,3,ON-SITE,PROFICOOK SHREDDER PC-MZ 1227
MR-571,Maestro,NEW,22.03,2,ON-SITE,Food processor MAESTRO MR-571 1200W White Grey
MR-504,Maestro,NEW,11.59,2,ON-SITE,Maestro MR-504 Hand mixer Black
912480000,taurus,NEW,33.63,2,ON-SITE,Taurus Optima Vintage 1500 Max 1.8 L Tabletop blender 1500 W Cream
MMRP1000,BOSCH,NEW,25.53,2,ON-SITE,Bosch MMRP1000 electric food chopper 0.8 L 400 W Red Transparent White
HBF03PBEU,SMEG,NEW,88.63,2,ON-SITE,Smeg HBF03PBEU Hand blender with accessories 700 W Blue
ZSB3200,Zelmer,NEW,40.99,2,ON-SITE,Nutri Blender 1200W ZSB3200 Zelmer Black
SM3380,CONCEPT,NEW,29.12,2,ON-SITE,Concept SM3385 blender 0.5 L Tabletop blender 180 W
AD 4078,Adler,NEW,41.26,2,ON-SITE,Blender Cup Adler AD 4078
AD 4212,Adler,NEW,16.26,2,ON-SITE,Adler AD 4212 mixer Hand mixer Red White
AD 4225,Adler,NEW,19.22,2,ON-SITE,Hand mixer ADLER AD 4225
BHR8936EU,Xiaomi,NEW,43.58,2,ON-SITE,Xiaomi EU cup blender black
ZHB4561L,Zelmer,NEW,19.18,1,ON-SITE,Zelmer Pulsar ZHB4561L hand blender lime
71097,KOHERSEN,NEW,34.89,1,ON-SITE,Kohersen vacuum blender VB1500 (anthracite)
ES9120070B,BLACK+DECKER,NEW,24.41,1,ON-SITE,Tabletop blender Black+Decker BXJB500E (500W; 1 5l)
53000-001-0,ZWILLING,NEW,143.19,1,ON-SITE,ZWILLING ENFINIGY Blender 1.8 L Tabletop blender 1600 W Black
MFQ37470,BOSCH,NEW,57.86,1,ON-SITE,Bosch MFQ37470 Hand mixer 750 W Black White
AD 4449b,Adler,NEW,21.86,8,ON-SITE,Spice mill set Adler AD 4449B Black
MR-1722,Maestro,NEW,7.11,7,ON-SITE,Maestro MR-1722 electric spice grinder
PC-PSM 1160,PROFICOOK,NEW,11.55,6,ON-SITE,ProfiCook PC-PSM 1160 Salt & pepper grinder set Stainless steel Transparent
G-34638,GEFU,NEW,15.21,2,ON-SITE,GEFU LAMOLA Double Mill G-34638
AD 4449w,Adler,NEW,20.9,1,ON-SITE,Spice mill set Adler AD 4449W white
TSM6A017C,BOSCH,NEW,15.02,200,ON-SITE,Bosch TSM6A017C coffee grinder 180 W Cream
MSS-1DTB,HARIO,NEW,18.61,83,ON-SITE,Hario MSS-1DTB coffee grinder Blade grinder Black
4260113437681,COMANDANTE,NEW,162.68,39,ON-SITE,Comandante C40 MK4 Nitro Blade coffee grinder
KG89,DeLonghi,NEW,47.31,36,ON-SITE,De’Longhi KG89 110 W Stainless steel
4260113437490,COMANDANTE,NEW,191.8,27,ON-SITE,Comandante Coffee Grinder C40 MK4 Nitro Virginia Walnut
8056746348502,Eureka,NEW,314.91,25,ON-SITE,Eureka Mignon Specialita 15BL - Coffee grinder Black
CM-502C,HARIO,NEW,26.96,24,ON-SITE,Manual coffee grinder Hario Column CM-502C
4260113435663,COMANDANTE,NEW,166.03,18,ON-SITE,Comandante C40 MK4 Nitro Blade coffee grinder
4260113437483,COMANDANTE,NEW,191.76,18,ON-SITE,Comandante C40 MK4 Nitro Blade coffee grinder
4260113439319,COMANDANTE,NEW,170.54,15,ON-SITE,Comandante C40 MK4 Lab Series Tigershark Stone Washed Manual coffee grinder
CGF03CREU,SMEG,NEW,158.98,11,ON-SITE,Smeg CGF03CREU Coffee grinder 150 W Cream
ESB9080030L,BLACK+DECKER,NEW,14.44,9,ON-SITE,Coffee grinder Black+Decker BXCG152E
1230000201919,FELLOW,NEW,225.68,9,ON-SITE,Fellow OPUS GEN 2 Automatic Coffee Grinder Black
ES9080010B,BLACK+DECKER,NEW,14.43,8,ON-SITE,Coffe grinder Black+Decker BXCG150E (150W)
4260113431658,COMANDANTE,NEW,195.96,7,ON-SITE,Comandante C40 MK4 Nitro Blade America Cherry coffee grinder
4260113438107,COMANDANTE,NEW,162.69,6,ON-SITE,Comandante C40 MK4 Nitro-Blade Racing Green coffee hand grinder
4260113439791,COMANDANTE,NEW,167.27,5,ON-SITE,Comandante C40 MK4 Lab Series Nitro Blade Stone Washed Manual Coffee Grinder
1220000880368,FELLOW,NEW,266.67,4,ON-SITE,Fellow OPUS GEN 2 Automatic Coffee Grinder Sesame Beige
1220000880412,FELLOW,NEW,266.66,4,ON-SITE,Fellow OPUS GEN 2 Automatic Coffee Grinder Cherry Red
AD 4446wg,Adler,NEW,11.36,4,ON-SITE,Coffee grinder Adler AD 4446wg
4260113438893,COMANDANTE,NEW,374.73,4,ON-SITE,Comandante C60 Baracuda Nautilus Blue Coffee Grinder – Blue
4260113439890,COMANDANTE,NEW,191.97,3,ON-SITE,Comandante C40 MK4 Vintage Oak Classic Coffee Grinder
8056746348380,Eureka,NEW,368.13,3,ON-SITE,EUREKA 16CR Automatic Coffee Grinder Silver
AD 4300,Adler,NEW,59.01,2,ON-SITE,Adler AD 4300 Burr coffee grinder black
1220000880337,FELLOW,NEW,266.7,2,ON-SITE,Fellow OPUS GEN 2 Automatic Coffee Grinder Forest Green
TSM6A011W,BOSCH,NEW,15.01,1,ON-SITE,Bosch TSM6A011W coffee grinder 180 W White
FSMH1321,BLACK+DECKER,NEW,78.18,200,ON-SITE,Black & Decker FSMH1321 steam cleaner Steam mop 0.5 L 1300 W Blue White
FSMH13E5-QS,BLACK+DECKER,NEW,37.59,174,ON-SITE,Black & Decker steam mop 5 in 1 FSMH13E5 Blue White
FSM13E1-QS,BLACK+DECKER,NEW,33,121,ON-SITE,Black & Decker FSM13E1 steam cleaner 0.38 L 1300 W Blue White
180835,VILEDA,NEW,73.14,98,ON-SITE,Steam mop Vileda Steam Plus XXL Pro
FSMH13E10-QS,BLACK+DECKER,NEW,41.62,73,ON-SITE,Black & Decker FSMH13E10 steam cleaner 1300 W White
1.055-701.0,KARCHER,NEW,262.64,57,ON-SITE,Kärcher FC 7 CORDLESS Electric broom Battery Wet Bagless Black White Yellow 2.85 Ah
173948,VILEDA,NEW,64.91,44,ON-SITE,Steam Mop Vileda Steam XXL 3.0
1.513-560.0,KARCHER,NEW,51.31,40,ON-SITE,KARCHER SC 1 UPRIGHT STEAM MOP
BHSM1610DSM,BLACK+DECKER,NEW,130.26,34,ON-SITE,Black & Decker BHSM1610DSM Portable steam cleaner 0.5 L 1600 W Aqua colour White
180839,VILEDA,NEW,71.12,30,ON-SITE,Steam mop Vileda Steam Plus Pro
FSMH1351SM-QS,BLACK+DECKER,NEW,93.81,21,ON-SITE,Black+Decker 9IN1 Steam Mop 0.5 l 1300 W Turquoise White
710161,HEINRICH'S,NEW,23.29,20,ON-SITE,HEINRICH'S 8734 Portable Steam Cleaner Yellow
AD 7038,Adler,NEW,32,12,ON-SITE,Steam cleaner Adler AD 7038
1.056-310.0,KARCHER,NEW,109.16,7,ON-SITE,Kärcher EWM 2 Stick vacuum Battery Wet Black White Yellow 2.5 Ah
1.056-126.0,KARCHER,NEW,241.24,3,ON-SITE,KARCHER FCV 3 Extra+ electric mop with vacuum function - 1.056-126.0 White
XV5113/01,Philips,NEW,125.46,2,ON-SITE,Philips OneUp 5000 Series Electric Mop
DR 3539,Clatronic,NEW,43.51,1,ON-SITE,Clatronic DR 3539 Portable steam cleaner 0.3 L 1500 W Grey Orange
1.513-590.0,KARCHER,NEW,78.45,1,ON-SITE,Kärcher KST 2 Upright steam cleaner 0.4 L 1600 W (1.513-590.0) White Black
1.512-630.0,KARCHER,NEW,182.54,200,ON-SITE,Kärcher SC 4 EasyFix Cylinder steam cleaner 0.8 L 2000 W
1.516-410.0,KARCHER,NEW,75.4,145,ON-SITE,Kärcher SC 1 Multi & Up Portable steam cleaner 0.2 L 1300 W Black Yellow
1.513-650.0,KARCHER,NEW,129.82,87,ON-SITE,Kärcher SC 3 EasyFix Cylinder steam cleaner 0.5 L 1900 W Black White
1.512-640.0,KARCHER,NEW,217.67,72,ON-SITE,KARCHER Steam Cleaner SC 4 EasyFix Plus - 1.512-640.0
1.513-400.0,KARCHER,NEW,117.99,52,ON-SITE,Kärcher SC 2 Deluxe 1 L 1500 W Black White
1.513-460.0,KARCHER,NEW,245.86,17,ON-SITE,KARCHER Steam Cleaner SC 4 Deluxe - 1.513-460.0
2635J,BISSELL,NEW,54.66,12,ON-SITE,Bissell Steam Shot 2635J Portable steam cleaner 0.36 L 1050 W Blue Titanium
1.516-400.0,KARCHER,NEW,58.56,10,ON-SITE,Kärcher SC 1 Cylinder steam cleaner 1200 W Black White
1.513-500.0,KARCHER,NEW,79.99,2,ON-SITE,Kärcher SC 2 UPRIGHT Steam mop 0.4 L 1600 W Black White
MR-358,Maestro,NEW,17.58,2,ON-SITE,Maestro MR-358 Garment steamer Grey
JM600TE0,Tefal,NEW,248.59,20,ON-SITE,Tefal JM600T pizza maker/oven 1 pizza(s) Terracotta
AD 6309,Adler,NEW,103.95,6,ON-SITE,ADLER AD 6309 fat-free oven
AD 6026,Adler,NEW,92.44,6,ON-SITE,Adler AD 6026 oven Black
AD 6030,Adler,NEW,92.43,5,ON-SITE,Adler AD 6030 oven Black
AD 6028,Adler,NEW,105.9,3,ON-SITE,Adler AD 6028 oven Black
AD 6024,Adler,NEW,68.06,3,ON-SITE,Adler AD 6024 oven Black
AD 6031,Adler,NEW,82.21,1,ON-SITE,Electric oven ADLER AD 6031 Black
PC-USR 3120,PROFICARE,NEW,21.69,76,ON-SITE,ProfiCare PC-USR 3120 18 W White
HZW 8322,HEINRICH'S,NEW,26.69,10,ON-SITE,HEINRICH'S HZW 8322 Cotton candy machine White Red
AD 3093,Adler,NEW,22.62,15,ON-SITE,Adler AD 3093 Double-Sided Electric Pancake Maker 2 in 1 Black
968384000,taurus,NEW,32.48,5,ON-SITE,Taurus Crepe&Fun Pancake Machine 968384000
EM 3062,Clatronic,NEW,14.95,34,ON-SITE,Clatronic EM 3062 electric knife White 160 W
3702,Clatronic,NEW,16.51,34,ON-SITE,CLATRONIC EM 3702 electric knife 120W Black
AD 4512,Adler,NEW,16.39,5,ON-SITE,Electric knife ADLER AD 4512 White
CR 4513,Adler,NEW,23.55,2,ON-SITE,Camry CR 4513 Electric Knife Set
MR-1412-BEIGE,Maestro,NEW,24.18,30,ON-SITE,Maestro MR-1412-BEIGE Knife set with block + Cutting board set Beige
MR-1413-BLACK,Maestro,NEW,12.78,6,ON-SITE,Kitchen cutting set MAESTRO MR-1413 Knife set (MR-1413-BLACK) Black
BHR6026EU,Xiaomi,NEW,35.51,64,ON-SITE,Xiaomi Smart 2 humidifier 4.5 L White 28 W
BHR6605EU,Xiaomi,NEW,26.66,41,ON-SITE,Xiaomi 2 Lite humidifier Ultrasonic 4 L White 23 W
60066,Medisana,NEW,43.13,4,ON-SITE,Medisana air humidifier AH 663
BHR5274GL,Xiaomi,NEW,108.77,94,ON-SITE,Xiaomi Smart Air Purifier 4 Lite 2 m2 61 dB 33 W White
AC2220/10,Philips,NEW,168.1,75,ON-SITE,Philips PureProtect Quiet 2200 Series
AC3221/13,Philips,NEW,246.95,27,ON-SITE,Philips 3200 series AC3221/13 air purifier 135 m2 47.5 dB 36 W Grey
AC0651/10,Philips,NEW,82.08,1,ON-SITE,Philips 600 series AC0651/10 Air Purifier
BHR08MZEU,Xiaomi,NEW,135.06,1,ON-SITE,Xiaomi Mijia Smart Air Purifier 6
H9A3A01-12,roborock,NEW,147.29,200,ON-SITE,Cordless upright hoover Roborock H60 Hub
900004,Numatic,NEW,153.46,200,ON-SITE,Numatic HENRY HVR200-11 9 L Cylinder vacuum Dry 620 W Dust bag
BHHV520JF,BLACK+DECKER,NEW,57.5,200,ON-SITE,HAND VAC BLACK&DECKER BHHV520JF
BHHV520BFP,BLACK+DECKER,NEW,66.54,200,ON-SITE,Black & Decker BHHV520BFP handheld vacuum Black Violet Bagless
ES9480030B,BLACK+DECKER,NEW,42.88,200,ON-SITE,Corded stick vacuum Black+Decker BXVMS600E
NVC220WBC,BLACK+DECKER,NEW,28.88,200,ON-SITE,Black & Decker NVC220WBC handheld vacuum Blue Chrome Bagless
1558N,BISSELL,NEW,131.35,200,ON-SITE,Bissell 1558N vacuum Cylinder vacuum Dry&wet 750 W Bagless
1.081-539.0,KARCHER,NEW,148.13,147,ON-SITE,KARCHER SE 3 Compact Home N1 Washing Vacuum Cleaner - 1.081-539.0
1.081-416.0,KARCHER,NEW,102.88,111,ON-SITE,Carpet washer vacuum KARCHER SE 2 Spot Pure - 1.081-416.0
ESB9480110L,BLACK+DECKER,NEW,39.28,109,ON-SITE,Black+Decker BXVMS602E Upright vacuum cleaner Black Blue
FC9331/09,Philips,NEW,82.69,99,ON-SITE,Philips 3000 series FC9331/09 vacuum 1.5 L Cylinder vacuum Dry Bagless
DVD320BP-QW,BLACK+DECKER,NEW,61.55,96,ON-SITE,Black & Decker DVD320BP handheld vacuum Bagless
DCL184Z,MAKITA,NEW,79.51,96,ON-SITE,MAKITA DCL184Z 18V Vacuum Cleaner
DVD320B-QW,BLACK+DECKER,NEW,53.14,95,ON-SITE,Black & Decker DVD320B handheld vacuum Black Silver Turquoise Bagless
DVD320J-QW,BLACK+DECKER,NEW,50,94,ON-SITE,Black & Decker DVD320J-QW handheld vacuum Bagless
BHHV520BF,BLACK+DECKER,NEW,61.95,92,ON-SITE,Black & Decker BHHV520BF handheld vacuum Black Blue Silver Bagless
PV1200AV-XJ,BLACK+DECKER,NEW,30.91,89,ON-SITE,Black & Decker PV1200AV Grey Red Transparent
902398,Numatic,NEW,150.49,85,ON-SITE,LotusGrill Henry Compact 6 L Drum vacuum Dry 620 W Dust bag
2278N,BISSELL,NEW,68.79,81,ON-SITE,Bissell 2278N handheld vacuum Black Bagless
DCV501LN-XJ,DeWalt,NEW,121.14,72,ON-SITE,DeWALT DCV501LN-XJ vacuum Drum vacuum Dry Bagless
902398,Numatic,NEW,150.58,67,ON-SITE,LotusGrill Henry Compact 6 L Drum vacuum Dry 620 W Dust bag
PD1200AV,BLACK+DECKER,NEW,31.34,60,ON-SITE,Black & Decker PD1200AV-XJ handheld vacuum Grey Orange Bagless
FC9729/09,Philips,NEW,156.08,58,ON-SITE,Philips PowerPro Expert Bagless vacuum cleaner FC9729/09
1.100-130.0,KARCHER,NEW,562.24,52,ON-SITE,KARCHER Puzzi 10/1 1.100-130.0 (1250W;
NVC115JL,BLACK+DECKER,NEW,19.71,46,ON-SITE,Black & Decker NVC115JL handheld vacuum Grey White Bagless
BHHV320B,BLACK+DECKER,NEW,57.28,46,ON-SITE,12V HANDHELD VACUUM CLEANER BHHV320B BLACK+DECKER
1.100-240.0,KARCHER,NEW,428.24,45,ON-SITE,Kärcher Puzzi 8/1 Drum vacuum Wet 1200 W Bagless 1.100.240.0
PD1820LF-QW,BLACK+DECKER,NEW,79.61,44,ON-SITE,Black & Decker PD1820LF handheld vacuum Black Chrome Bagless
BGB41POW1,BOSCH,NEW,129.44,40,ON-SITE,Bosch Serie 4 BGB41POW1 850 W black bagged vacuum cleaner
1.628-135.0,KARCHER,NEW,79.23,39,ON-SITE,Kärcher WD 3 S V-17/4/20 17 L Drum vacuum Dry&wet 1000 W Dust bag
PD1820L-QW,BLACK+DECKER,NEW,64.46,37,ON-SITE,Black & Decker PD1820L-QW handheld vacuum Chrome Bagless
1.378-621.0,KARCHER,NEW,222.72,32,ON-SITE,Universal vacuum cleaner Kärcher NT 22/1 Ap Te Adv L 22 l 1300 W (1.378-621.0) Anthracite
1.628-209.0,KARCHER,NEW,91.22,31,ON-SITE,Kärcher WD 4 V-20/5/22 20 L Drum vacuum Dry&wet 1000 W Bagless
NVC115W,BLACK+DECKER,NEW,20.53,30,ON-SITE,Black & Decker NVC115W handheld vacuum Grey Purple Bagless
3681N,BISSELL,NEW,159.23,30,ON-SITE,Bissell SpotClean Carpet Cleaning Vacuum Cleaner Black
1.081-530.0,KARCHER,NEW,139.75,29,ON-SITE,Kärcher 1.081-530.0 vacuum 2.9 L Cylinder vacuum Dry&wet 500 W Bagless
1.628-500.0,KARCHER,NEW,61.57,28,ON-SITE,Kärcher WD 2-18 12 L Drum vacuum Dry&wet 225 W Bagless
VS70H25WPT/WA,Samsung,NEW,351.91,27,ON-SITE,Samsung Jet 85S Premium upright vacuum cleaner VS70H25WPT/WA
BHFEV182C-QW,BLACK+DECKER,NEW,106.61,26,ON-SITE,Black & Decker BHFEV182C-QW 18V upright vacuum cleaner
1.355-307.0,KARCHER,NEW,243.84,26,ON-SITE,Dry vacuum cleaner Kärcher T 15/1 HEPA 15 l 585 W (1.355-307.0) Anthracite
BHFEB520D1-QW,BLACK+DECKER,NEW,147.05,26,ON-SITE,Black & Decker BHFEB520D1-QW stick vacuum/electric broom Battery Dry Cyclonic Bagless Black Silver Transparent 2 Ah
1.628-121.0,KARCHER,NEW,75.92,25,ON-SITE,FryUniversal Vacuum Cleaner KARCHER WD 3 V-15/4/20 Car
900044,Numatic,NEW,169.94,25,ON-SITE,Numatic Hetty HET200-11 9 L Cylinder vacuum Dry 620 W Dust bag
TY2039WO,Tefal,NEW,154.84,22,ON-SITE,Cordless Vacuum Cleaner TEFAL X-Force Flex 9.60 100 AW 45 min
XW6264/11,Philips,NEW,260.64,22,ON-SITE,Philips 6000 series XW6264/11 stick vacuum/electric broom Battery Dry&wet Cyclonic Bagless Grey
1.428-114.0,KARCHER,NEW,243.93,21,ON-SITE,Kärcher Wet and dry vacuum cleaner NT 27/1 Me Adv
CR 7046,Adler,NEW,33.61,21,ON-SITE,CAMRY CR 7046 VACUUM CLEANER
F25 ACE Combo,roborock,NEW,454.08,20,ON-SITE,Cordless upright hoover Roborock F25 ACE Combo
BSV520BRB-QW,BLACK+DECKER,NEW,168.55,19,ON-SITE,Black & Decker BSV520BRB-QW stick vacuum/electric broom Battery Dry Bagless 0.65 L Blue 2 Ah
BSV520BRP-QW,BLACK+DECKER,NEW,191.68,19,ON-SITE,Black & Decker BSV520BRP-QW stick vacuum/electric broom Battery Dry Bagless 0.65 L 2 Ah
US-NU-903371,Numatic,NEW,154.4,19,ON-SITE,Numatic HET160-11 6 L Cylinder vacuum 620 W
948090000,taurus,NEW,81.19,18,ON-SITE,Taurus SPCL602 carpet textile and upholstery vacuum cleaner
1.628-360.0,KARCHER,NEW,186.98,18,ON-SITE,Kärcher WD 6 P S V-30/6/22/T Black Stainless steel Yellow 30 L 1300 W
VP4201,CONCEPT,NEW,60.61,18,ON-SITE,Concept VP4201 stick vacuum/electric broom 2-in-1 stick vacuum AC Dry&wet Bagless 0.6 L 90 W Black Silver
1.148-221.0,KARCHER,NEW,309.58,16,ON-SITE,Kärcher NT 30/1 Ap L 30 L Drum vacuum Dry&wet 1380 W Bagless
BSV525BLP-QW,BLACK+DECKER,NEW,214.5,16,ON-SITE,Black & Decker BSV525BLP-QW stick vacuum/electric broom Battery Dry Bagless 0.65 L 2.5 Ah
FC9556/09,Philips,NEW,153.76,16,ON-SITE,Philips 5000 series FC9556/09 vacuum 1.5 L Cylinder vacuum 750 W Bagless
1.428-500.0,KARCHER,NEW,182.62,15,ON-SITE,Kärcher Wet and dry vacuum cleaner NT 27/1
608.2,SMAPP,NEW,122.5,14,ON-SITE,SMAPP 608.2 vacuum cleaner red
BGB38RD2,BOSCH,NEW,98.69,14,ON-SITE,Bosch Serie 4 BGB38RD2 vacuum 4 L Cylinder vacuum Dry 600 W Dust bag
CR 7045,Adler,NEW,94.9,13,ON-SITE,Industrial vacuum cleaner Camry CR 7045
BHHV320J,BLACK+DECKER,NEW,53.25,11,ON-SITE,Black & Decker BHHV320J handheld vacuum Blue Titanium Bagless
948084000,taurus,NEW,178.34,10,ON-SITE,Taurus Homeland X9 Pro Pet & Car Cordless Stick Vacuum Cleaner Battery-powered Dry HEPA Bagless 0.7 l 615 W Black Brown 2.5 Ah
VS70H28GEK/WA,Samsung,NEW,465.56,10,ON-SITE,Samsung Jet 95S Complete Extra Upright Vacuum Cleaner VS70H28GEK/WA
BGBS2BU1T,BOSCH,NEW,104.54,10,ON-SITE,Bosch Serie 2 BGBS2BU1T vacuum 3.5 L Cylinder vacuum Dry 850 W Dust bag
1.628-003.0,KARCHER,NEW,65.21,10,ON-SITE,Kärcher WD 2 PLUS 15 L Drum vacuum Dry&wet 1000 W Dust bag
1.148-231.0,KARCHER,NEW,371.83,10,ON-SITE,Kärcher NT 30/1 Ap Te L Black Grey Yellow 30 L 1380 W
PC-BS 3138,PROFICARE,NEW,96.58,10,ON-SITE,Odkurzacz PC-BS 3138 PROFICARE
BGB41RD3H,BOSCH,NEW,145.3,9,ON-SITE,BOSCH hoover BGB 41RD3H
AD 7036,Adler,NEW,28.44,9,ON-SITE,Adler AD 7036 handheld vacuum Bagless Black Bronze Grey Orange Transparent
FC9550/09,Philips,NEW,121.2,8,ON-SITE,Philips 5000 series FC9550/09 vacuum 1.5 L Cylinder vacuum Dry 900 W Bagless
1.198-353.0,KARCHER,NEW,56.4,8,ON-SITE,Kärcher CVH 3 handheld vacuum Bagless (1.198-353.0) Black White
178235,VILEDA,NEW,202.59,8,ON-SITE,Wet & Dry Vacuum Cleaner Vileda Pure Clean S5 Plus
BBS611BSC,BOSCH,NEW,168.82,8,ON-SITE,Bosch Serie 6 BBS611BSC stick vacuum/electric broom 2-in-1 stick vacuum Battery Dry Bagless Black 2.5 Ah
JV51,JIMMY,NEW,140.17,8,ON-SITE,Handheld Vacuum Cleaner Jimmy JV51 (cordless)
BHN16L,BOSCH,NEW,61.43,7,ON-SITE,Bosch BHN16L handheld vacuum Bagless
AD 7051,Adler,NEW,63.87,7,ON-SITE,Upright hoover Adler AD 7051
AD 7036w,Adler,NEW,27.79,7,ON-SITE,Adler AD 7036W hand vac white
BGBS2LB1,BOSCH,NEW,73.73,7,ON-SITE,Bosch Serie 2 BGBS2LB1 vacuum 3.5 L Cylinder vacuum Dry 600 W Dust bag
HS 2631,Clatronic,NEW,22.38,6,ON-SITE,Clatronic HS 2631 handheld vacuum Grey Dust bag
1.629-731.0,KARCHER,NEW,120.01,6,ON-SITE,Kärcher AD 4 Premium 17 L Black Yellow
VS20B95943N/GE,Samsung,NEW,491.92,6,ON-SITE,Samsung upright hoover VS20B95943N/GE
VP4360,CONCEPT,NEW,48.6,6,ON-SITE,Concept wet and dry hand vac VP4360
BHN20L,BOSCH,NEW,65.88,5,ON-SITE,Bosch BHN20L handheld vacuum Black Blue
BGB41PET1,BOSCH,NEW,148.06,5,ON-SITE,Bosch BGB41PET1 vacuum 4 L Cylinder vacuum Dry 700 W Dust bag
CS-RH2-MGA3,ezviz,NEW,367.95,5,ON-SITE,Vacuum cleaner ZVIZ CS-RH2-MGA3
AD 7049,Adler,NEW,24.65,5,ON-SITE,ADLER AD 7049 handheld hoover
948082000,taurus,NEW,129.18,4,ON-SITE,Taurus Homeland X7 Ultimate 415 W cordless upright vacuum cleaner
BGB6X330,BOSCH,NEW,160.96,4,ON-SITE,Bosch Serie 6 BGB6X330 vacuum 4 L Cylinder vacuum Dry 600 W Dust bag
VS70H25WFT/GE,Samsung,NEW,333.62,4,ON-SITE,Samsung VS70H25WFT/GE Cordless vacuum cleaner Bagless 0.8 l
1.148-211.0,KARCHER,NEW,468.64,4,ON-SITE,Kärcher NT 30/1 Tact Te L Black Grey Yellow 30 L 1380 W
ES9480000B,BLACK+DECKER,NEW,66.21,4,ON-SITE,Bagless vacuum cleaner Black+Decker BXVML700E (700W)
VP4351,CONCEPT,NEW,29.68,4,ON-SITE,Concept VP4351 handheld vacuum Black Bagless
BCS71HYG1,BOSCH,NEW,327.21,3,ON-SITE,Cordless 2-in-1 hoover vacuuming and mopping Unlimited 7 ProHygienic Aqua White
BGC41Q69,BOSCH,NEW,167.92,3,ON-SITE,Bosch Serie 6 BGC41Q69 vacuum 2.4 L Cylinder vacuum Dry 600 W Bagless
AD 7048,Adler,NEW,71.33,3,ON-SITE,Upright hoover Adler AD 7048
BWD421POW,BOSCH,NEW,228.05,3,ON-SITE,Bosch Serie 4 BWD421POW vacuum 2100 W Cylinder vacuum Dry&Wet
EST9480810L,taurus,NEW,190.86,3,ON-SITE,Taurus Homeland Hidrodry Wet & Dry Vacuum Cleaner
948080000,taurus,NEW,65.45,2,ON-SITE,Taurus Hidrodry 1200 industrial vacuum cleaner
VS80F28DFP/GE,Samsung,NEW,513.44,2,ON-SITE,Samsung Bespoke AI Jet Complete VS80F28DFP/GE cordless bagless upright vacuum cleaner
594446-01,DYSON,NEW,365.33,2,ON-SITE,Dyson V10 Submarine 2-in-1 stick vacuum Battery Dry&wet Bagless 0.76 L Copper Grey
1.148-311.0,KARCHER,NEW,497.06,2,ON-SITE,Kärcher Wet and dry vacuum cleaner NT 40/1 Tact Te L
4720M,BISSELL,NEW,114.87,1,ON-SITE,Bissell 4720M vacuum Bagless
JV85 Pro,JIMMY,NEW,221.32,1,ON-SITE,Jimmy JV85 Pro cordless upright vacuum cleaner
FC9557/09,Philips,NEW,146.76,1,ON-SITE,Philips FC9557/09 5000 series Bagless hoover
1.081-150.0,KARCHER,NEW,180.07,1,ON-SITE,KARCHER SE 4 dry hoover - 1.081-150.0
1.628-017.0,KARCHER,NEW,70.72,1,ON-SITE,Vacuum cleaner Kärcher WD 2 PLUS V-12/4/18 PET 12 l 1000 W (1.628-017.0) Black Yellow
1.148-201.0,KARCHER,NEW,405.89,1,ON-SITE,Kärcher Wet and dry vacuum cleaner NT 30/1 Tact L
BGC21X300,BOSCH,NEW,134.88,1,ON-SITE,Bosch BGC21X300 vacuum Cylinder vacuum Dry 550 W Bagless
BWD41740,BOSCH,NEW,205,1,ON-SITE,Vacuum Bosch Serie 4 BWD 41740 AquaWash&Clean
BBHF216,BOSCH,NEW,90.55,1,ON-SITE,Bosch Serie 2 BBHF216 handheld vacuum Blue Bagless
BBS611MAT,BOSCH,NEW,168.87,1,ON-SITE,Bosch Serie 6 BBS611MAT stick vacuum/electric broom 2-in-1 stick vacuum Battery Dry Bagless 0.3 L Blue 2.5 Ah
1.628-262.0,KARCHER,NEW,104.46,1,ON-SITE,Kärcher WD 4 S Go!Further 20 L Drum vacuum 1100 W (1.628-262.0)
948926000,taurus,NEW,59.65,1,ON-SITE,Taurus Homeland Cyclone bagless hoover
SW614831,Tefal,NEW,41.87,34,ON-SITE,Tefal Break Time SW6148 sandwich maker Black Grey
VST071X,Breville,NEW,47.21,26,ON-SITE,Breville DuraCeramic VST071X Toaster
ZSM7710,Zelmer,NEW,20.11,15,ON-SITE,Zelmer ZSM7710 Sandwich maker Black Silver
CR 3054,Adler,NEW,18.42,14,ON-SITE,CAMRY CR 3054 toaster
AD 3039,Adler,NEW,22.45,11,ON-SITE,Peanut/cookie toaster (24 pieces) Adler AD 3039 white
WA 3832,Clatronic,NEW,14.44,11,ON-SITE,Clatronic WA 3832 1 waffle(s) 1200 W Black White
968146000,taurus,NEW,23.02,10,ON-SITE,Taurus My Grill Legend sandwich toaster
AD 3055,Adler,NEW,20.15,10,ON-SITE,Adler AD 3055 sandwichtoaster
AD 3040,Adler,NEW,28.46,10,ON-SITE,Adler AD 3040 sandwich maker 1200 W Black Grey
ES9680170B,BLACK+DECKER,NEW,30.65,8,ON-SITE,Black+Decker BXSA754E Toaster with 3 interchangeable plates
CR 3018,CAMRY,NEW,13.45,8,ON-SITE,Camry Premium CR 3018 sandwich maker 700 W Black Silver
AD 3039b,Adler,NEW,22.37,7,ON-SITE,Peanut/cookie toaster (24 pieces) Adler AD 3039b Black
GR-7030,Ravanson,NEW,25.26,7,ON-SITE,Waffle iron Ravanson GR-7030 (1100W; black)
CR 3074,Adler,NEW,22.26,6,ON-SITE,Adler CR 3074 Sandwich maker 2-in-1 Black Stainless steel
CR 3057,Adler,NEW,30.31,6,ON-SITE,CAMRY CR 3057 toaster oven
ES9680140B,BLACK+DECKER,NEW,14.96,6,ON-SITE,Black+Decker BXSA753E sandwich toaster
ES9680270B,BLACK+DECKER,NEW,38.6,6,ON-SITE,Black+Decker BXFC3200E 1400 W Waffle Maker
ZSM7700,Zelmer,NEW,16.38,5,ON-SITE,750W Sandwich Maker ZSM7700 Zelmer White
AD 3085,Adler,NEW,27.09,5,ON-SITE,Waffle maker ADLER AD 3085
CR 3046,Adler,NEW,19.6,5,ON-SITE,Camry CR 3046 waffle iron 2 waffle(s) Black 1000 W
OP-1050B,Ravanson,NEW,8.85,4,ON-SITE,Toaster Ravanson OP-7010B
AD 3066,Adler,NEW,14.71,4,ON-SITE,Adler AD 3066 Multifunction toaster Black
AD 3069,Adler,NEW,12.61,4,ON-SITE,Adler AD 3069 Sandwich toaster Black
AD 3083,Adler,NEW,27.69,4,ON-SITE,Adler AD 3083 waffle iron 4 waffle 1800 W Black Silver
968431000,taurus,NEW,28.47,4,ON-SITE,Taurus 3-in-1 Miami Legend Toaster
ST/WA 3670,Clatronic,NEW,23.74,3,ON-SITE,Clatronic ST/WA 3670 sandwich maker 800 W Black Stainless steel
OP-7050,Ravanson,NEW,39.16,3,ON-SITE,Toaster Ravanson OP-7050 Black Silver 1200 W
AD 3036,Adler,NEW,27.22,1,ON-SITE,Adler AD 3036 waffle iron 4 waffle(s) Black Grey 1500 W
DE3306/11,Philips,NEW,342.98,24,ON-SITE,Philips 3000 series DE3306/11 dehumidifier 4 L 51 dB White Light grey
CR 7851,Adler,NEW,98.86,9,ON-SITE,Compressor dehumidifier Camry CR 7851
AD 7864,Adler,NEW,279.84,9,ON-SITE,Adler AD 7864 Industrial air dryer Black
CR 7903,Adler,NEW,46.76,6,ON-SITE,CAMRY CR 7903 dehumidifier 1.5 L 100 W Black White
954513000,taurus,NEW,81.35,5,ON-SITE,Taurus DH1201 2.5 L 43 dB 210 W Grey White
AD 4508,Adler,NEW,20.78,2,ON-SITE,Adler Electric Knife Sharpener CR 4508 Black
1.513-430.0,KARCHER,NEW,154.95,107,ON-SITE,Kärcher SC 3 Deluxe 1 L 1900 W Black White
1.513-665.0,KARCHER,NEW,144.71,46,ON-SITE,Kärcher 1.513-665.0 steam cleaner Cylinder steam cleaner 1 L 1900 W Black White
DT9530E1,Tefal,NEW,62.14,44,ON-SITE,Tefal Pure Tex DT9530G0
28550-56,Russel Hobbs,NEW,58.63,32,ON-SITE,Russell Hobbs 28550-56 garment steamer Handheld garment steamer 0.2 L 1400 W Blue Gold
918170000,taurus,NEW,53.02,18,ON-SITE,Garment Steamer Taurus Sliding Care ProSuction 1550 W 180 ml Cyan
MR-356-BLUE,Maestro,NEW,16.39,15,ON-SITE,Clothes steamer 1600W Maestro MR-356-BLUE
918720000,taurus,NEW,28.3,8,ON-SITE,Taurus 1400 W Foldable Handheld Steamer
918694000,taurus,NEW,29.65,3,ON-SITE,Taurus Sliding Care Compact 1600 W 0.135 L Stainless Steel soleplate Cyan
974670000,taurus,NEW,46.86,5,ON-SITE,Taurus Darkfire freestanding induction hob
MR-1771-3CS,Maestro,NEW,11.09,14,ON-SITE,Maestro MR-1771 Paris Maison - container set 3 pieces
MR-1676-BLACK,Maestro,NEW,13.69,9,ON-SITE,Maestro breadbox black MR-1676
MR-1676-WHITE,Maestro,NEW,13.61,8,ON-SITE,Maestro MR-1676-WHITE Bread Loaf white
MR-1672S,Maestro,NEW,14.57,4,ON-SITE,Maestro bread loaf MR-1672S
MR-1677-AR-W,Maestro,NEW,14.67,3,ON-SITE,Maestro MR-1677-AR-W bread box Rectangular
36815-014-0,ZWILLING,NEW,57.81,16,ON-SITE,ZWILLING 36815-014-0 vacuum sealer Blue
36806-006-0,ZWILLING,NEW,63.94,8,ON-SITE,Starter set ZWILLING Fresh & Save S/M glass
1031014,ZWILLING,NEW,68.09,5,ON-SITE,ZWILLING Fresh&Save glass bowl starter set
36806-007-0,ZWILLING,NEW,66.36,1,ON-SITE,Glass Starter Set Zwilling Fresh & Save
MR-1775-BLACK,Maestro,NEW,16.14,53,ON-SITE,Maestro MR-1775-BLACK bread box Other Black Wood Bamboo Metal
36807-006-0,ZWILLING,NEW,58.44,13,ON-SITE,S/M plastic starter set ZWILLING Fresh & Save 36807-006-0
MR-1670S,Maestro,NEW,14.85,9,ON-SITE,Maestro MR-1670S Breadbasket
1025149,ZWILLING,NEW,17.32,8,ON-SITE,Set of 3 XS ZWILLING Fresh&Save containers
FFC024X,FoodSaver,NEW,21.41,6,ON-SITE,FoodSaver FFC024X food storage container Rectangular Box 2.3 L Transparent 1 pc(s)
36807-007-0,ZWILLING,NEW,62,3,ON-SITE,Plastic Starter Set Zwilling Fresh & Save
FFC022X,FoodSaver,NEW,12.14,2,ON-SITE,FoodSaver FFC022X food storage container Oval Box 1.2 L Black Transparent 1 pc(s)
MR-1677-AR-BL,Maestro,NEW,15.06,2,ON-SITE,Maestro MR-1677-AR-BL Bread Loaf Black
MR-1678G-BLACK,Maestro,NEW,15.02,1,ON-SITE,Maestro MR-1678G-BLACK Bread Loaf black
FFC023X,FoodSaver,NEW,14.55,1,ON-SITE,FoodSaver Vacuum container FFC023X
36815-013-0,ZWILLING,NEW,49.41,1,ON-SITE,ZWILLING 36815-013-0 vacuum sealer Blue
ES9680100B,BLACK+DECKER,NEW,22.01,159,ON-SITE,Popcorn maker Black+Decker BXPC1100E (1100 W)
968375000,taurus,NEW,23.6,61,ON-SITE,Taurus Pop'n'Corn popcorn maker 968375000
S6500,REMINGTON,NEW,17.44,200,ON-SITE,Remington S6500 hair styling tool Straightening iron Warm Black 2.5 m
S8540,REMINGTON,NEW,19.86,200,ON-SITE,Remington S8540 hair styling tool Straightening iron Warm Black Bronze 1.8 m
S7970,REMINGTON,NEW,28.79,200,ON-SITE,Remington S7970 Straightening iron Warm Pink gold 3 m
S5525,REMINGTON,NEW,22.02,133,ON-SITE,Remington S5525 Straightening iron Warm Black
S8590,REMINGTON,NEW,27.08,107,ON-SITE,Remington S8590 hair styling tool Straightening iron Warm Bronze
ST496E,Babyliss,NEW,60.01,54,ON-SITE,BaByliss Steam Mist Styler Straightening iron Black Silver 2.5 m
ST394E,Babyliss,NEW,38.13,53,ON-SITE,BaByliss ST394E hair styling tool Straightening iron Warm Black 42 W 3 m
601848-01,DYSON,NEW,425.99,44,ON-SITE,Dyson Airwrap i.d. Multistyler Warm Pink Rose gold 1300 W 2.675 m
S7300,REMINGTON,NEW,25.95,41,ON-SITE,Remington S7300 hair styling tool Straightening iron Warm Black Blue
ST484E,Babyliss,NEW,41.76,39,ON-SITE,BaByliss ST484E hair styling tool Straightening iron Warm Black Gold 3.3 m
ST914PE,Babyliss,NEW,35.13,25,ON-SITE,BaByliss ST914PE hair styling tool Straightening iron Warm Beige Copper
BHS375/00,Philips,NEW,18.69,12,ON-SITE,Philips Essential ThermoProtect straightener
CR 2322,Adler,NEW,12.21,10,ON-SITE,Hair straightener Camry CR 2322
BAB3100EPE,Babyliss,NEW,64.52,10,ON-SITE,BaByliss ELIPSIS3100 Multistyler Warm Silver 45 W 2.7 m
CR 2320,Adler,NEW,25.46,6,ON-SITE,Hair Straightener Camry CR 2320
MR-263,Maestro,NEW,8.77,4,ON-SITE,Hair curler and straightener 2in1 55W MAESTRO MR-263
ST397E,Babyliss,NEW,35.26,2,ON-SITE,BaByliss Sleek Control Wide Straightening iron Warm Black 98.4 (2.5 m)
AD 2325,Adler,NEW,11.45,1,ON-SITE,Hair Straightener ADLER AD 2325
AD 8055,Adler,NEW,54.51,18,ON-SITE,Adler AD 8055 washing machine Top-load 3 kg Cream White
AD 8051,Adler,NEW,55.03,16,ON-SITE,Adler AD 8051 washing machine Top-load 3 kg Blue White
XPBS-6/1200WD,Ravanson,NEW,216.89,15,ON-SITE,Ravanson XPBS-6/1200WD automatic washing machine
XPB-800,Ravanson,NEW,151.17,13,ON-SITE,Washing machine with a spin dryer Ravanson XPB-800
MS 8053,Adler,NEW,54.96,11,ON-SITE,Mesko Home MS 8053 washing machine Top-load 3 kg Blue White
31021355,HAIER,NEW,424.38,9,ON-SITE,Haier X5 HW80-BP14357ETUPL washing machine
CR 8052,Adler,NEW,95.03,7,ON-SITE,Camry Premium CR 8052 washing machine Top-load 3 kg Grey White
XPB-700,Ravanson,NEW,123.71,2,ON-SITE,Washing machine with a spin dryer Ravanson XPB-700
MR-792,Maestro,NEW,30.94,89,ON-SITE,MULTICOOKER MAESTRO MR-792 17 programs 700 W
KVL4110S,KENWOOD,NEW,269.44,73,ON-SITE,Kenwood Chef XL Stand mixer 1200 W Silver
5KSM175PSEER,KitchenAid,NEW,434.83,60,ON-SITE,KitchenAid Artisan 5KSM175PS Stand mixer 300 W Red
5KSM125ECU,KitchenAid,NEW,367.17,55,ON-SITE,KitchenAid 5KSM125ECU Stand mixer 300 W Silver
5KSM125EAC,KitchenAid,NEW,367.19,53,ON-SITE,KitchenAid 5KSM125EAC Stand mixer 300 W Cream
5KSM175PSEAC,KitchenAid,NEW,460.97,47,ON-SITE,KitchenAid 5KSM175PSEAC Artisan food processor 300 W 4.8 L Cream
5KSM175PSEBK,KitchenAid,NEW,437.52,44,ON-SITE,KitchenAid 5KSM175PSEBK Artisan food processor 300 W 4.8 L Black
5KSM175PSECA,KitchenAid,NEW,419.13,40,ON-SITE,KitchenAid 5KSM175PSECA Artisan food processor 300 W 4.8 L Red
MR-793,Maestro,NEW,33.19,39,ON-SITE,Maestro MR-793 multi cooker 5 L 900 W Black Stainless steel
MR-559-M,Maestro,NEW,77.27,37,ON-SITE,Planetary mixer 3-in-1 2000 W MR-559-M MAESTRO
5KSM175PSEFL,KitchenAid,NEW,421.77,37,ON-SITE,KitchenAid Artisan Stand mixer 300 W Beige
5KSM175PSEMS,KitchenAid,NEW,455.67,35,ON-SITE,KitchenAid 5KSM175PSEMS Artisan food processor 300 W 4.8 L Silver
MR-795,Maestro,NEW,39.62,33,ON-SITE,MULTICOOKER MAESTRO MR-795 26 programs 700 W
MR-794,Maestro,NEW,32.92,32,ON-SITE,Maestro MR-794 multi cooker 5 L 900 W Black Satin steel
5KSM175PSEOB,KitchenAid,NEW,455.6,32,ON-SITE,KitchenAid 5KSM175PSEOB mixer Stand mixer 300 W Black Stainless steel
5KSM125EBM,KitchenAid,NEW,362.26,28,ON-SITE,KitchenAid 5KSM125EBM food processor 300 W 4.8 L Black
5KSM125EER,KitchenAid,NEW,367.02,26,ON-SITE,KitchenAid Artisan 5ksm125 Stand mixer 300 W Red
5KSM125EIB,KitchenAid,NEW,366.93,24,ON-SITE,KitchenAid 5KSM125EIB Stand mixer 300 W Navy
5KSM125EPL,KitchenAid,NEW,362.18,23,ON-SITE,KitchenAid 5KSM125EPL Stand mixer 300 W Cream
MR-558,Maestro,NEW,67.25,21,ON-SITE,Feel Maestro MR-558 mixer Stand mixer 2000 W Black Stainless steel
5KSM125EPT,KitchenAid,NEW,361.61,20,ON-SITE,KitchenAid 5KSM125EPT mixer Stand mixer 300 W Green
5KSM175PSEIB,KitchenAid,NEW,434.92,20,ON-SITE,KitchenAid Artisan Stand mixer 300 W Blue
5KSM175PSEPT,KitchenAid,NEW,455.73,20,ON-SITE,KitchenAid 5KSM175PSEPT Artisan food processor 300 W 4.8 L Green
5KSM125EMH,KitchenAid,NEW,365.04,19,ON-SITE,KitchenAid 5KSM125EMH mixer Stand mixer 300 W Beige
MCM3100W,BOSCH,NEW,60.03,19,ON-SITE,Bosch MCM3100W food processor 800 W 2.3 L White
KVC 3110 S,KENWOOD,NEW,228.96,19,ON-SITE,Kenwood KVC3110S food processor 4.6 L Silver 1000 W
RP-1500BS,Ravanson,NEW,97.55,18,ON-SITE,PLANETARY ROBOT WITH RAVANSON RP-1500BS MEAT GRINDER
MB77EN38,Tefal,NEW,70.54,16,ON-SITE,Tefal MB77EN electric grater/spiralizer Plastic Black
SMF04BLEU,SMEG,NEW,299.94,15,ON-SITE,Smeg SMF04BLEU Stand mixer 800 W Black
MCM3200W,BOSCH,NEW,65.47,14,ON-SITE,Bosch MCM3200W food processor 800 W 2.3 L White
MR-560,Maestro,NEW,47.16,12,ON-SITE,PLANETARY ROBOT MAESTRO MR-560
5KSM175PSEVB,KitchenAid,NEW,466.15,10,ON-SITE,KitchenAid Artisan Stand mixer 300 W Blue
MC812M844,BOSCH,NEW,154.73,9,ON-SITE,Bosch MC812M844 food processor 1250 W 3.9 L Black Stainless steel
5KSM60SPXEAC,KitchenAid,NEW,515.78,9,ON-SITE,KitchenAid 5KSM60SPXEAC Stand mixer 375 W Cream
FDM72.990SS,KENWOOD,NEW,192.98,9,ON-SITE,Kenwood FDM72.990SS food processor 3 L Stainless steel Built-in scales
PC-KM 1096,PROFICOOK,NEW,229.38,9,ON-SITE,Food processor Proficook PC-KM 1096
AD 4221,Adler,NEW,119.67,9,ON-SITE,Planetary food processor Adler AD 4221 2200 W
KM 6030 Miętowy,Boman,NEW,72.65,8,ON-SITE,Bomann KM 6030 CB food processor 1100 W 5 L Mint colour
CK8000,CONCEPT,NEW,139.25,8,ON-SITE,Concept Cookery CK8000 Multicooker with Air Fryer function 1500 W Black
RM8010,CONCEPT,NEW,147.41,8,ON-SITE,Concept Element RM8010 Planetary kitchen machine 1200 W
RM8000,CONCEPT,NEW,251.93,8,ON-SITE,Concept Element RM8000 Planetary kitchen machine 1200 W
RM6000,CONCEPT,NEW,206.66,8,ON-SITE,Concept RM6000 Planetary kitchen mixer 1900 W
CK6001,CONCEPT,NEW,74.87,7,ON-SITE,Concept CK6001 Multicooker 5.8 l 1000 W Black
SMF04CREU,SMEG,NEW,299.96,7,ON-SITE,Smeg SMF04CREU mixer Stand mixer 800 W Cream
CK8001,CONCEPT,NEW,83.91,6,ON-SITE,Concept CK8001 multi cooker 5.6 L 1000 W Black Stainless steel
5KSM60SPXEER,KitchenAid,NEW,515.78,5,ON-SITE,KitchenAid 5KSM60SPXEER Stand mixer 375 W Red
HKM 8077,HEINRICH'S,NEW,45.4,5,ON-SITE,HEINRICH'S HKM 8077 Küchenmaschine Titan
MS 4217,Adler,NEW,57.37,4,ON-SITE,Mesko MS 4217 Planetary food processor 1200W
CR 4816,Adler,NEW,28.81,4,ON-SITE,Vegetable slicer CAMRY CR 4816 White
MR-559,Maestro,NEW,56.24,4,ON-SITE,Planetary mixer MAESTRO MR-559 with bowl 5.0l 2000W White
MUMS2EW40,BOSCH,NEW,158.8,4,ON-SITE,Bosch Serie 2 MUMS2EW40 food processor 700 W 3.8 L White
MR-557,Maestro,NEW,45.05,3,ON-SITE,Feel-Maestro MR-557 Planetary mixer with 3 l bowl 1200 W Black
5KSM125EMI,KitchenAid,NEW,361.87,3,ON-SITE,KitchenAid 5KSM125EMI mixer Stand mixer 300 W Blue
KVC65.001WH,KENWOOD,NEW,261.19,3,ON-SITE,Kenwood KVC65.001WH food processor 1200 W 5 L Stainless steel White Built-in scales
SMF05BLEU,SMEG,NEW,363.44,3,ON-SITE,Smeg SMF05BLEU mixer Stand mixer 1000 W Black
CY754130,Tefal,NEW,81.57,2,ON-SITE,Tefal CY754130 Multicooker electric pressure cooker 4.8 L White 1000 W
CR 4815,Adler,NEW,28.8,2,ON-SITE,Vegetable slicer CAMRY CR 4815 White
MUMS2EB01,BOSCH,NEW,131.72,1,ON-SITE,Bosch Serie 2 MUMS2EB01 food processor 700 W 3.8 L Black Stainless steel
ES9130080B,BLACK+DECKER,NEW,116.97,1,ON-SITE,Planetary food processor Black+Decker BXKM1001E
AD 4226b,Adler,NEW,46.42,1,ON-SITE,Planetary food processor ADLER AD 4226b black
Winbot MINI,ECOVACS,NEW,183.21,47,ON-SITE,Ecovacs Winbot Mini window cleaning robot (white)
Deebot N20,ECOVACS,NEW,167.76,27,ON-SITE,Cleaning robot Ecovacs Deebot N20
R285240,IROBOT,NEW,382.96,14,ON-SITE,iRobot Roomba Combo 575 white robot vacuum cleaner + AutoWash docking station
N285240,IROBOT,NEW,345.36,10,ON-SITE,iRobot Roomba Plus 515 Combo cleaning robot white + AutoWash docking station
RS20 Pro,ezviz,NEW,633.86,9,ON-SITE,EZVIZ RS20 Pro - cleaning robot white
65239,Xiaomi,NEW,469.83,9,ON-SITE,Xiaomi 5 Pro White
S20SC52-00,roborock,NEW,1141.21,6,ON-SITE,Roborock Saros 20 Complete Black Cleaning Robot
X185240,IROBOT,NEW,437.31,6,ON-SITE,iRobot Roomba Max 705 Combo cleaning robot with AutoWash docking station – white
Y454240,IROBOT,NEW,201.48,5,ON-SITE,iRobot Roomba 115 Combo Robot Vacuum + Auto Empty Dock White
Deebot MINI,ECOVACS,NEW,223.35,5,ON-SITE,Ecovacs Deebot MINI Blue Blue White
Deebot X11 Pro Omni,ECOVACS,NEW,611.34,4,ON-SITE,Ecovacs Deebot X11 Pro Omni cleaning robot black
Deebot T80 Omni,ECOVACS,NEW,522.26,3,ON-SITE,Ecovacs Deebot T80 Omni 3 L Bagless Black
DEEBOT X11 OMNICYCLONE,ECOVACS,NEW,802.14,3,ON-SITE,Ecovacs Deebot X11 OmniCyclone 0.22 L Black
RLL82CE-2,dreame,NEW,452.07,2,ON-SITE,Dreame L10s Pro Ultra robot vacuum cleaner (white)
R9515A,dreame,NEW,1023.98,1,ON-SITE,DREAME X60 Ultra cleaning robot (white)
G285240,IROBOT,NEW,307.41,1,ON-SITE,iRobot Roomba Plus 415 Combo Robot Vacuum White + AutoWash Dock
Winbot W2 PRO,ECOVACS,NEW,246.87,1,ON-SITE,Ecovacs WINBOT W2 PRO 3000 mAh
WINBOT W3 OMNI,ECOVACS,NEW,556.68,1,ON-SITE,Ecovacs Winbot W3 OMNI window cleaning robot
Deebot T90 Omni,ECOVACS,NEW,445.11,1,ON-SITE,Ecovacs Deebot T90 Omni Robot Vacuum Cleaner 0.25 L White
Deebot X12 Pro Omni,ECOVACS,NEW,676.48,1,ON-SITE,Ecovacs X12 PRO OMNI Robot Vacuum Cleaner White
XU5000/10,Philips,NEW,355.51,1,ON-SITE,Philips XU5000/10 Series 5000 Robot Vacuum and Mop 67 W Grey
1049250,BRITA,NEW,42.61,111,ON-SITE,Saturator Brita SodaOne (white)
1049249,BRITA,NEW,42.39,34,ON-SITE,Brita SodaOne saturator (black)
1046729,BRITA,NEW,96.3,14,ON-SITE,Brita sodaTRIO saturator (black)
1046730,BRITA,NEW,96.3,4,ON-SITE,Brita sodaTRIO saturator (white)
XL100810,Krups,NEW,36.53,23,ON-SITE,Krups XL1008 Automatic milk frother/warmer Black
AD 4494d,Adler,NEW,27.03,10,ON-SITE,ADLER AD 4494d milk frother/warmer Automatic Navy blue
AD 4494b,Adler,NEW,27.64,9,ON-SITE,Milk frother Adler AD 4494B black
MFF02CREU,SMEG,NEW,86.61,8,ON-SITE,Smeg MFF02CREU Milk frother Cream
CR 4498,Adler,NEW,42.56,7,ON-SITE,CAMRY CR 4498 automatic milk frother black silver
53104-000-0,ZWILLING,NEW,67.18,4,ON-SITE,Zwilling Enfinigy Silver milk frother
00AGR395,BIALETTI,NEW,23.59,3,ON-SITE,Bialetti 00AGR395 milk frother Handheld milk frother Black
MFF02BLEU,SMEG,NEW,85.28,3,ON-SITE,Smeg MFF02BLEU Automatic milk frother/warmer Black
4210201432227,Braun,NEW,32.82,200,ON-SITE,Oral-B Vitality Pro Duo Adult Rotating-oscillating toothbrush Black Blue White
4210201446514,Braun,NEW,33.24,200,ON-SITE,Oral-B Vitality Pro Duo Adult Rotating-oscillating toothbrush Black Blue White
HX3651/12,Philips,NEW,21.92,200,ON-SITE,Philips Sonicare Sonic Toothbrush HX3651/12
8006540742891,Braun,NEW,29.13,200,ON-SITE,Oral-B Junior 8006540742891 electric toothbrush Child Rotating toothbrush Purple
8006540743027,Braun,NEW,29.13,178,ON-SITE,Oral-B Junior 8006540743027 electric toothbrush Child Rotating toothbrush Green
8006540731857,Braun,NEW,96.29,103,ON-SITE,Szczoteczka elektryczna Oral-B iO 3 Duo black/pink
4210201446392,Braun,NEW,18.34,75,ON-SITE,Oral-B Vitality Pro Adult Rotating-oscillating toothbrush Grey White
4210201427063,Braun,NEW,18.34,49,ON-SITE,Oral-B VITALITY PRO D103 Box Black Toothbrush
HX4022/01,Philips,NEW,25.93,48,ON-SITE,Philips Sonicare 2100 series 2100 HX4022/01 Rechargeable toothbrush
HX9911/88,Philips,NEW,122.64,42,ON-SITE,Philips Sonicare DiamondClean HX9911/88 electric toothbrush Adult Sonic toothbrush Black Blue
4210201415107,Braun,NEW,81.72,33,ON-SITE,Oral-B iO Series 5 Adult Vibrating toothbrush Black
HX3601/01,Philips,NEW,23.34,29,ON-SITE,Children's Toothbrush PHILIPS HX3601/01
HX3886/43,Philips,NEW,175.09,24,ON-SITE,Philips Cordless Power Flosser 3000 HX3886/43 DiamondClean 9000
D103,Braun,NEW,18.26,24,ON-SITE,Oral-B D103 Vitality Pro Kids Frozen Toothbrush
HX9911/19,Philips,NEW,140.18,23,ON-SITE,Philips HX9911/19 electric toothbrush Adult Sonic toothbrush White
HX9911/29,Philips,NEW,125.67,14,ON-SITE,Philips Sonicare DiamondClean 9000 series DiamondClean 9000 HX9911 Sonic electric toothbrush with app
ORO-SMILE MINT,oromed,NEW,18.29,10,ON-SITE,ORO-SMILE MINT SONIC TOOTHBRUSH
ORO-SMILE PINK,oromed,NEW,18.31,9,ON-SITE,SONIC TOOTHBRUSH ORO-SMILE PINK
ORO-SMILE NAVY BLUE,oromed,NEW,18.31,9,ON-SITE,ORO-SMILE NAVY BLUE sonic toothbrush
SONIC NEXT BLACK,oromed,NEW,20.55,9,ON-SITE,OROMED ORO-SONIC NEXT BLACK black sonic toothbrush
ORO-SONIC PROFESSIONAL WHITE,oromed,NEW,24.42,8,ON-SITE,ORO-SONIC PROFESSIONAL BLACK
ORO-SONIC PROFESSIONAL BLACK,oromed,NEW,25.06,7,ON-SITE,ORO-SONIC PROFESSIONAL BLACK
ORO-SONIC X PRO BLACK,oromed,NEW,23.63,7,ON-SITE,ORO-SONIC X PRO BLACK sonic toothbrush
HX7403/05,Philips,NEW,78.14,6,ON-SITE,Philips Sonicare 6100 series Series 6100 HX7403/05 Rechargeable toothbrush
HX4033/32,Philips,NEW,33,6,ON-SITE,Philips Sonicare 3100 series 3100 HX4033/32 Rechargeable toothbrush
ORO-SONIC PROFESSIONAL GREEN,oromed,NEW,24.42,6,ON-SITE,ORO-SONIC PROFESSIONAL GREEN sonic toothbrush
ORO-SONIC X PRO WHITE,oromed,NEW,23.65,4,ON-SITE,ORO-SONIC X PRO WHITE sonic toothbrush
iOS2.1C9.0,Braun,NEW,43.21,3,ON-SITE,Oral-B iOS2.1C9.0 Calm Pink Toothbrush
BHR9801EU,Xiaomi,NEW,19.81,2,ON-SITE,Xiaomi oscillating toothbrush BHR9801EU blue
HX7400/06,Philips,NEW,82.44,2,ON-SITE,Philips Series 6100 HX7400/06 Rechargeable toothbrush
HX4031/21,Philips,NEW,28.8,1,ON-SITE,Philips Sonicare 3100 series 3100 HX4031/21 Rechargeable toothbrush
4210201434672,Braun,NEW,242.79,1,ON-SITE,Braun Oral-B iO10 Stardust electric toothbrush
SONIC NEXT WHITE,oromed,NEW,16.9,1,ON-SITE,OROMED ORO-SONIC NEXT WHITE white sonic toothbrush
AS965E,Babyliss,NEW,50.81,110,ON-SITE,BaByliss Style Pro 1000
AS5901,REMINGTON,NEW,23.51,74,ON-SITE,Remington AS5901 Hot air brush Pink 1000 W
596926-01,DYSON,NEW,407.95,67,ON-SITE,Dyson 596926-01 hair styling tool Multistyler Warm Pink Rose gold 1300 W
BHA305/00,Philips,NEW,25.37,63,ON-SITE,Philips 3000 series BHA305/00 Air Styler
BHA715/00,Philips,NEW,49.07,46,ON-SITE,Philips 7000 series BHA715/00 hair styling tool Curling brush Warm Grey Pink 1000 W 1.8 m
BHA313/00,Philips,NEW,29.71,43,ON-SITE,Philips 3000 series BHA313/00 Hot Air Styler 800 W
CF9840F0,Rowenta,NEW,67.45,42,ON-SITE,Rowenta CF9840F0 hair styling tool Hot air brush Warm Black Copper
BAB2675TTE,Babyliss,NEW,25.8,40,ON-SITE,BaByliss BAB2675TTE hair styling tool Hot air brush Warm Black Stainless steel 700 W 2.7 m
UB9540F0,Rowenta,NEW,60.55,35,ON-SITE,Rowenta Brush Activ UB9540F0 hair styling tool Hot air brush Warm Black Silver 1000 W
AS126E,Babyliss,NEW,27.03,32,ON-SITE,BaByliss Perfect Finish Hot air brush Warm Black 1000 W 86.6 (2.2 m)
BAB2676TTE,Babyliss,NEW,25.28,29,ON-SITE,BaByliss BAB2676TTE hair styling tool Hot air brush Warm Black 700 W 2.7 m
601926-01,DYSON,NEW,440.01,28,ON-SITE,Dyson Airwrap i.d. Multistyler Warm Pink Rose gold 1300 W 2.675 m
AS970E,Babyliss,NEW,42.48,26,ON-SITE,BaByliss AS970E Curly dryer Black 650 W 98.4 (2.5 m)
AS128E,Babyliss,NEW,25.61,20,ON-SITE,BaByliss STYLE SMOOTH 1000 AS128E hair dryer and curling iron
CF 9530 Brush Active,Rowenta,NEW,36.71,18,ON-SITE,Rowenta CF9530 hair styling tool Hot air brush Steam Purple White 1000 W 1.8 m
AS773E,Babyliss,NEW,36.07,14,ON-SITE,BaByliss AS773E Hydro Fusion Air Styler Hot air brush Black Metallic 700 W 98.4 (2.5 m)
AS82E,Babyliss,NEW,20.1,14,ON-SITE,BaByliss Shape & Smooth Straightening brush Warm Black 800 W 78.7 (2 m)
BAB2620E,Babyliss,NEW,26.13,13,ON-SITE,BaByliss hair dryer and curling iron BAB2620E
UB9720E0,Rowenta,NEW,79.91,12,ON-SITE,Rowenta Air Brush 3D UB9720E0 Hair dryer brush 3-in-1
AD 2027,Adler,NEW,22.2,12,ON-SITE,ADLER hair dryer AD 2027
AD 2026,Adler,NEW,11.93,9,ON-SITE,ADLER HAIRDRYER AD 2026
CR 2021,CAMRY,NEW,16.63,8,ON-SITE,Hot air styler CAMRY CR 2021
143161-01,DYSON,NEW,566.47,6,ON-SITE,Dyson Airwrap Co-anda 2x Multistyler Warm Black Rose gold 1700 W 2 m
AD 2022,Adler,NEW,17.06,5,ON-SITE,Adler AD 2022 Hair styling kit Black 1200 W
900122000,taurus,NEW,58.85,5,ON-SITE,Taurus AIRWAVE DIGITAL PRO Multistyler Airflow Bronze 1300 W 1.8 m
900121000,taurus,NEW,67.27,4,ON-SITE,Taurus Airwave Digital Pro hair styling device
HSB200E,Babyliss,NEW,32.91,1,ON-SITE,BaByliss HSB200E hair styling tool Curling brush Warm Pink 96 W 1.8 m
CF9520F,Rowenta,NEW,41.59,1,ON-SITE,Electric brush for hair Rowenta Brush Activ Compact CF9520 1000W
PC-HAS 3011 BRĄZOWA,Clatronic,NEW,10.33,1,ON-SITE,ProfiCare PC-HAS 3011 Hot air brush Warm Bronze Brown 800 W
HR1922/21,Philips,NEW,190.92,35,ON-SITE,Philips Avance Collection HR1922/21 QuickClean 1200 W XXL feeding tube Juicer
ZE660D10,Tefal,NEW,105.41,18,ON-SITE,TEFAL ZE660D10 Juicer
ZE370138,Tefal,NEW,36.27,17,ON-SITE,Tefal Frutelia Electric tomato juicer White
MES25A0,BOSCH,NEW,86.89,8,ON-SITE,Bosch MES25A0 juice maker Centrifugal juicer 700 W Black White
ES9240020B,BLACK+DECKER,NEW,53.34,8,ON-SITE,Juicer Black+Decker BXJE600E (600W; black)
AD 4132,Adler,NEW,32.14,3,ON-SITE,Juicer ADLER AD 4132
AE 3532,Clatronic,NEW,45.58,3,ON-SITE,Clatronic AE 3532 juice maker Black Stainless steel 1000 W
53109-001-0,ZWILLING,NEW,56.16,3,ON-SITE,ZWILLING 53109-001-0 juice maker Centrifugal juicer Black
MES3500,BOSCH,NEW,102.73,2,ON-SITE,Bosch MES3500 juice maker 700 W Black Silver
MES4000,BOSCH,NEW,154.18,1,ON-SITE,Bosch MES4000 juice maker Juice extractor Black Grey Stainless steel 1000 W
AD 4128,Adler,NEW,42.48,1,ON-SITE,Juicer ADLER AD 4128
HC5630/15,Philips,NEW,32.11,200,ON-SITE,Philips 5000 series HC5630/15 hair trimmers/clipper Black Silver
HC3505/15,Philips,NEW,19.2,200,ON-SITE,Philips HAIRCLIPPER Series 3000 Hair clipper HC3505/15
HC5612/15,Philips,NEW,26.12,200,ON-SITE,Philips 5000 series HC5612/15 hair trimmers/clipper Black Blue
MG5920/15,Philips,NEW,33.09,200,ON-SITE,Philips All-in-One Trimmer MG5920/15 Series 5000
HC5632/15,Philips,NEW,39.63,189,ON-SITE,Philips 5000 series HC5632/15 hair trimmers/clipper Black
NT5650/16,Philips,NEW,17.1,85,ON-SITE,Philips Nose ear eyebrow and detail trimmer
NE7000,REMINGTON,NEW,20.49,57,ON-SITE,Remington NE7000 beard trimmer Battery 5 5 mm Black
05545-2416,Wahl,NEW,7.62,54,ON-SITE,Wahl Ear Nose & Brow 3-In-1 precision trimmer Silver
HC5150,REMINGTON,NEW,19.01,47,ON-SITE,Remington REM-HC5150
20106.0460,Wahl,NEW,65.46,37,ON-SITE,WAHL Rapid clippers ElitePro 20106.0460
MG3935/15,Philips,NEW,25.17,25,ON-SITE,Philips MG3935/15 Series 3000 Multifunctional Trimmer 7-in-1
09243-2616,Wahl,NEW,16.1,25,ON-SITE,Wahl 09243-2616 Home Pro Black Metallic
BT3620/15,Philips,NEW,25.18,24,ON-SITE,Philips BT3620/15__TEST not categorized
FX7870GBPE,Babyliss,NEW,99.29,23,ON-SITE,Babyliss Pro Skeleton FX Boost+ Pro FX7870GBPE Gold Hair Trimmer
79305-1316,Wahl,NEW,20.07,23,ON-SITE,Wahl 79305-1316 hair trimmers/clipper Chrome Silver
09639-816,Wahl,NEW,21.82,22,ON-SITE,Wahl 9639-816 hair trimmers/clipper Black
FX7870RBPE,Babyliss,NEW,99.3,22,ON-SITE,BABYLISS PRO Cordless Trimmer SKELETON BOOST+ black and red
3028048,Wahl,NEW,53.02,21,ON-SITE,Wahl 3028048 hair trimmers/clipper Black White 10 Lithium-Ion (Li-Ion)
09893.0460,Wahl,NEW,35.57,20,ON-SITE,Beard trimmer WAHL Extreme Grip Advan. 09893.0460
FX7870IBPE,Babyliss,NEW,95.03,19,ON-SITE,BaByliss Pro Skeleton FX FX7870IBPE trimmer
09243-2216,Wahl,NEW,16.7,17,ON-SITE,Wahl Homepro Black Silver
3029466,Wahl,NEW,28.61,16,ON-SITE,Wahl 3029466 hair trimmers/clipper Rose gold 5 Nickel-Metal Hydride (NiMH)
NT1650/16,Philips,NEW,9.71,16,ON-SITE,Philips Norelco NOSETRIMMER Series 1000 NT1650/16 hair trimmers/clipper Black
1887-0470,Wahl,NEW,142.25,14,ON-SITE,Wahl Kuno Black Lithium-Ion (Li-Ion)
3028668,Wahl,NEW,15.11,11,ON-SITE,Wahl 3028668 bikini trimmer White Rose gold
903915000,taurus,NEW,23.18,11,ON-SITE,Taurus Hipnos Acqua 5-in-1 Body Trimmer
05640-1016,Wahl,NEW,9.44,10,ON-SITE,Wahl 5640-1016 bikini trimmer Wet & Dry Aluminium Black
20104-0460,Wahl,NEW,44.1,9,ON-SITE,Wahl Color Pro Plus Black White 10
MG9557/15,Philips,NEW,78.02,9,ON-SITE,Philips All-in-One Trimmer 9000 Series MG9557/15 20-in-1 Trimmer
902222000,taurus,NEW,11.16,8,ON-SITE,Taurus 902222000 hair trimmers/clipper Black
09893.0464,Wahl,NEW,32.74,7,ON-SITE,Wahl Color Trim Advanced Black 8 Lithium-Ion (Li-Ion)
05640-616,Wahl,NEW,8.04,7,ON-SITE,Wahl 05640 bikini trimmer Black Silver
AD 2836s,Adler,NEW,23.36,6,ON-SITE,Adler AD 2836S beard trimmer Battery 4 6 mm Silver
902228000,taurus,NEW,15.81,5,ON-SITE,Taurus Precission hair razor
OT996E,Babyliss,NEW,39.34,5,ON-SITE,BaByliss Super-X Metal OT996E beard trimmer Battery 5 5 mm Wet & Dry Silver
3028049,Wahl,NEW,56.77,4,ON-SITE,Wahl Self-Clip 360 Black Silver Lithium-Ion (Li-Ion)
HC9450/15,Philips,NEW,56.07,4,ON-SITE,Philips HAIRCLIPPER Series 9000 Hair clipper HC9450/15
HC5630/15,Philips,NEW,31.94,1,ON-SITE,Philips 5000 series HC5630/15 hair trimmers/clipper Black Silver
09893.0443,Wahl,NEW,26.86,1,ON-SITE,Beard trimmer WAHL Color Trim Beard 09893.0443
09649-916,Wahl,NEW,29.67,1,ON-SITE,Wahl 09649-916 hair trimmers/clipper Blue White 8 Nickel-Metal Hydride (NiMH)
SO1020,CONCEPT,NEW,42.24,94,ON-SITE,CONCEPT SO1020 Mushroom Vegetable and Fruit Dehydrator
SO3010,CONCEPT,NEW,46.25,47,ON-SITE,CONCEPT SO3010 Mushroom Vegetable and Fruit Dehydrator
SO1025,CONCEPT,NEW,50.78,35,ON-SITE,Concept SO1025 food dehydrator Green 245 W
MR-765,Maestro,NEW,26.61,33,ON-SITE,Maestro MR 765 Transparent White 245 W
SO1060,CONCEPT,NEW,49.2,18,ON-SITE,Concept SO-1060 Green White 245 W
MR-768,Maestro,NEW,34.32,14,ON-SITE,Maestro MR 768 White 520 W
SO2080,CONCEPT,NEW,33.64,11,ON-SITE,CONCEPT SO2080 Mushroom Vegetable and Fruit Dehydrator
CR 6659,Adler,NEW,33.49,10,ON-SITE,Mushroom and fruit dryer CAMRY CR 6659
SO1015,CONCEPT,NEW,35.76,9,ON-SITE,Concept SO1015 food dehydrator Yellow 245 W
ES9530010B,BLACK+DECKER,NEW,39.95,8,ON-SITE,Black+Decker BXDE401E Fruit Mushroom and Vegetable Dehydrator
MR-766,Maestro,NEW,41.53,6,ON-SITE,Maestro MR 766 White 520 W
DR 2751,Clatronic,NEW,23.88,3,ON-SITE,Clatronic DR 2751 food dehydrator 250 W
AD 6658,Adler,NEW,22.21,2,ON-SITE,Dryer for fruits and vegetables ADLER AD 6658
83305,LEIFHEIT,NEW,20.91,200,ON-SITE,Leifheit 83305 laundry drying rack/line Wall-mounted rack White
83306,LEIFHEIT,NEW,15.89,200,ON-SITE,Leifheit Telegant 30 Protect Wall-mounted rack White
157241,VILEDA,NEW,21.07,149,ON-SITE,Clothes Dryer Vileda Universal
157237,VILEDA,NEW,37.1,142,ON-SITE,Clothes Dryer Vileda Mixer 4
83201,LEIFHEIT,NEW,20.1,86,ON-SITE,Leifheit Telegant Plus 70 Wall-mounted rack White
81520,LEIFHEIT,NEW,43.34,55,ON-SITE,Leifheit 81520 laundry drying rack Pegasus 200 Solid Blue White
81691,LEIFHEIT,NEW,59.74,51,ON-SITE,Comfort Tower 420 upright dryer Black Leifheit
174100,VILEDA,NEW,23.18,41,ON-SITE,Clothes Drying Rack Vileda Universal Ultimate
83106,LEIFHEIT,NEW,13.39,40,ON-SITE,Rollfix Single 80 Longline wall-mounted dryer
81435,LEIFHEIT,NEW,47.65,31,ON-SITE,Leifheit 81435 TOWER 190 laundry drying rack/line
157235,VILEDA,NEW,36.09,28,ON-SITE,Clothes Dryer Vileda Surprise
81514,LEIFHEIT,NEW,35.51,26,ON-SITE,Leifheit Pegasus 180 Classic Floor-standing rack Blue White
174077,VILEDA,NEW,37.01,25,ON-SITE,Clothes Drying Rack Vileda Mixer 3 Ultimate
81650,LEIFHEIT,NEW,43.16,22,ON-SITE,Leifheit 81650 Floor-standing rack Blue White
162648,VILEDA,NEW,40.09,21,ON-SITE,Clothes Dryer Vileda Magnum
157334,VILEDA,NEW,5.85,20,ON-SITE,Clothes Dryer Vileda Express
157233,VILEDA,NEW,18.22,19,ON-SITE,Clothes Dryer Vileda Acrobath
157215,VILEDA,NEW,33.23,18,ON-SITE,Wall-mounted Laundry Dryer Vileda Extra
157245,VILEDA,NEW,44.51,17,ON-SITE,Clothes Dryer Vileda Doble
81720,LEIFHEIT,NEW,28.6,16,ON-SITE,Leifheit PEGASUS 120 Solid Compact laundry drying rack/line
169959,VILEDA,NEW,58.52,14,ON-SITE,Clothes Dryer Vileda Infinity FLEX
72408,LEIFHEIT,NEW,6.82,13,ON-SITE,Sensitive Air tumble dryer for delicate fabrics
157229,VILEDA,NEW,15.59,12,ON-SITE,Clothes Dryer Vileda Sunset
174096,VILEDA,NEW,38.74,12,ON-SITE,Clothes Drying Rack Vileda King Ultimate
168252,VILEDA,NEW,60.92,5,ON-SITE,Vileda Sun Lift 50 Black White Aluminium 50 m
170775,VILEDA,NEW,52.09,2,ON-SITE,Clothes Dryer Vileda Soft Care
179620,VILEDA,NEW,63.88,2,ON-SITE,Vileda Infinity Flex Ultimate telescopic laundry dryer black
168250,VILEDA,NEW,56.43,2,ON-SITE,Outdoor Clothes Drying Rack Vileda Sun Lift Compact 168250 Black White Aluminium 40 m
157332,VILEDA,NEW,35.14,2,ON-SITE,Clothes Dryer Vileda Premium 2in1
PC-HTH 3003,PROFICARE,NEW,19.07,171,ON-SITE,ProfiCare PC-HTH 3003 hair dryer 400 W White
BHC010/10,Philips,NEW,9.46,115,ON-SITE,Philips Essential Care BHC010/10 hair dryer 1200 W Black
7DAMF18A-PP,dreame,NEW,178.56,99,ON-SITE,Dreame Airstyle Pro Purple Hair Dryer and Curling Iron
7DAMF18A-GD,dreame,NEW,187.22,83,ON-SITE,Dreame Airstyle Pro Gold Hair Dryer and Curler
BHD350/10,Philips,NEW,15.97,82,ON-SITE,Philips BHD350/10 hair dryer 2100 W Black Pink
D1500,REMINGTON,NEW,13.16,67,ON-SITE,Remington D1500 hair dryer 2000 W Black Green
BHD272/00,Philips,NEW,31.44,59,ON-SITE,Philips DryCare BHD272/00 hair dryer 2100 W Black
5344E,Babyliss,NEW,17.09,54,ON-SITE,BaByliss 5344E Travel Dry 2000 2000 W Black
BHD321/50,Philips,NEW,21.12,50,ON-SITE,Philips 3000 series BHD321/50 hair dryer 1600 W Pink
HD731EU,Shark,NEW,113.57,48,ON-SITE,Shark STYLE iQ HD731EU hair styling tool Multistyler Warm Black 1750 W 2.4 m
D572DE,Babyliss,NEW,24.68,48,ON-SITE,BaByliss D572DE hair dryer 2200 W Black
6709DE,Babyliss,NEW,30.87,45,ON-SITE,BaByliss Smooth Pro 2100 2100 W Black Pink gold
BAB5510E,Babyliss,NEW,19.97,44,ON-SITE,BaByliss BAB5510E hair dryer
D3194,REMINGTON,NEW,17.14,44,ON-SITE,Remington D3194 hair dryer 2200 W Grey
HD446SLEU,Shark,NEW,177.92,41,ON-SITE,Shark Multistyler Beige 1650 W 2.5 m
HD16 Nural Ceramic Pink,DYSON,NEW,342.28,39,ON-SITE,DYSON HD16 Jasper Nural Ceramic Pink
BHD504/00,Philips,NEW,28.57,38,ON-SITE,Philips 5000 series BHD504/00 hair dryer 2100 W Grey
6704E,Babyliss,NEW,27.2,35,ON-SITE,BaByliss 6704E hair dryer 2000 W Black Gold
900400000,taurus,NEW,24.61,33,ON-SITE,Taurus curly hair dryer 900400000
PC-HTD 3113,PROFICARE,NEW,15.1,33,ON-SITE,ProfiCare PC-HTD 3113 hair dryer 2200 W Brown
D5219,REMINGTON,NEW,23.76,28,ON-SITE,Remington D5219 hair dryer 2300 W Purple
6714E,Babyliss,NEW,45.46,27,ON-SITE,BaByliss Super Pro 2300 2300 W Black Gold
BAB8550E,Babyliss,NEW,151.11,25,ON-SITE,BaByliss Falco BAB8550E Professional Hair Dryer 2000 W Black
6704WE,Babyliss,NEW,27.19,24,ON-SITE,BaByliss 6704WE hair dryer 2000 W Black White
AC 8002,REMINGTON,NEW,25.87,23,ON-SITE,Remington AC8002 hair dryer Grey 2200 W
3403-0470,Wahl,NEW,22.92,20,ON-SITE,Wahl PowerPik 2 hair dryer 1500 W Black
BHD308/10,Philips,NEW,19.12,18,ON-SITE,Philips 3000 series BHD308/10 hair dryer 1600 W Black
AD 2285w,Adler,NEW,17.62,13,ON-SITE,Adler AD 2285w Hotel hair dryer white
900117000,taurus,NEW,12.84,12,ON-SITE,Taurus Studio Glow 1500 hair dryer 1400 W Black
5914PE,Babyliss,NEW,29.81,10,ON-SITE,BaByliss 5914PE hair dryer 2000 W Black Gold Rose gold
VV7120,CONCEPT,NEW,45.12,10,ON-SITE,CONCEPT VV7120 Hairdryer
CR 2255,Adler,NEW,14.86,10,ON-SITE,Camry CR 2255 hair dryer Black Gold 2000 W
AD 2252,Adler,NEW,12.9,9,ON-SITE,Adler AD 2252 Hotel hair dryer white
CR 2253,Adler,NEW,12.32,9,ON-SITE,Camry CR 2253 hair dryer
900116000,taurus,NEW,18.1,9,ON-SITE,Taurus STUDIO 2500 IONIC hair dryer 2400 W White
6710DE,Babyliss,NEW,32.99,8,ON-SITE,BaByliss 6710DE hair dryer 2100 W Black
KF1325,CONCEPT,NEW,12.11,8,ON-SITE,Concept KF1325 hair styling tool Curling iron Warm Grey 600 W 1.65 m
AHG40A-GD,dreame,NEW,125.8,8,ON-SITE,Dreame Gusto Hairdryer (Gold)
AD 2248,Adler,NEW,15.23,8,ON-SITE,Adler AD 2248 Hair dryer
AD 2222,Adler,NEW,7.43,8,ON-SITE,Adler AD 2222 Blue White 1200 W
MR-213,Maestro,NEW,11.49,8,ON-SITE,Hair dryer 2100W MAESTRO MR-213
AD 2278,Adler,NEW,9.86,7,ON-SITE,Hair dryer ADLER AD 2278 Black
AD 2259,Adler,NEW,7.48,7,ON-SITE,Hair dryer ADLER AD 2259
ORO-F9  SONIC,oromed,NEW,28.45,7,ON-SITE,ORO- F9 SONIC OROMED hair dryer
BHD274/00,Philips,NEW,31.47,6,ON-SITE,Philips DryCare BHD274/00 hair dryer 2200 W Black
KF1310MO,CONCEPT,NEW,16.82,6,ON-SITE,CONCEPT KF-1310 Hot air brush Blue White 400 W 0.19 m
900123000,taurus,NEW,44.84,6,ON-SITE,Hair dryer with ionisation and AI technology Taurus Digital Force AI
900401000,taurus,NEW,45.97,6,ON-SITE,Taurus Digital Force Protect Plus 1600 W Hairdryer with Ionisation
AD 2267,Adler,NEW,12.11,6,ON-SITE,Adler AD 2267 hair dryer Black 2500 W
HD426EU,Shark,NEW,140.77,6,ON-SITE,Shark HD426EU hair styling tool Multistyler Black 1650 W 2.5 m
D6555DE,Babyliss,NEW,74.39,5,ON-SITE,BaByliss Air Power Pro hair dryer 1700 W Gold Green
D570DE,Babyliss,NEW,21.71,5,ON-SITE,Hair Dryer Babyliss D570DE
VV8100,CONCEPT,NEW,57.64,5,ON-SITE,BLDC VV8100 CONCEPT Hair Dryer
VV5750,CONCEPT,NEW,14.72,5,ON-SITE,Concept VV5750 hair dryer 1600 W Grey
AHG40A-PK,dreame,NEW,125.65,5,ON-SITE,Dreame Gusto Hairdryer (Rose Gold)
AD 2273,Adler,NEW,17.46,3,ON-SITE,Adler AD 2273 hair dryer
CR 2254,Adler,NEW,6.9,3,ON-SITE,Camry CR 2254 hair dryer
KF1310ZE,CONCEPT,NEW,16.83,3,ON-SITE,Concept KF-1310 Hot air brush Green White 400 W 0.19 m
AHG11C-GD,dreame,NEW,81.35,2,ON-SITE,Dreame Grand Hairdryer (Gold)
AD 2279p,Adler,NEW,13.19,2,ON-SITE,Hair dryer ADLER AD 2279p Pink
AHG11C-WH,dreame,NEW,81.36,1,ON-SITE,Dreame Grand Hairdryer (white)
35148-507-0,ZWILLING,NEW,167.82,62,ON-SITE,ZWILLING FOUR STAR 35148-507-0 kitchen knife/cutlery block set 7 pc(s) Grey
K1320404,Tefal,NEW,14.83,40,ON-SITE,Tefal K13204 food mill
G-28371,GEFU,NEW,14.43,23,ON-SITE,Pasta dryer S GEFU DIVERSO G-28371
MR-1622,Maestro,NEW,6.85,16,ON-SITE,MAESTRO MR-1622 USB electric wine corkscrew
G-28170,GEFU,NEW,21.35,10,ON-SITE,GEFU Rotare salad spinner Black White Crank/handle
39500-077-0,ZWILLING,NEW,13.43,7,ON-SITE,ZWILLING 39500-077-0 tea glass Transparent 2 pc(s) 240 ml
G-89494,GEFU,NEW,18.59,6,ON-SITE,GEFU BBQ G-89494 - 3-piece burger set
G-14320,GEFU,NEW,19.71,5,ON-SITE,GEFU Cookie G-14320 - biscuit scoop
G-28150,GEFU,NEW,38.8,4,ON-SITE,LETTUCE CENTRIFUGE 5 LTR TRANSPARENT GEFU SPEEDWING G-28150
G-28180,GEFU,NEW,31.35,4,ON-SITE,GEFU Rotare salad spinner Stainless steel Crank/handle
963401000,taurus,NEW,19.72,3,ON-SITE,Electric Wine Opener Taurus 963401000
G-12330,GEFU,NEW,8.01,3,ON-SITE,GEFU CONTARE Digital kitchen timer Black Stainless steel
G-12620,GEFU,NEW,14.28,3,ON-SITE,GEFU poultry shears VIGO G-12620
MR-1542-BLACK,Maestro,NEW,9.86,2,ON-SITE,Kitchen utensils MAESTRO MR-1542-BLACK 8 elements Black
G-13700,GEFU,NEW,28.71,2,ON-SITE,GEFU SPIRELLI XL slicer Manual Black Stainless steel Plastic Stainless steel
G-50441,GEFU,NEW,24.04,2,ON-SITE,GEFU Julienne VIOLI 2.0 slicer Manual Black ABS synthetics Stainless steel
G-15703,GEFU,NEW,20.97,1,ON-SITE,GEFU Curve G-15703 - paper towel rack
G-13300,GEFU,NEW,33.48,1,ON-SITE,GEFU ORIGINAL Stainless steel Potato ricer
ES9680120B,BLACK+DECKER,NEW,35.95,12,ON-SITE,Rice cooker Black+Decker BXRC1800E
968934000,taurus,NEW,38.1,12,ON-SITE,Taurus RICE CHEF rice cooker 1.8 L 700 W Grey White
MR-2901,Maestro,NEW,47.24,6,ON-SITE,MAESTRO MR-2901 Pressure cooker 22 cm 6 l Silver
BHR8845EU,Xiaomi,NEW,82.08,5,ON-SITE,Szybkowar Xiaomi Elektrischer Schnellkochtopf 4 8l
6002674013540,No name,NEW,57.77,4,ON-SITE,Mellerware Cheffy Sous Vide Cooking appliance Black Stainless steel
SV-1112,Clatronic,NEW,65.53,4,ON-SITE,ProfiCook PC-SV 1112 8 L 520 W Black Stainless steel
988057000,taurus,NEW,54.04,2,ON-SITE,Taurus Moments Rapid 6l pressure cooker KCP4106
988058000,taurus,NEW,61.9,2,ON-SITE,Taurus Moments Rapid 8l pressure cooker KCP4108
988056000,taurus,NEW,56.33,2,ON-SITE,Taurus Moments Rapid 4l pressure cooker KCP4104
988051000,taurus,NEW,58.49,1,ON-SITE,Pressure cooker 6l Taurus Classic Moments KPC5006 (stainless steel)
FH-105,Ravanson,NEW,10.47,164,ON-SITE,Thermo fan Ravanson FH-105 Grey 2000 W
FH-2000RW,Ravanson,NEW,11.55,81,ON-SITE,Fan heater Ravanson FH-2000RW (2000W; white)
Q20H1,CARRUZZO,NEW,48.25,8,ON-SITE,Termowentylator 95cm Q20H1 CARRUZZO czarny
Q20K1,CARRUZZO,NEW,47.65,7,ON-SITE,Termowentylator 64cm Q20K1 CARRUZZO czarny
AD 7702,Adler,NEW,13.6,3,ON-SITE,Adler AD 7702 Fan electric space heater Indoor Stainless steel 1500 W
MR-1635-150,Maestro,NEW,21.57,129,ON-SITE,Maestro MR-1635-150 Thermos black steel
MR-1631-150-GREEN,Maestro,NEW,12.36,52,ON-SITE,Thermos Maestro MR-1631-150 1 5L (MR-1631-150-GREEN) Green
840228808503,FELLOW,NEW,38.63,42,ON-SITE,Fellow Carter Move Mug 3-in-1 Travel mug with 3 lids 473 ml Powder Pink
840228808237,FELLOW,NEW,23.57,34,ON-SITE,Fellow Carter Move Mug Thermal mug 355 ml Blue
MR-1631-150-BLUE,Maestro,NEW,12.23,25,ON-SITE,Thermos 1.5 l Maestro MR-1631-150-Blue
840228805915,FELLOW,NEW,26.43,23,ON-SITE,Fellow Carter Slide Mug Travel mug 473 ml Green
840228805847,FELLOW,NEW,26.43,22,ON-SITE,Fellow Carter Move Mug Thermal mug 473 ml Sand
840228808497,FELLOW,NEW,38.59,22,ON-SITE,Fellow Carter Move Mug 3-in-1 Travel mug with 3 lids 473 ml Powder Blue
840228802853,FELLOW,NEW,23.49,19,ON-SITE,Fellow Carter Move Mug Thermal mug 355 ml Lilac
840228808367,FELLOW,NEW,29.39,18,ON-SITE,Fellow - Carter Carry Tumbler - Insulated mug - Powder pink 591 ml
840228805816,FELLOW,NEW,23.49,13,ON-SITE,Fellow Carter Move Mug Thermal mug 355 ml Sand
840228800194,FELLOW,NEW,26.43,12,ON-SITE,Fellow Carter Move Mug Thermal mug 473 ml Mint
840228805908,FELLOW,NEW,26.43,12,ON-SITE,Fellow Carter Slide Mug Travel mug 473 ml Sand
840228808329,FELLOW,NEW,25.09,11,ON-SITE,Fellow Carter Cold Tumbler Thermal mug 473 ml Pastel pink
840228806073,FELLOW,NEW,22.16,11,ON-SITE,Fellow Rocky Lowball Tumbler Thermal mug 295 ml navy blue
MR-1646-53,Maestro,NEW,8.79,10,ON-SITE,Dinner thermos Maestro MR-1646-53 530 ml White
MR-1636-110,Maestro,NEW,11.03,10,ON-SITE,Dinner thermos Maestro 1 1L MR-1636-110 MAESTRO
840228808244,FELLOW,NEW,23.49,10,ON-SITE,Fellow Carter Move Mug Thermal mug 355 ml Powder pink
840228806059,FELLOW,NEW,23.44,10,ON-SITE,Fellow Rocky Lowball Tumbler Thermal mug 295 ml Black
840228806738,FELLOW,NEW,33.83,9,ON-SITE,Fellow Carter Carry Travel mug 946 ml Black
K3032014,Tefal,NEW,29.35,9,ON-SITE,Tefal K30320 vacuum flask 1 L Stainless steel
840228805823,FELLOW,NEW,23.49,9,ON-SITE,Fellow Carter Move Mug Thermal mug 355 ml Green
840228803058,FELLOW,NEW,26.43,9,ON-SITE,Fellow Carter Move Mug Thermal mug 473 ml Dark red
10-00837-360,STANLEY,NEW,25.07,9,ON-SITE,Thermal cup Stanley Classic Easy Fill Wide Mouth Flask 0.23L Frost Gloss
840228805830,FELLOW,NEW,26.43,8,ON-SITE,Fellow Carter Move Mug Thermal mug 473 ml brown
840228808282,FELLOW,NEW,23.49,8,ON-SITE,Fellow Carter Slide Mug Travel mug 355 ml Pink
11-01040,Kambukka,NEW,27.77,8,ON-SITE,Kambukka Etna Iced Latte - thermal mug 300 ml
840228805885,FELLOW,NEW,23.49,8,ON-SITE,Fellow Carter Slide Mug Travel mug 355 ml Green
840228806110,FELLOW,NEW,24.96,7,ON-SITE,Fellow Ruby Wine Tumbler Thermal mug 355 ml Lilac
840228806103,FELLOW,NEW,26.39,7,ON-SITE,Fellow Ruby Wine Tumbler Thermal mug 355 ml Matte white
840228805878,FELLOW,NEW,23.48,7,ON-SITE,Fellow Carter Slide Mug Travel mug 355 ml Sand
MR-1646-80,Maestro,NEW,9.74,7,ON-SITE,Dinner thermos Maestro MR-1646-80 (0 8 l)
39500-507-0,ZWILLING,NEW,10.05,6,ON-SITE,THERMAL CUP ZWILLING THERMO 450 ML WHITE
840228803041,FELLOW,NEW,23.49,6,ON-SITE,Fellow Carter Move Mug Thermal mug 355 ml Dark red
K3031014,Tefal,NEW,30.22,6,ON-SITE,Tefal K30310 vacuum flask 1 L Black Stainless steel
840228805854,FELLOW,NEW,26.43,6,ON-SITE,Fellow Carter Move Mug Thermal mug 473 ml Green
840228805892,FELLOW,NEW,26.43,6,ON-SITE,Fellow Carter Slide Mug Travel mug 473 ml Brown
840228808350,FELLOW,NEW,27.79,5,ON-SITE,Fellow Carter Carry Travel mug 591 ml Blue
840228802471,FELLOW,NEW,23.56,5,ON-SITE,Fellow Carter Everywhere Mug Thermal mug 355 ml navy blue
MR-1636-60,Maestro,NEW,9.37,5,ON-SITE,Dinner thermos Maestro MR-1636-60 600 ml pink
11-04064,Kambukka,NEW,24.22,5,ON-SITE,Kambukka Lagoon Insulated Thermal Bottle 600 ml
10-12106-178,STANLEY,NEW,29.94,4,ON-SITE,STANLEY thermal cup Iceflow Bottle Twist Flip 0.47l Indigo
11-08001,Kambukka,NEW,45.72,4,ON-SITE,Thermal mug with telescopic straw Kambukka Rio Tumbler 950ml Almond Dream
11-01055,Kambukka,NEW,28.77,4,ON-SITE,Kambukka Etna Thermal mug 300 ml Red
840228808305,FELLOW,NEW,26.43,4,ON-SITE,Fellow Carter Slide Mug Travel mug 473 ml Pink
K3034014,Tefal,NEW,30.29,4,ON-SITE,Tefal K30340 vacuum flask 1 L Stainless steel White
11-03038,Kambukka,NEW,28.32,4,ON-SITE,Thermal bottle Kambukka Elton Insulated 600 ml Nightfall (11-03038)
840228806097,FELLOW,NEW,26.39,3,ON-SITE,Fellow Ruby Wine Tumbler Thermal mug 355 ml Matte black
10-13230-063,STANLEY,NEW,41.97,3,ON-SITE,STANLEY thermal cup Quencher H2.O FlowState 1.18 l pistachio
840228802440,FELLOW,NEW,26.43,2,ON-SITE,Fellow Carter Move Mug Thermal mug 473 ml Navy blue
840228802860,FELLOW,NEW,26.43,2,ON-SITE,Fellow Carter Move Mug Thermal mug 473 ml Lilac
840228806752,FELLOW,NEW,33.83,2,ON-SITE,Fellow Carter Carry Travel mug 946 ml Navy Blue
840228806745,FELLOW,NEW,33.86,1,ON-SITE,Fellow Carter Carry Travel mug 946 ml White
840228808251,FELLOW,NEW,26.43,1,ON-SITE,Fellow Carter Move Mug Thermal mug 473 ml Powder blue
HD2651/80,Philips,NEW,42.41,53,ON-SITE,Philips Viva Collection HD2651/80 toaster 8 2 slice(s) 950 W Titanium
HD2581/00,Philips,NEW,21.57,41,ON-SITE,Toaster Philips HD2581/00 ( 900 W ; white color )
TT420D30,Tefal,NEW,30.17,26,ON-SITE,Tefal Equinox TT420D 7 2 slice(s) Black Stainless steel
HD2650/90,Philips,NEW,39.32,25,ON-SITE,Philips Viva Collection HD2650/90 toaster 2 slice(s) 950 W Black Stainless steel
TAT 3M123,BOSCH,NEW,30.92,20,ON-SITE,Bosch TAT3M123 toaster 2 slice(s) 950 W Black
HD2582/00,Philips,NEW,22.23,15,ON-SITE,Philips Daily Collection HD2582/00 toaster 2 slice(s) 830 W White
TAT3M121,BOSCH,NEW,32.46,14,ON-SITE,My Moment BOSCH TAT3M121 toaster (white)
TAT2M127,BOSCH,NEW,30.8,12,ON-SITE,Bosch TAT2M127 toaster
HD2638/11,Philips,NEW,31.38,12,ON-SITE,Philips Viva Collection HD2638/11 toaster 7 2 slice(s) 950 W Rose gold White
5KMT2204EMS,KitchenAid,NEW,180.48,9,ON-SITE,KitchenAid 5KMT2204EMS 7 2 slice(s) 1250 W Grey
5KMT2204EBK,KitchenAid,NEW,180.49,8,ON-SITE,KitchenAid 5KMT2204EBK 7 2 slice(s) 1250 W Black
MR-706-WHITE,Maestro,NEW,10.44,8,ON-SITE,Maestro MR-706-White Toaster White
5KMT2204ECA,KitchenAid,NEW,185.66,7,ON-SITE,KitchenAid 5KMT2204ECA 7 2 slice(s) 1250 W Red
TAT2M121,BOSCH,NEW,30.67,6,ON-SITE,Bosch TAT2M121 toaster 6 2 slice(s) 950 W White
ZTS7386,Zelmer,NEW,18.1,4,ON-SITE,Zelmer ZTS7386 toaster 2 slice(s) 750 W White
AD 3216,Adler,NEW,13,3,ON-SITE,Toaster Adler AD 3216 750W
960696000,taurus,NEW,30.53,3,ON-SITE,Taurus VINTAGE II 7 2 slice(s) 950 W Green
960713000,taurus,NEW,43.01,3,ON-SITE,Taurus Vintage Olive-Coloured Toaster 1500 W
960705000,taurus,NEW,23.56,3,ON-SITE,Taurus VINTAGE II CORAL 7 2 slice(s) 950 W
53008-001-0,ZWILLING,NEW,55.57,2,ON-SITE,ZWILLING ENFINIGY Toaster Small
ES9600050B,BLACK+DECKER,NEW,25.61,2,ON-SITE,Toaster Black+Decker BXTO1001E (1000W)
AD 3214,Adler,NEW,18.35,2,ON-SITE,Adler AD 3214 toaster
5KMT2204EOB,KitchenAid,NEW,188.28,2,ON-SITE,KitchenAid 5KMT2204EOB 7 2 slice(s) 1250 W Black
TSF03BLEU,SMEG,NEW,147.32,1,ON-SITE,Smeg 50's Style Toaster TSF03BLEU Black
AD 3062,Adler,NEW,25.52,6,ON-SITE,WAFER BOWL BAKER ADLER AD 3062
VF3060,CONCEPT,NEW,19.91,4,ON-SITE,Waffle Maker CONCEPT VF3060 1400W 2.4 cm
WA 3491 czarny,Clatronic,NEW,16.48,1,ON-SITE,Clatronic 261 679 waffle iron 5 waffle(s) Black 1200 W
40444,Medisana,NEW,20.06,200,ON-SITE,Body Analysis Scale Medisana BS 444 connect
40461,Medisana,NEW,27.66,88,ON-SITE,Body Analysis Scale Medisana PSD
59203,Xiaomi,NEW,10.33,38,ON-SITE,Xiaomi Smart Scale S200 bathroom scale (white)
40025,Medisana,NEW,12.4,18,ON-SITE,Medisana PS 520 Electronic Scale Black
PW 3368,Clatronic,NEW,7.8,16,ON-SITE,Clatronic PW 3368 Electronic Personal Scale (Transparent/Silver)
AD 8187w,Adler,NEW,18.58,11,ON-SITE,ADLER AD 8187 bathroom scales white
AD 8175,Adler,NEW,10.67,9,ON-SITE,Electronic bathroom scale Adler AD 8175 LED
23501,Medisana,NEW,12.5,9,ON-SITE,Ecomed BS-70E Rectangle White Electronic personal scale
40488,Medisana,NEW,37.62,9,ON-SITE,Medisana BS 850 holistic 8-point analytical scale
AD 8174s,Adler,NEW,9.6,7,ON-SITE,Electronic bathroom scale Adler AD 8174s LED
AD 8183,Adler,NEW,10.64,5,ON-SITE,Bathroom scale ADLER AD 8183 with edge lighting White
40547,Medisana,NEW,21.08,4,ON-SITE,Body analysis scale Medisana BS 460
40510,Medisana,NEW,40.29,4,ON-SITE,Body Analysis Scale Medisana BS 450 connect (black)
AD 8186w,Adler,NEW,11.42,4,ON-SITE,Electronic bathroom scale Adler AD 8186 white
AD 8177,Adler,NEW,29.06,4,ON-SITE,ADLER AD 8177 bathroom scales
23511,Medisana,NEW,9.04,1,ON-SITE,Personal scale Ecomed by Medisana PS-72E
CR 1259,Adler,NEW,61.84,17,ON-SITE,Camry CR 1259 electric kettle 20 L 1650 W Black
BT-003,Maestro,NEW,12.63,158,ON-SITE,Best Fan BT-003 MAESTRO USB Desk Fan
PH03-OG,AECOOLY,NEW,11.65,43,ON-SITE,AECOOLY Aero Ultra – High-Speed Handheld Fan Orange
PH03-GY-PURPLE,AECOOLY,NEW,11.64,41,ON-SITE,AECOOLY Aero Ultra High-Speed Handheld Fan Grey-Purple
PH03-BL-OG,AECOOLY,NEW,11.64,33,ON-SITE,AECOOLY Aero Ultra – High-Speed Handheld Fan Blue-Orange
PM02 - BK,AECOOLY,NEW,16.62,30,ON-SITE,AECOOLY COLD Air Pro portable handheld fan black
PF04-BL,AECOOLY,NEW,9.93,18,ON-SITE,AECOOLY Halo 04 ICING Foldable Handheld Fan with Cooling Plate White
NK01-BEIGE,AECOOLY,NEW,8.35,12,ON-SITE,AECOOLY CLICK 01 Mini Portable Neck Fan Beige
PC01-WH,AECOOLY,NEW,7.7,1,ON-SITE,AECOOLY Halo 04 ICING Foldable Handheld Fan with Cooling Plate White
52500,PROFICOOK,NEW,20.03,14,ON-SITE,ProfiCook PC-KW 1247 Stainless steel Countertop Mechanical kitchen scale
AD 3183b,Adler,NEW,6.66,11,ON-SITE,Kitchen scale ADLER AD 3183b Black
ZKS1451,Zelmer,NEW,11.86,5,ON-SITE,Zelmer ZKS1451 White Ivory Countertop Square Electronic kitchen scale
AD 3161,Adler,NEW,5.78,4,ON-SITE,Adler AD 3161 kitchen scale White Rectangle Electronic personal scale
AD 3166,Adler,NEW,7.91,4,ON-SITE,Adler AD 3166 Electronic kitchen scale
AD 3134,Adler,NEW,14.65,3,ON-SITE,Adler AD 3134 Electronic kitchen scale Stainless steel Round
AD 3173s,Adler,NEW,7.89,2,ON-SITE,Kitchen scale Adler AD 3173s - up to 10 kg LED
AD 3177b,Adler,NEW,11.47,1,ON-SITE,ADLER AD 3177b kitchen scale
XPB-2800 B,Ravanson,NEW,114.62,7,ON-SITE,Spin Dryer Ravanson XPB-2800 B
ZC255B,Tefal,NEW,98.07,26,ON-SITE,Tefal Infiny Juice ZC255B Juice extractor Grey Silver 200 W
ZC605D38,Tefal,NEW,238.11,14,ON-SITE,TEFAL ZC605D38 Slow Juicer
ZC150838,Tefal,NEW,88.03,9,ON-SITE,Slow Juicer TEFAL ZC150838 Black 150W
MESM500W,BOSCH,NEW,144.07,1,ON-SITE,Bosch MESM500W juice maker Slow juicer 150 W Black White
CSC063X,CROCK-POT,NEW,61.36,200,ON-SITE,Crock-Pot slow cooker CSC063X 7.5l
CSC052X,CROCK-POT,NEW,45.12,97,ON-SITE,Crock-Pot Slow cooker CSC052X 4.7L
CSC066X,CROCK-POT,NEW,63.13,26,ON-SITE,Crock-Pot Slow cooker CSC066X 5.6L
CSC111X,CROCK-POT,NEW,64.92,9,ON-SITE,Crockpot CSC111X Slow cooker 3.5 L Stainless steel
CR 6414,Adler,NEW,38.66,5,ON-SITE,CAMRY CR 6414 SLOW COOKER
CSC112X,CROCK-POT,NEW,71.44,3,ON-SITE,Crock-Pot CSC112X 6.5-litre slow cooker (silver)
924273000,taurus,NEW,10.42,11,ON-SITE,Taurus CITRUS COMPACT Hand juicer 30 W Black Orange Transparent
MCP72GPB,BOSCH,NEW,66.5,10,ON-SITE,Bosch MCP72GPB citrus press Plastic Stainless steel Black Transparent
924257000,taurus,NEW,51.12,8,ON-SITE,Taurus Easy Press 600 Centrifugal juicer 600 W Black Brown
924254000,taurus,NEW,18.36,4,ON-SITE,Taurus Citrus Glass electric citrus press 1 L 30 W Black Red Transparent
924269000,taurus,NEW,48.56,4,ON-SITE,Taurus Easy Press 1000 Legend Citrus Squeezer
AD 4012,Adler,NEW,13.58,4,ON-SITE,ADLER AD 4012 CITRUS SQUEEZER
ES9240080B,BLACK+DECKER,NEW,47.5,3,ON-SITE,Citrus squeezer Black+Decker BXCJ350E (350W)
80260_SREBRNA,HEINRICH'S,NEW,105.76,10,ON-SITE,Heinrich's HGB 5088 IX Freezer silver
80260_BIAŁA,HEINRICH'S,NEW,102.74,5,ON-SITE,Heinrich's HGB 5088 W Freezer White
39500-512-0,ZWILLING,NEW,10.02,45,ON-SITE,ZWILLING Thermo tea infuser 420 ml black
85276082691,AeroPress,NEW,55.12,42,ON-SITE,AEROPRESS Go Plus Coffee Maker with Pink Thermal Mug 475 ml
8006363027625,BIALETTI,NEW,20.79,37,ON-SITE,Bialetti Moka Break Alpina Moka pot Green
8006363011662,BIALETTI,NEW,42.2,26,ON-SITE,Bialetti Moka Express Moka pot 0.775 L Aluminium Black
990001164,BIALETTI,NEW,22.08,23,ON-SITE,Bialetti Moka Express Moka pot 0.23 L Aluminium
085276081984,AeroPress,NEW,31.51,16,ON-SITE,AeroPress Clear Coffee maker
MR-1666-6-BLACK,Maestro,NEW,6.07,13,ON-SITE,Maestro 6 cup coffee machine MR-1666-6-BLACK black
990001165,BIALETTI,NEW,31.89,12,ON-SITE,Bialetti Moka Express Moka pot 0.55 L Black Silver
MR-1666-3-BLACK,Maestro,NEW,4.9,12,ON-SITE,3 cup coffee machine MAESTRO MR-1666-3-BLACK Black
085276081892,AeroPress,NEW,16.96,12,ON-SITE,AeroPress Flow Control Filter Cap Coffee machine cover Black
MR-1657-3-BEIGE,Maestro,NEW,6.65,9,ON-SITE,Aluminium moka pot MR-1657-3-BEIGE MAESTRO
MR-1666-6-BROWN,Maestro,NEW,6.33,9,ON-SITE,Coffee machine MAESTRO MR-1666-6-BROWN 6 cup Bronze
MR-1657-6-BEIGE,Maestro,NEW,8.51,8,ON-SITE,Aluminium moka pot MR-1657-6-BEIGE MAESTRO
502020352,BIALETTI,NEW,46.21,8,ON-SITE,Coffee maker BIALETTI BRIKKA INDUCTION 4TZ 180 ml Anthracite Silver
085276081991,AeroPress,NEW,53.63,8,ON-SITE,AeroPress XL Coffee maker
990001168,BIALETTI,NEW,17.7,7,ON-SITE,Bialetti Moka Express Moka pot Aluminium Black
5466,BIALETTI,NEW,24.85,6,ON-SITE,Moka pot for 3 cups Moka Express 5466 BIALETTI red
5460,BIALETTI,NEW,36.53,6,ON-SITE,Zestaw kawiarki na 3 filiżanki + 2 kubki 5460 BIALETTI
8006363040563,BIALETTI,NEW,41.38,6,ON-SITE,Bialetti Brikka Moka pot 0.17 L Black Stainless steel
MR-1657-9-BEIGE,Maestro,NEW,10.33,6,ON-SITE,Aluminium moka pot MR-1657-9-BEIGE MAESTRO
MR-1667-6,Maestro,NEW,9.49,6,ON-SITE,Coffee machine for 6 cups MR-1667-6 MAESTRO
502020171,BIALETTI,NEW,29.35,5,ON-SITE,Coffee maker BIALETTI RAINBOW 6TZ 300 ml Yellow
5461,BIALETTI,NEW,36.29,4,ON-SITE,Zestaw kawiarki mini express + 2 kubki 5461 BIALETTI
85276082424,AeroPress,NEW,55.15,4,ON-SITE,Go Plus coffee maker with black AeroPress thermal mug
984081000,taurus,NEW,14.9,4,ON-SITE,Coffee machine for 6 cups Taurus Black Moments KCP9006l
5464,BIALETTI,NEW,24.85,3,ON-SITE,Moka pot for 3 cups Moka Express 5464 BIALETTI blue
MR-1658-3,Maestro,NEW,5.44,3,ON-SITE,Aluminium moka pot MR-1658-3 MAESTRO
MR-1333-Tea,Maestro,NEW,9.91,2,ON-SITE,Maestro MR-1333-tea 1.1 L Stainless steel
8006363040556,BIALETTI,NEW,31.13,2,ON-SITE,Bialetti Brikka Moka pot 0.1 L Black Stainless steel
85R11,AeroPress,NEW,25.43,1,ON-SITE,AeroPress 85R11 Coffee maker
FV9845E0,Tefal,NEW,69.03,200,ON-SITE,Tefal Ultimate Pure FV9845 iron Dry & Steam iron Durilium Autoclean soleplate 3200 W Black Copper
MR-320C,Maestro,NEW,46.85,200,ON-SITE,Maestro MR-320C steam ironing station 2400 W 1.5 L Ceramic soleplate Black Pink gold
3734,Clatronic,NEW,62.57,186,ON-SITE,CLATRONIC HBB 3734 Upright garment steamer 1200 W White
PSG9050/20,Philips,NEW,504.77,179,ON-SITE,Philips PSG9050/20 steam ironing station 3100 W 1.8 L SteamGlide soleplate Black
DST2010/20,Philips,NEW,18,141,ON-SITE,Philips 2000 series DST2010/20 iron Steam iron Non-stick soleplate 2000 W Grey
81011,PROFICARE,NEW,77.3,108,ON-SITE,PROFICARE Upright garment steamer
FV2836E0,Tefal,NEW,24.02,93,ON-SITE,Tefal FV2836 Dry & Steam iron Ceramic soleplate 2400 W Purple White
DST7051/30,Philips,NEW,58.32,73,ON-SITE,Iron PHILIPS DST 7051/30
STH3000/20,Philips,NEW,26.02,66,ON-SITE,Philips 3000 series STH3000/20 steam cleaner Portable steam cleaner 0.1 L 1000 W Blue
DST7511/80,Philips,NEW,59.67,64,ON-SITE,Philips DST7511/80 iron Dry & Steam iron SteamGlide Elite soleplate 3200 W Black
DST7510/80,Philips,NEW,70.16,62,ON-SITE,PHILIPS Iron DST 7510/80
GV9721E0,Tefal,NEW,208.04,52,ON-SITE,Tefal Pro Express Ultimate II GV9721 1.2 L Durilium AirGlide Autoclean soleplate Red White
QT2020,Tefal,NEW,250.21,51,ON-SITE,Tefal QT2020 1.1 L 2170 W Black Copper
FV8062E0,Tefal,NEW,67.32,49,ON-SITE,Tefal Puregliss FV8062E0 iron Dry & Steam iron Durilium AirGlide Autoclean soleplate 3000 W Black Grey
DST7060/20,Philips,NEW,59.78,46,ON-SITE,Philips 7000 series DST7060/20 HV Steam Iron Blue/Yellow
DT7130,Tefal,NEW,41.27,45,ON-SITE,Tefal Access Steam Easy DT7130 Handheld garment steamer 0.15 L 1400 W Blue White
YT2020E0,Tefal,NEW,328.45,44,ON-SITE,TEFAL CARE FOR YOU FIRST automatic steam cabinet YT2020 Navy blue
GC7920/20,Philips,NEW,124.66,41,ON-SITE,Philips GC7920/20 steam ironing station 2400 W 1.5 L SteamGlide soleplate Aqua colour
GC801/10,Philips,NEW,71.38,38,ON-SITE,Philips 8000 series GC801/10 garment steamer 0.23 L 1600 W Pink White
MR-317T,Maestro,NEW,11.13,35,ON-SITE,Steam iron MAESTRO MR-317T 1100W travel iron Purple
ES9180190B,BLACK+DECKER,NEW,26.86,24,ON-SITE,Steam iron Black+Decker BXIR3000E (3000W; black)
GV9E22E0,Tefal,NEW,177.28,18,ON-SITE,Tefal Pro Express Eco GV9E22E0 steam ironing station 2200 W 1.8 L Durilium AirGlide Autoclean soleplate Beige White
HGC 8705,HEINRICH'S,NEW,54.97,18,ON-SITE,Heinrich's HGC 8705 Steam iron
QT1811E0,Tefal,NEW,220.33,15,ON-SITE,TEFAL QT 1811 IXEO ironing system
AD 5030,Adler,NEW,16.62,14,ON-SITE,Adler AD 5030 iron Steam iron Ceramic soleplate 3000 W Brown Grey White
ES9180070B,BLACK+DECKER,NEW,15.97,14,ON-SITE,Steam iron Black+Decker BXIR2200E (2200W)
SV9201E0,Tefal,NEW,137.17,12,ON-SITE,Tefal Express Protect SV9201E0 steam ironing station 2800 W 1.8 L Durilium AirGlide Autoclean soleplate Purple White
GV9812,Tefal,NEW,246,11,ON-SITE,Tefal Pro Express Vision GV9812 3000 W 1.1 L Durilium AirGlide Autoclean soleplate Blue White
ZIR0500,Zelmer,NEW,22.89,11,ON-SITE,Zelmer ZIR0500 Dry & Steam iron Stainless Steel soleplate 1100 W Black Blue White
ES9180220B,BLACK+DECKER,NEW,32.81,11,ON-SITE,Iron Black+Decker BXIR2801E
FV9865,Tefal,NEW,83.69,9,ON-SITE,Tefal FV9865E0 iron Dry & Steam iron Durilium Autoclean soleplate 3000 W Black Gold
DT9100E0,Tefal,NEW,66.06,9,ON-SITE,Tefal Access Steam Care DT9100 Handheld garment steamer 0.2 L 1600 W Black Copper
DT8765,Tefal,NEW,60.44,9,ON-SITE,Tefal Pure Force DT8765E0 garment steamer Handheld garment steamer 0.18 L 1800 W Black Cinnamon colour
SV4110E0,Tefal,NEW,65.89,9,ON-SITE,Tefal Express Optimal SV4110 2200 W 1.2 L Ceramic Express Glide Blue White
SV9202E0,Tefal,NEW,134.72,9,ON-SITE,Tefal Express Protect SV9202 2800 W 1.8 L Durilium AirGlide Autoclean soleplate White Blue
DST2020/90,Philips,NEW,25.63,7,ON-SITE,Philips 2000 series DST2020/90 iron Steam iron Ceramic soleplate 2000 W Aqua colour
AD 5038,Adler,NEW,26.06,7,ON-SITE,Steam Iron ADLER AD 5038 3000W Black
ES9180260B,BLACK+DECKER,NEW,69.24,6,ON-SITE,Black+Decker steam generator BXSS2401E (2400W)
ES9180320B,BLACK+DECKER,NEW,76.8,6,ON-SITE,Black+Decker steam generator BXSS2800E
331250,PROFICARE,NEW,11.86,6,ON-SITE,ProfiCare PC-DB 3125 Steam iron Ceramic soleplate 800 W Blue Rose
918714000,taurus,NEW,29.86,6,ON-SITE,Taurus BALI 3200 X-SLIDE Dry & Steam iron Ceramic soleplate 3200 W Blue White
918709000,taurus,NEW,28.24,5,ON-SITE,Taurus ATLAS 2800 CERAMIC 2800 W steam iron
AD 5044,Adler,NEW,23.75,5,ON-SITE,ADLER AD 5044 garment steamer
CR 5029,Adler,NEW,16.91,4,ON-SITE,Camry CR 5029 iron Steam iron Black Yellow 2400 W
GV9712E0,Tefal,NEW,181.49,4,ON-SITE,Tefal Pro Express Ultimate II GV9712 3000 W 1.2 L Durilium Airglide soleplate Blue White
918167000,taurus,NEW,36.98,4,ON-SITE,Taurus Geyser Eco Easy 3000 Iron
918986000,taurus,NEW,27.84,3,ON-SITE,Taurus Quios 3000 Dry & Steam iron Ceramic soleplate 3000 W Black Blue
DT6130,Tefal,NEW,26.84,3,ON-SITE,Tefal DT613 Handheld garment steamer 70 L 1300 W White Blue
ZIR3210,Zelmer,NEW,51.32,3,ON-SITE,3200W Performance Iron ZIR3210 Zelmer
FV5718,Tefal,NEW,38.08,2,ON-SITE,Tefal EasyGliss Plus FV5718 iron Dry & Steam iron Durilium soleplate 2400 W Turquoise White
GV9221EO,Tefal,NEW,173.35,2,ON-SITE,Tefal Pro Express Protect GV9221E0 steam ironing station 2600 W 1.8 L Blue White
918693000,taurus,NEW,77.92,2,ON-SITE,Taurus Sliding Pro 3000 Non Stop 3000 W 1.5 L Ceramic soleplate Black
918787000,taurus,NEW,26.3,2,ON-SITE,Taurus Geyser Eco 2800W Iron
DT9810,Tefal,NEW,91.07,1,ON-SITE,Tefal AeroSteam DT9810 Handheld garment steamer 0.1 L 1400 W Black Gold
FFS017x,FoodSaver,NEW,103.04,12,ON-SITE,FoodSaver Vacuum sealer FFS017X
FFS005x,FoodSaver,NEW,106.17,9,ON-SITE,FoodSaver Vacuum sealer FFS005X
VS3190X,FoodSaver,NEW,88.74,9,ON-SITE,FoodSaver VS3190X vacuum sealer Black Stainless steel
AD 4503,Adler,NEW,39.64,8,ON-SITE,Vacuum sealer ADLER AD 4503
VS0100X,FoodSaver,NEW,63.58,3,ON-SITE,FoodSaver vacuum sealer VS0100X
VS0290X,FoodSaver,NEW,46.54,2,ON-SITE,FoodSaver Vacuum sealer VS0290X
533132,No name,NEW,46.59,1,ON-SITE,AddLiving V300 vacuum sealer White Silver
TSG 5704,Boman,NEW,258.24,14,ON-SITE,Bomann TSG 5704 Countertop dishwasher 2 place settings D white
8840,HEINRICH'S,NEW,227.26,7,ON-SITE,Black 8840 HEINRICH'S dishwasher
8840,HEINRICH'S,NEW,249.47,1,ON-SITE,HEINRICH'S 8840 Silver Dishwasher
ZD4A043-30EE00EZ,ZEBRA,NEW,383.46,14,ON-SITE,Zebra ZD421T label printer Thermal transfer 300 x 300 DPI 102 mm/sec Wired & Wireless Ethernet LAN Bluetooth
ZT41142-T0E0000Z,ZEBRA,NEW,991.12,13,ON-SITE,Zebra ZT411 203 x 203 DPI Wired & Wireless Direct thermal / Thermal transfer POS printer
ZD4A042-30EE00EZ,ZEBRA,NEW,344.41,9,ON-SITE,Zebra ZD421 label printer Thermal transfer 203 x 203 DPI Wired & Wireless
ZD4A042-30EX02EZ,ZEBRA,NEW,552.81,6,ON-SITE,Zebra ZD421 label printer Thermal transfer 203 x 203 DPI 152 mm/sec Wired & Wireless Ethernet LAN Bluetooth
ZD6A043-30EF00EZ,ZEBRA,NEW,531.45,5,ON-SITE,Zebra ZD621 label printer Thermal transfer 300 x 300 DPI 152 mm/sec Wired & Wireless Ethernet LAN Bluetooth
ZD4A042-30EW02EZ,ZEBRA,NEW,525.27,5,ON-SITE,Zebra ZD421T label printer Thermal transfer 203 x 203 DPI 152 mm/sec Wired & Wireless Wi-Fi Bluetooth
ZT42162-T0E0000Z,ZEBRA,NEW,1971.36,5,ON-SITE,Zebra ZT421 label printer Direct thermal / Thermal transfer 203 x 203 DPI 305 mm/sec Wired & Wireless Ethernet LAN Bluetooth
ZD4A043-D0EE00EZ,ZEBRA,NEW,418.47,4,ON-SITE,Zebra ZD421D label printer Direct thermal 300 x 300 DPI 102 mm/sec Wired & Wireless Ethernet LAN Bluetooth
ZT41143-T0E0000Z,ZEBRA,NEW,1154.75,2,ON-SITE,Zebra ZT411 300 x 300 DPI Wired & Wireless Direct thermal / Thermal transfer POS printer
A2A88188301,NiiMbot,NEW,5.43,175,ON-SITE,Niimbot R50*30-230 White thermal labels
MGH34ZM/A,Apple,NEW,15.28,82,ON-SITE,Apple iPhone Air Case with MagSafe – Frost
D8-BLK/S,W-King,NEW,65.96,12,ON-SITE,W-KING D8 wireless Bluetooth speaker – black and silver
D8-ALL/BLK,W-King,NEW,65.91,12,ON-SITE,W-KING D8 wireless Bluetooth speaker
X20-BLK,W-King,NEW,222.09,9,ON-SITE,W-KING X20 Wireless Bluetooth Speaker – Black
D8-GRE,W-King,NEW,65.94,8,ON-SITE,W-KING D8 wireless Bluetooth speaker
D10-BLK,W-King,NEW,91.9,4,ON-SITE,BLUETOOTH WIRELESS SPEAKER W-KING D10 70W BLACK
T11-BLK,W-King,NEW,166.36,4,ON-SITE,W-KING T11 Wireless Bluetooth Speaker – Black
T8II-STR,W-King,NEW,91.58,1,ON-SITE,W-KING T8II Wireless Bluetooth Speaker – street
T8II-MSC,W-King,NEW,91.64,1,ON-SITE,W-KING T8II Wireless Bluetooth Speaker – music
T8II-BLK,W-King,NEW,91.62,1,ON-SITE,W-KING T8II Wireless Bluetooth Speaker – Black
X10-BLK,W-King,NEW,91.57,1,ON-SITE,BLUETOOTH WIRELESS SPEAKER W-KING X10 70W BLACK
H10-BLK,W-King,NEW,238.85,1,ON-SITE,Bluetooth speaker W-KING H10 120W
D320-BLU,W-King,NEW,59.82,1,ON-SITE,W-KING D320 Wireless Bluetooth Speaker
MD819ZM/A,Apple,NEW,7.85,185,ON-SITE,Apple Lightning to USB Cable (2 m)
IKUTC2B,IBOX,NEW,1.63,178,ON-SITE,iBOX IKUTC USB-C cable 60W 2m Black
MW493ZM/A,Apple,NEW,11.88,176,ON-SITE,Apple MW493ZM/A USB cable 1 m USB C 60 W White
MLL82ZM/A,Apple,NEW,14.21,151,ON-SITE,Apple USB-C Charge Cable (2m)
MXLY2ZM/A,Apple,NEW,7.64,145,ON-SITE,Apple Lightning to USB Cable (1? m)
MYQT3ZM/A,Apple,NEW,16.75,136,ON-SITE,Apple MYQT3ZM/A USB cable 2 m USB C White
MQGH2ZM/A,Apple,NEW,11.45,133,ON-SITE,Apple USB-C to Lightning Cable (2m)
IKUTC1B,IBOX,NEW,1.61,112,ON-SITE,iBOX IKUTC USB-C cable 60W 1m Black
IKUTC2W,IBOX,NEW,1.64,85,ON-SITE,iBOX IKUTC USB-C cable 60W 2m White
MQKJ3ZM/A,Apple,NEW,9.76,85,ON-SITE,Apple USB-C Woven Charge Cable (1m)
Y-C481BK,UNITEK,NEW,1.84,64,ON-SITE,UNITEK KABEL USB USB-A — USB-C 50CM Y-C481BK BLACK
C4049RD,UNITEK,NEW,4.28,59,ON-SITE,UNITEK C4049RD USB cable 1.2 m USB A USB C/Micro-USB B/Lightning Red
Y-C490BK,UNITEK,NEW,2.45,53,ON-SITE,UNITEK CABLE USB-C - USB-A 3.1 M/M 0.25M Y-C490BK
IKUTC1W,IBOX,NEW,1.61,51,ON-SITE,iBOX IKUTC USB-C cable 60W 1m White
ME291ZM/A,Apple,NEW,7.21,44,ON-SITE,Apple Lightning to USB Cable (0.5 m)
MW613ZM/A,Apple,NEW,36.67,41,ON-SITE,Apple MW613ZM/A USB cable 2 m USB C MagSafe 3 Silver
C14049BK,UNITEK,NEW,3.81,39,ON-SITE,UNITEK C14049BK USB cable 1.2 m USB 2.0 USB C Micro-USB B/Lightning Black
IKUMTCWQC,IBOX,NEW,1.28,38,ON-SITE,iBox IKUMTCWQC USB cable USB 2.0 1.5 m USB A USB C White
IKUMTCR,IBOX,NEW,0.64,32,ON-SITE,CABLE I-BOX USB 2.0 TYPE C 2A 1M RED
MM093ZM/A,Apple,NEW,9.75,30,ON-SITE,Apple MM093ZM/A USB cable 1 m USB C White
CONBD,Vention,NEW,2.27,22,ON-SITE,Vention USB 3.0 A Male to A Male Cable 0.5M Black PVC Type
TRIWF,Vention,NEW,4.95,21,ON-SITE,Vention USB 2.0 5A 240W 1m BK USB-C to C cable
CBHBH,Vention,NEW,4.16,20,ON-SITE,Vention 2m USB 3.0 extension cable
CCVBB,Vention,NEW,3.22,20,ON-SITE,Vention USB 3.1(Gen 1) C Male to A Female OTG Cable 0.15M Black PVC Type
ITVCDP4K,IBOX,NEW,4.51,19,ON-SITE,iBox ITVCDP4K video cable adapter 1.8 m USB Type-C DisplayPort Black
TAVHF,Vention,NEW,11.73,17,ON-SITE,Vention USB 4.0 5A 40Gbps USB-C to C cable braided 1m
C14103BK-2M,UNITEK,NEW,5.13,14,ON-SITE,UNITEK CABLE USB-C USB-A 5 GBPS 2M
IKUM4W1CLR,IBOX,NEW,3.01,12,ON-SITE,Universal 4 in 1 charging cable I-BOX USB IKUM4W1
CBHBF,Vention,NEW,2.28,12,ON-SITE,Vention 1m USB 3.0 extension cable
Y-C474BK+,UNITEK,NEW,3.42,9,ON-SITE,UNITEK Y-C474BK USB cable USB 3.2 Gen 1 (3.1 Gen 1) 1 m USB A USB C Black
C14086BK,UNITEK,NEW,6.91,9,ON-SITE,UNITEK C14086BK USB cable USB 3.2 Gen 2 (3.1 Gen 2) 0.5 m USB C Black
CODHH,Vention,NEW,3.41,8,ON-SITE,Vention Cotton Braided USB 2.0 A Male to C Male 3A Cable 2M Gray Aluminum Alloy Type
TREBF,Vention,NEW,4.3,8,ON-SITE,Vention USB 2.0 5A 240W 1m BLACK USB-C to C cable
TRDWH,Vention,NEW,3.15,8,ON-SITE,Vention USB-C to C cable braided 3A 480Mbps 60W 2m WH
LAKWF,Vention,NEW,2.11,7,ON-SITE,USB-C to Lightning Cable 3A 480Mbps 1m WHITE
C14082ABK,UNITEK,NEW,7.88,7,ON-SITE,UNITEK C14082ABK USB cable USB 3.2 Gen 2 (3.1 Gen 2) 1 m USB C Black
C14069BK,UNITEK,NEW,3.09,6,ON-SITE,UNITEK C14069BK USB cable 3 m USB A USB C
CQJHF,Vention,NEW,9.82,6,ON-SITE,Vention USB 2.0 A Male to 3-in-1 Micro-B&USB-C&Lightning Male Cable 1M Gray Aluminum Alloy Type
CUAH0,Vention,NEW,6.21,5,ON-SITE,Vention USB 3.1 OTG adapter USB-C to USB-A lanyard
CDPH0,Vention,NEW,5.93,5,ON-SITE,Vention USB 3.0 Male to USB-C Female Adapter Gray Aluminum Alloy Type
CUBH0,Vention,NEW,3.97,4,ON-SITE,Vention USB 3.1 OTG adapter USB-C to USB-A lanyard
CDQH0,Vention,NEW,3.38,3,ON-SITE,Vention USB-C Male to USB 3.0 Female OTG Adapter Gray Aluminum Alloy Type
IKUMTCB,IBOX,NEW,0.68,3,ON-SITE,iBox IKUMTCB USB cable 1 m USB 2.0 USB A USB C Blue
TRDWF,Vention,NEW,2.46,3,ON-SITE,Vention USB-C to C cable braided 3A 480Mbps 60W 1m WH
C14110GY-2M,UNITEK,NEW,10.33,3,ON-SITE,UNITEK CABLE USB-C 240W 2M
C14086BK-1.5M,UNITEK,NEW,12.33,2,ON-SITE,UNITEK C14086BK-1.5M USB cable USB 3.2 Gen 2 (3.1 Gen 2) USB C Black
Y-C434GBK,UNITEK,NEW,1.53,2,ON-SITE,UNITEK Y-C434GBK USB cable USB 2.0 1.5 m USB A Micro-USB B 0.48 Gbit/s Black
TAYBAV,Vention,NEW,10.03,1,ON-SITE,Vention Cotton Braided USB 2.0 C Male to C Male 5A Cable With LED Display 1.2M Black Zinc Alloy Type
C14067BK,UNITEK,NEW,2.63,1,ON-SITE,UNITEK C14067BK USB cable 1 5 m USB A USB C
C14059BK,UNITEK,NEW,5.08,1,ON-SITE,UNITEK C14059BK USB cable 2 m USB C Black
PG38C06062,Motorola,NEW,54.04,12,ON-SITE,Motorola Moto Tag 4-Pack Jade Green + Midnight Blue
GXD1N63507,Lenovo,NEW,37.54,200,ON-SITE,Lenovo TWS Yoga PC Edition Headset True Wireless Stereo (TWS) In-ear Calls/Music Bluetooth Teal
MXP63ZM/A,Apple,NEW,111.02,118,ON-SITE,Apple AirPods 4 Headset True Wireless Stereo (TWS) In-ear Calls/Music/Sport/Everyday Bluetooth White
WHULT900NW,Sony,NEW,88.91,108,ON-SITE,Sony ULT WEAR - Wireless Bluetooth Headphones with ULT POWER SOUND Ultimate Deep Bass Noise Cancelling Clear Call Quality Up to 30hr Battery Life IOS & Android
SM-R540NZKAEUE,Samsung,NEW,99.59,67,ON-SITE,Samsung Galaxy Buds 4 Headset True Wireless Stereo (TWS) In-ear Calls/Music USB Type-C Bluetooth Black
SM-R540NZWAEUE,Samsung,NEW,98.53,63,ON-SITE,Samsung Galaxy Buds4 Headset Wireless In-ear Calls/Music Bluetooth White
S6EVW-N740,Skullcandy,NEW,120.13,60,ON-SITE,Skullcandy Crusher Evo Headset Wired & Wireless Head-band Calls/Music USB Type-C Bluetooth Black
S6CAW-R740,Skullcandy,NEW,143.47,58,ON-SITE,Headphones Skullcandy Crusher ANC 2 Wireless True Black
WH-1000XM5S,Sony,NEW,200.62,38,ON-SITE,Sony WH-1000XM5 Headset Wired & Wireless Head-band Calls/Music Bluetooth Silver
WHCH520L.CE7,Sony,NEW,25.97,28,ON-SITE,Sony WH-CH520 Headset Wireless Head-band Calls/Music USB Type-C Bluetooth Blue
WH1000XM5P,Sony,NEW,193.69,16,ON-SITE,Sony WH-1000XM5 Smoky Pink - headphones pink
NBVW0,Vention,NEW,5.87,15,ON-SITE,Vention Echo Lite E11 Headset True Wireless Stereo (TWS) Open-ear Calls/Music USB Type-C Bluetooth White
508386,Sennheiser,NEW,69.54,12,ON-SITE,Sennheiser HD 450BT Wireless Headphones Head-band Music Bluetooth Black
NBVB0,Vention,NEW,5.86,10,ON-SITE,ECHO LITE E11 BT 5.4 BLACK wireless headphones
S6CAW-S951,Skullcandy,NEW,140.85,10,ON-SITE,Headphones Skullcandy Crusher ANC 2 Wireless True Black
4Z21P90188,Lenovo,NEW,148.38,9,ON-SITE,Lenovo EPOS 4Z21P90188 Audio Headphones
27599-999-999,Jabra,NEW,212.37,8,ON-SITE,Jabra Evolve2 75 MS Stereo USB-A - wireless over-ear headphones black
NBBB0,Vention,NEW,15.52,8,ON-SITE,Vention SoundMate BT 5.3 wireless headphones black
27599-999-899,Jabra,NEW,188.64,5,ON-SITE,Jabra Evolve2 75 MS Link380c - wireless over-ear headphones with active noise cancellation black
PT200101,cardo,NEW,489.79,5,ON-SITE,Cardo PT200101 motorcycle intercom 2 channels 1600 m Black
700175,Sennheiser,NEW,105.76,4,ON-SITE,Sennheiser Accentum Wireless Headphones White
S6CRW-K591,Skullcandy,NEW,83.13,4,ON-SITE,Skullcandy Crusher Wireless Headset Wired & Wireless Head-band Calls/Music Bluetooth Black
S6EVW-T993,Skullcandy,NEW,161.55,4,ON-SITE,Skullcandy Crusher 540 Active Over-Ear Headphones Grey Concrete
GA03201-DE,Google,NEW,106.85,3,ON-SITE,Google Pixel Buds Pro Headset Wireless In-ear Calls/Music Bluetooth Anthracite Grey
4Z21P90191,Lenovo,NEW,148.34,2,ON-SITE,Lenovo EPOS ADAPT 561 II Headset Wired & Wireless Head-band Office/Call center USB Type-C Bluetooth Black
SM-R640NZKAXEF,Samsung,NEW,153.49,1,ON-SITE,Samsung Galaxy ECOUTEURS BUDS 4 PRO COLORIS NOIR SM-R640NZKAXEF Headset True Wireless Stereo (TWS) In-ear Calls/Music USB Type-C Bluetooth Black
GA05205-DE,Google,NEW,91.19,1,ON-SITE,Google Pixel Buds Pro Porcelain Headset Wireless In-ear Calls/Music Bluetooth Grey
PTN00101,cardo,NEW,421.36,1,ON-SITE,Cardo Packtalk Neo Duo Motorcycle intercom 2 channels 1600 m black
NBSB0,Vention,NEW,13.84,1,ON-SITE,Vention BT 5.4 wireless headphones black
MXP93ZM/A,Apple,NEW,157.62,1,ON-SITE,Apple AirPods 4 with Active Noise Cancellation
MWU53ZM/A,Apple,NEW,12.51,48,ON-SITE,Apple EarPods (3.5mm Headphone Plug)
SM-L715FZKAEUE,Samsung,NEW,461.84,67,ON-SITE,Samsung Galaxy Watch Ultra2 3.81 cm (1.5 ) AMOLED 47 mm Digital 498 x 498 pixels Touchscreen 4G Grey Wi-Fi GPS (satellite) (model 2026)
SM-L350NZKAEUE,Samsung,NEW,278,35,ON-SITE,Samsung Galaxy Watch 9 3.81 cm (1.5 ) AMOLED 44 mm Digital 480 x 480 pixels Touchscreen Graphite Wi-Fi GPS (satellite)
SM-L350NZSAEUE,Samsung,NEW,275.43,35,ON-SITE,Samsung Galaxy Watch 9 3.81 cm (1.5 ) AMOLED 44 mm Digital 480 x 480 pixels Touchscreen silver Wi-Fi GPS (satellite)
SM-L715FZSAEUE,Samsung,NEW,466.08,32,ON-SITE,Samsung Galaxy Watch Ultra2 3.81 cm (1.5 ) AMOLED 47 mm Digital 498 x 498 pixels Touchscreen 4G Silver Wi-Fi GPS (satellite) (model 2026)
PG38C07182,Motorola,NEW,32.87,24,ON-SITE,Motorola Moto Watch Fit
010-03014-02,Garmin,NEW,395.98,19,ON-SITE,Garmin Venu 010-03014-02 smartwatch / sport watch 3.56 cm (1.4 ) AMOLED 45 mm Digital 454 x 454 pixels Touchscreen Silver Wi-Fi GPS (satellite)
8806099325442,Samsung,NEW,280.38,18,ON-SITE,Samsung Galaxy Watch9 3.3 cm (1.3 ) AMOLED 40 mm Digital 438 x 438 pixels Touchscreen Graphite Wi-Fi GPS (satellite)
010-02863-32,Garmin,NEW,236.42,17,ON-SITE,Garmin Forerunner 165 Music 3.05 cm (1.2 ) AMOLED 43 mm Digital 390 x 390 pixels Touchscreen Turquoise GPS (satellite)
010-02936-00,Garmin,NEW,320.56,13,ON-SITE,Garmin Instinct 3 AMOLED 3.05 cm (1.2 ) 45 mm Digital 390 x 390 pixels Touchscreen Black GPS (satellite)
010-02980-09,Garmin,NEW,581.09,11,ON-SITE,Garmin Venu X1 5.08 cm (2 ) AMOLED Digital 448 x 486 pixels Touchscreen Gold Titanium Wi-Fi GPS (satellite)
010-02934-03,Garmin,NEW,291.12,9,ON-SITE,Garmin Instinct 3 Solar watch 45mm white
8806099324841,Samsung,NEW,289.26,9,ON-SITE,Samsung Galaxy Watch9 3.3 cm (1.3 ) AMOLED 40 mm Digital 438 x 438 pixels Touchscreen Silver Wi-Fi GPS (satellite)
8806099331726,Samsung,NEW,270.56,8,ON-SITE,Samsung Galaxy Watch9 3.3 cm (1.3 ) AMOLED 40 mm Digital 438 x 438 pixels Touchscreen Graphite Wi-Fi GPS (satellite)
010-03024-01,Garmin,NEW,140.33,7,ON-SITE,Garmin Index Sleep Monitor Black
SM-L355FZSAEUE,Samsung,NEW,299.47,6,ON-SITE,Samsung Galaxy Watch9 3.81 cm (1.5 ) AMOLED 44 mm Digital 480 x 480 pixels Touchscreen Silver Wi-Fi GPS (satellite)
010-02863-33,Garmin,NEW,260.96,6,ON-SITE,Garmin Forerunner 165 Music 3.05 cm (1.2 ) AMOLED 43 mm Digital 390 x 390 pixels Touchscreen Purple GPS (satellite)
010-03013-02,Garmin,NEW,414.08,6,ON-SITE,Garmin Venu 4 3.05 cm (1.2 ) AMOLED 41 mm Digital 390 x 390 pixels Touchscreen Black Wi-Fi GPS (satellite)
010-03014-01,Garmin,NEW,442.99,5,ON-SITE,Garmin Venu 4 3.56 cm (1.4 ) AMOLED 45 mm Digital 454 x 454 pixels Touchscreen Silver Wi-Fi GPS (satellite)
010-02933-01,Garmin,NEW,208.29,5,ON-SITE,Garmin Instinct E 2.29 cm (0.9 ) MIP 45 mm Digital 176 x 176 pixels Lime GPS (satellite)
010-02980-02,Garmin,NEW,630.44,4,ON-SITE,Garmin Venu X1 5.08 cm (2 ) AMOLED Digital 448 x 486 pixels Touchscreen Black Wi-Fi GPS (satellite)
010-03013-01,Garmin,NEW,466,4,ON-SITE,Garmin Venu 4 3.05 cm (1.2 ) AMOLED 41 mm Digital 390 x 390 pixels Touchscreen Silver Wi-Fi GPS (satellite)
8806099331634,Samsung,NEW,296.61,3,ON-SITE,Samsung Galaxy Watch9 3.3 cm (1.3 ) AMOLED 40 mm Digital 438 x 438 pixels Touchscreen Silver Wi-Fi GPS (satellite)
SM-L355FZKAEUE,Samsung,NEW,289,2,ON-SITE,Samsung Galaxy Watch9 3.81 cm (1.5 ) AMOLED 44 mm Digital 480 x 480 pixels Touchscreen Graphite Wi-Fi GPS (satellite)
SM-R390NZSAEUE,Samsung,NEW,34.46,12,ON-SITE,Samsung SM-R390NIDAEUE smartwatch / sports watch 4.06 cm (1.6 ) AMOLED Digital 256 x 402 px Touchscreen Silver
ZG38C07003,Lenovo,NEW,10.55,49,ON-SITE,Lenovo ZG38C07003 tablet screen protector Clear screen protector 1 pc(s)
GXJ1R20663,Lenovo,NEW,13.79,18,ON-SITE,Lenovo GXJ1R20663 game console part/accessory Screen protector
ICH9,IBOX,NEW,3.1,44,ON-SITE,iBox H-9 Car holder for smartphone
KCEH0,Vention,NEW,7.87,11,ON-SITE,Vention Auto-Clamping Car Phone Mount With Duckbill Clip Gray Crossbar Type
U-PoE,UBIQUITI,NEW,6.84,197,ON-SITE,Ubiquiti U-POE-AF PoE adapter Gigabit Ethernet 48 V
U-PoE+,UBIQUITI,NEW,13.8,194,ON-SITE,Ubiquiti U-POE-AT PoE adapter Gigabit Ethernet
UACC-PoE+-2.5G,UBIQUITI,NEW,17.2,190,ON-SITE,Ubiquiti UACC-PoE+-2.5G 2.5 Gigabit Ethernet 48 V
POE-48-24W-G,UBIQUITI,NEW,12.49,78,ON-SITE,Ubiquiti POE-48-24W-G PoE adapter Gigabit Ethernet 48 V
POE-24-12W-G,UBIQUITI,NEW,10.23,73,ON-SITE,Ubiquiti POE-24-12W-G Gigabit Ethernet 24 V
U-PoE++,UBIQUITI,NEW,24.77,70,ON-SITE,Ubiquiti UISP U-PoE++ Gigabit Ethernet 48 V
UACC-PoE++-10G,UBIQUITI,NEW,34.7,44,ON-SITE,Ubiquiti UACC-PoE++-10G 10 Gigabit Ethernet 54 V
POE-54V-80W,UBIQUITI,NEW,24.91,16,ON-SITE,Ubiquiti POE-54V-80W PoE adapter Gigabit Ethernet
UACC-UK-Ultra-Panel-Antenna,UBIQUITI,NEW,34.75,3,ON-SITE,Ubiquiti Panel Antenna Ultra network antenna 15 dBi
A17X7311,ANKER,NEW,102.38,2,ON-SITE,Anker SOLIX Smart meter Domestic Black
IMP002GR,IBOX,NEW,0.66,116,ON-SITE,I-box mouse pad MP002 green
IMP002RD,IBOX,NEW,0.64,50,ON-SITE,iBox MP002 Red
956-000049,Logitech,NEW,9.87,20,ON-SITE,Logitech Mouse Pad
AUMPW,AULA,NEW,2.97,19,ON-SITE,Wind Red AULA Coaster
IMP003,IBOX,NEW,1.9,19,ON-SITE,iBox MP003 Gel Pad Black
IMPG5,IBOX,NEW,8.89,14,ON-SITE,iBox IMPG5 mouse pad Gaming mouse pad Black
AUMPWFFM,AULA,NEW,4.08,11,ON-SITE,Wind Forest Fire Mountain AULA Coaster
IMPG4,IBOX,NEW,7.26,10,ON-SITE,I-BOX MPG4 mouse pad
8X596AA,Hewlett-Packard,NEW,14.35,8,ON-SITE,HP 200 Sanitizable Desk Mat
AUMPXL,AULA,NEW,7.14,8,ON-SITE,AULA XL Coaster
8X594AA,Hewlett-Packard,NEW,9.77,5,ON-SITE,HP 100 Sanitizable Mouse Pad
PV160UXK,Patriot Memory,NEW,7.03,3,ON-SITE,Patriot Memory Viper Gaming mouse pad Black
25743,Trust,NEW,10.64,2,ON-SITE,Trust GXT 759SM XXL Gaming Mousepad
25788,Trust,NEW,13.23,1,ON-SITE,Trust 25788 mouse pad Gaming mouse pad Black
25595,Trust,NEW,13.09,1,ON-SITE,Trust GXT 759 Gaming mouse pad Black
YSV/390/DB2,Yale,NEW,107.33,21,ON-SITE,Yale YSV/390/DB2 Office Safe 40 l Steel Black
YSV/250/DB2,Yale,NEW,56.91,16,ON-SITE,Yale YSV/250/DB2 Free Standing Safe 16.3 l Steel Black
YSV/200/DB2,Yale,NEW,43.45,12,ON-SITE,Yale YSV/200/DB2 Freestanding safe 8.6 l Steel Black
YSV/170/DB2/P,Yale,NEW,34.47,10,ON-SITE,Yale YSV/170/DB2/P Freestanding safe 3.8 l Steel Pink
YSV/170/DB2,Yale,NEW,34.53,10,ON-SITE,Yale YSV/170/DB2 Free Standing Safe 3.8 l Steel Black
Y500/187/1,Yale,NEW,25.9,6,ON-SITE,Yale Y500/187/1 Key box opened with combination lock
YSV/170/DB2/B,Yale,NEW,34.53,5,ON-SITE,Yale YSV/170/DB2/B Freestanding safe 3.8 l Steel Blue
YSG/200/DB2,Yale,NEW,64.23,4,ON-SITE,Yale YSG/200/DB2 Free Standing Safe 8.6 l Steel Black
YKB/200/CB2,Yale,NEW,12.3,3,ON-SITE,Yale YKB/200/BB2 Key Box Metal Black
YSG/250/DB2,Yale,NEW,66.18,1,ON-SITE,Yale YSG/250/DB2 Free Standing Safe 16 l Steel Black
NA-SCW1,noctua,NEW,6.94,5,ON-SITE,Noctua NA-SCW1 surface preparation wipe
I508-3221,IBOX,NEW,0.64,19,ON-SITE,IBOX I508-3221 cleaning cloth
60082,Medisana,NEW,23.55,36,ON-SITE,Aroma Diffuser Medisana AD 620
23240,Medisana,NEW,20.47,7,ON-SITE,Medisana AD-50E aroma diffuser Tank White
60089,Medisana,NEW,27.21,1,ON-SITE,Medisana AD 650 aromatiser
BK-4HCDE/4CP,Panasonic,NEW,12.91,62,ON-SITE,Rechargeable batteries PANASONIC ENELOOP PRO AAA 930 mAh 4 szt (BK-4HCDE/4CP)
BK-3MCDE/8HH,Panasonic,NEW,21.1,59,ON-SITE,Rechargeable batteries PANASONIC ENELOOP AA 2000 mAh 8 szt (BK-3MCDE/8HH)
BK-3HCDE/4CP,Panasonic,NEW,13.59,58,ON-SITE,Rechargeable batteries PANASONIC ENELOOP PRO AA 2500 mAh 4 szt (BK-3HCDE/4CP)
BK-4MCDE/8HH,Panasonic,NEW,14.95,40,ON-SITE,Rechargeable batteries PANASONIC ENELOOP AAA 800 mAh 8 szt (BK-4MCDE/8HH)
BK-3MCDE/2CP,Panasonic,NEW,5.45,32,ON-SITE,Rechargeable batteries PANASONIC ENELOOP AA 2000 mAh 2 szt (BK-3MCDE/2CP)
BK-3MCDE/4CP+CASE,Panasonic,NEW,11.23,30,ON-SITE,Rechargeable batteries PANASONIC ENELOOP AA 2000 mAh 4 szt + case (BK-3MCDE/4CP+CASE)
BK-4MCDE/2CP,Panasonic,NEW,3.92,15,ON-SITE,Rechargeable batteries PANASONIC ENELOOP AAA 800 mAh 2 szt (BK-4MCDE/2CP)
BK-3HCDE/2CP,Panasonic,NEW,7.21,15,ON-SITE,Rechargeable batteries PANASONIC ENELOOP PRO AA 2500 mAh 2 szt (BK-3HCDE/2CP)
BK-4HCDE/4CP+CASE,Panasonic,NEW,15.92,14,ON-SITE,Rechargeable batteries PANASONIC ENELOOP PRO AAA 930 mAh 4 szt + case (BK-4HCDE/4CP+CASE)
BK-3MCDE+4MCDE/8CP,Panasonic,NEW,19.26,13,ON-SITE,Rechargeable batteries PANASONIC ENELOOP 4x AA 2000 mAh + 4x AAA 800 mAh 8 szt (BK-3MCDE+4MCDE/8CP)
BK-4HCDE/2CP,Panasonic,NEW,6.63,9,ON-SITE,Rechargeable batteries PANASONIC ENELOOP PRO AAA 930 mAh 2 szt (BK-4HCDE/2CP)
BK-3MCDE/4CP,Panasonic,NEW,10.88,8,ON-SITE,Rechargeable batteries PANASONIC ENELOOP AA 2000 mAh 4 szt (BK-3MCDE/4CP)
BK-3HCDE/4CP+CASE,Panasonic,NEW,16.5,7,ON-SITE,Rechargeable batteries PANASONIC ENELOOP PRO AA 2500 mAh 4 szt + case (BK-3HCDE/4CP+CASE)
25585,Trust,NEW,3.36,10,ON-SITE,Trust 25585 - rechargeable AAA batteries 2 pcs.
25671,Trust,NEW,6.58,9,ON-SITE,Trust 25671 - rechargeable AAA batteries 4 pcs.
25584,Trust,NEW,6.81,4,ON-SITE,Trust 25584 - rechargeable AA batteries 2 pcs.
25745,Trust,NEW,7.97,4,ON-SITE,Trust USB-C rechargeable 9V battery
K-KJ55HCD40E,Panasonic,NEW,28,54,ON-SITE,Panasonic K-KJ55HCD40E battery charger Household battery AC
K-KJ17MCD40E,Panasonic,NEW,19.6,20,ON-SITE,Panasonic BQ-CC17 battery charger Household battery AC
BQ-CC87USB,Panasonic,NEW,20.98,16,ON-SITE,USB battery charger PANASONIC Eneloop Smartplus BQ-CC87 (BQ-CC87USB)
BQ-CC63E ERP,Panasonic,NEW,27.27,14,ON-SITE,Battery charger PANASONIC Eneloop Smart 8 BQ-CC63 (BQ-CC63E ERP)
BQ-CC65E ERP,Panasonic,NEW,35.83,12,ON-SITE,Panasonic 5206500 not categorized
K-KJ50MCD20E,Panasonic,NEW,15.08,8,ON-SITE,Panasonic BQ-CC50 battery charger Household battery AC
K-KJ51MCD40E,Panasonic,NEW,18.18,8,ON-SITE,Battery charger PANASONIC Eneloop Basic BQ-CC51 + 4x AA 2000 mAh (K-KJ51MCD40E)
K-KJ51MCD04E,Panasonic,NEW,16.42,7,ON-SITE,Battery charger PANASONIC Eneloop Basic BQ-CC51 + 4x AAA 800 mAh (K-KJ51MCD04E)
BQ-CC51E,Panasonic,NEW,10.61,3,ON-SITE,Panasonic BQ-CC51E battery charger
K-KJ87MCD40USB,Panasonic,NEW,30.97,3,ON-SITE,USB battery charger PANASONIC Eneloop Smartplus BQ-CC87 + 4x AA 2000 mAh (K-KJ87MCD40USB)
SY510L-QS,STANLEY,NEW,3.98,127,ON-SITE,Stanley SY510L work gloves size L (9)
AD 1037b,Adler,NEW,44.62,2,ON-SITE,Adler AD 1037 Document Shredder Black
EY0C004,ENDORFY,NEW,5.69,65,ON-SITE,ENDORFY Pactum 4 heat sink compound Thermal paste 12 W/m·K 4 g
NL-ACF1,noctua,NEW,16.12,16,ON-SITE,Noctua NL-ACF1 computer cooling system Processor Fan 8 cm Brown 1 pc(s)
NM-AM5/4-MP83,noctua,NEW,6.43,15,ON-SITE,Noctua NM-AM5/4-MP83 computer cooling system part/accessory Mounting kit
TACMARS-MFHUB,TACENS,NEW,9.1,10,ON-SITE,Mars Gaming MFHUB computer cooling system part/accessory Addressable RGB controller
NM-AM4 UXS,noctua,NEW,6.5,8,ON-SITE,Noctua NM-AM4-UxS
NA-FD1,noctua,NEW,10.14,7,ON-SITE,Fan duct kit NOCTUA NA-FD1 for NH-L9i and NH-L9a series CPU coolers
NM-I17XX-MP83CH.BK.,noctua,NEW,7.22,4,ON-SITE,NOCTUA NM-I17XX-MP83 CHROMAX.BLACK CPU cooler mounting kit
NM-I17XX-MP78,noctua,NEW,6.65,4,ON-SITE,Noctua NM-I17XX-MP78 computer cooling system part/accessory Mounting kit
NM-I17XX-MP83,noctua,NEW,6.65,3,ON-SITE,Noctua NM-I17XX-MP83 computer cooling system part/accessory Mounting kit
NM-AM5/4-MP78,noctua,NEW,6.43,1,ON-SITE,Noctua NM-AM5/4-MP78 computer cooling system part/accessory Mounting kit
712-000071 REV B,AMD,NEW,5.65,200,ON-SITE,AMD AM4 + AM5 Wraith Stealth CPU Cooling
DP-MCAL-GA,DEEPCOOL,NEW,5.75,200,ON-SITE,DeepCool Gamma Archer Processor Air cooler 12 cm Aluminium Black Blue 1 pc(s)
R-AG600-BKAMMG2-G,DEEPCOOL,NEW,25.36,200,ON-SITE,DeepCool AG600 ARGB Processor Air cooler 12 cm Black 1 pc(s)
R-AG620-BKAMMG2-G,DEEPCOOL,NEW,32.28,200,ON-SITE,DeepCool AG620 G2 ARGB Processor Air cooler 12 cm Black 1 pc(s)
R-AG620-BKAMMN-GJD,DEEPCOOL,NEW,35.92,200,ON-SITE,DeepCool AG620 BK ARGB V2 Chipset Motherboard Air cooler 12 cm Black 1 pc(s)
R-AK620-BKAPMN-G,DEEPCOOL,NEW,62.58,200,ON-SITE,Cooling Deepcool AK620 DIGITAL PRO
R-AK620-BKADMN-GJD,DEEPCOOL,NEW,43.49,186,ON-SITE,DeepCool AK620 DIGITAL SE cooling
R-AG620-BKNPMG2-G,DEEPCOOL,NEW,30.24,119,ON-SITE,DeepCool AG620 G2 Processor Air cooler 12 cm Black
R-AG400-BKAMMN-GJD,DEEPCOOL,NEW,21.73,105,ON-SITE,DeepCool AG400 BK ARGB V2 Chipset Fan 12 cm Black 1 pc(s)
306-7ZWHA11-L80,MSI,NEW,28.21,100,ON-SITE,MSI MAG COREFROZR AA13 computer cooling system Processor Air cooler 12 cm Black 1 pc(s)
EY3A004,ENDORFY,NEW,20.94,94,ON-SITE,ENDORFY Spartan 5 MAX ARGB Processor Air cooler 12 cm Black 1 pc(s)
R-AG620-WHAMMN-GJD,DEEPCOOL,NEW,43.49,80,ON-SITE,DeepCool AG620 WH ARGB V2 Chipset Motherboard Air cooler 12 cm White 1 pc(s)
EY3A005,ENDORFY,NEW,22.74,78,ON-SITE,AIR COOLING ENDORFY FERA 5
R-ASN4-BKNVMD-G,DEEPCOOL,NEW,99.88,75,ON-SITE,DeepCool ASSASSIN IV VC VISION Processor Air cooler 120/140 mm Black 1 pc(s)
R-AG400-BKNPMG2-G,DEEPCOOL,NEW,16.61,54,ON-SITE,DeepCool AG400 G2 Processor Air cooler 12 cm Black
TACMARS-MCPUX4,TACENS,NEW,16.98,48,ON-SITE,TACENS MARS MCPU-X4 120 PWM 230W CPU cooling
EY3A009,ENDORFY,NEW,32.57,48,ON-SITE,ENDORFY FORTIS 5 DUAL FAN SPC307 CPU cooling PC Fan Radiator 14/12 cm Black
EY3A003,ENDORFY,NEW,16.78,45,ON-SITE,ENDORFY Spartan 5 MAX Processor Air cooler 12 cm Black
EY3A002,ENDORFY,NEW,13.78,45,ON-SITE,ENDORFY Spartan 5 ARGB air cooling
NH-D15G2,noctua,NEW,131.16,41,ON-SITE,Noctua NH-D15 G2 computer cooling system Processor Air cooler 14 cm
R-AG620-WHAMMG2-G,DEEPCOOL,NEW,32.3,36,ON-SITE,DeepCool AG620 G2 WH ARGB Processor Air cooler 12 cm White 1 pc(s)
EY3A011,ENDORFY,NEW,25.07,34,ON-SITE,ENDORFY Fera 5 Black air cooling (EY3A011)
EY3A001,ENDORFY,NEW,12.14,27,ON-SITE,ENDORFY Spartan 5 Processor Air cooler 12 cm Black
TACMARS-MCPUX5ARGB,TACENS,NEW,23.72,26,ON-SITE,Mars Gaming MCPUX5ARGB computer cooling system Processor Air cooler 12 cm Black 1 pc(s)
NH-D15G2LBC,noctua,NEW,129.71,24,ON-SITE,Noctua NH-D15 G2 LBC computer cooling system Processor Air cooler 14 cm
NH-L9X65,noctua,NEW,52.41,22,ON-SITE,Noctua NH-L9x65 Processor Cooler 9.2 cm
R-ASN4-BKNVNN-GJD,DEEPCOOL,NEW,82.46,21,ON-SITE,DeepCool ASSASSIN VC ELITE Processor Air cooler 120/140 mm Black 1 pc(s)
EY3A014,ENDORFY,NEW,39.45,21,ON-SITE,Endorfa Fortis 5 ARGB Black CPU cooler
EY3A006,ENDORFY,NEW,26.94,20,ON-SITE,AIR COOLING ENDORFY FERA 5 DUAL FAN
NH-D9L,noctua,NEW,53.79,19,ON-SITE,Noctua NH-D9L computer cooling component Processor Cooler 9.2 cm Metallic
NH-D15 G2 chromax.black,noctua,NEW,147.4,18,ON-SITE,Noctua NH-D15 G2 chromax.black - Next-generation dual-tower CPU cooling system (black)
TACMARS-MCPUX3,TACENS,NEW,11.6,17,ON-SITE,TACENS MARS MCPU-X3 90 PWM 190W CPU cooler
R-LS720-BKNNMM-G-1,DEEPCOOL,NEW,82.9,17,ON-SITE,DeepCool LS720S Zero Dark Processor All-in-one liquid cooler 12 cm Black 1 pc(s)
NH-D15 CH.BK,noctua,NEW,110.17,16,ON-SITE,Noctua NH-D15 chromax.black Processor Cooler 15 cm
NH-L9I-17XX,noctua,NEW,43,15,ON-SITE,Noctua Kühler NH-L9i 17xx Processor Cooler 9.2 cm Beige Brown 1 pc(s)
EY3A008,ENDORFY,NEW,33.33,15,ON-SITE,ENDORFY Fortis 5 Processor Air cooler 14 cm Black Grey Steel
NH-D15,noctua,NEW,96.44,14,ON-SITE,Noctua NH-D15 computer cooling component Processor Cooler 14 cm
NH-U9S,noctua,NEW,61.16,14,ON-SITE,Noctua NH-U9S computer cooling system Processor Cooler 9.2 cm Brown Metallic
NH-U12S,noctua,NEW,67.98,13,ON-SITE,Noctua NH-U12S computer cooling component Processor Cooler 12 cm Brown Stainless steel
EY3A010,ENDORFY,NEW,39.62,13,ON-SITE,AIR COOLING ENDORFY FORTIS 5 ARGB
TACMARS-MCPUX4ARGB,TACENS,NEW,17.66,12,ON-SITE,Mars Gaming CPU Cooler MCPU-X4ARGB
EY3A007,ENDORFY,NEW,29.51,11,ON-SITE,AIR COOLING ENDORFY FERA 5 ARGB
NH-L9A-AM5,noctua,NEW,43,9,ON-SITE,Noctua NH-L9a-AM5 Processor Air cooler 9.2 cm Beige Brown
NH-L12S,noctua,NEW,58.8,9,ON-SITE,Noctua NH-L12S computer cooling component Processor Cooler 12 cm Beige Nickel
NH-D12L,noctua,NEW,87.65,8,ON-SITE,NOCTUA NH-D12L CPU COOLING
R-AK500-BKNNMT-G-1,DEEPCOOL,NEW,45.16,8,ON-SITE,DeepCool AK500 ZERO DARK Processor Air cooler 12 cm Black
NH-D15G2HBC,noctua,NEW,131.16,7,ON-SITE,Noctua NH-D15 G2 HBC computer cooling system Processor Air cooler 14 cm
NH-U14S,noctua,NEW,77.92,7,ON-SITE,Noctua NH-U14S computer cooling component Processor Cooler 12 cm Brown Stainless steel
NH-D15S,noctua,NEW,84.19,7,ON-SITE,Noctua NH-D15S computer cooling system Processor Cooler 14 cm Copper Metallic
NH-C14S,noctua,NEW,79.14,7,ON-SITE,Noctua NH-C14S computer cooling system Processor Cooler 14 cm
EY3A013,ENDORFY,NEW,41.68,7,ON-SITE,Endorfa Fortis 5 Black CPU cooler
NH-U14STR5-SP6,noctua,NEW,116.28,6,ON-SITE,Noctua NH-U14S TR5-SP6 computer cooling system Processor Air cooler 14 cm Light brown 1 pc(s)
OCTAGONC50-WHITE,RAMPAGE,NEW,18.41,5,ON-SITE,RAMPAGE OCTAGON C50 CPU Cooler White
OCTAGONC50-BLACK,RAMPAGE,NEW,18.41,5,ON-SITE,RAMPAGE OCTAGON C50 CPU COOLER black
NH-L9X65 CH.BK.,noctua,NEW,63.3,5,ON-SITE,NOCTUA NH-L9x65 chromax.black Low Profile CPU cooler
NH-U12S REDUX,noctua,NEW,50.43,4,ON-SITE,Noctua NH-U12S redux Processor Cooler 12 cm Grey Stainless steel
NH-L9I,noctua,NEW,44.51,4,ON-SITE,Noctua NH-L9i Processor Cooler 9.2 cm Beige Brown Silver
NH-U12A,noctua,NEW,104.86,3,ON-SITE,Noctua NH-U12A computer cooling component Processor Cooler 12 cm Beige Brown Silver 1 pc(s)
NH-U14S DX-4677,noctua,NEW,123.02,3,ON-SITE,Noctua NH-U14S DX-4677 NH-U14S DX-4677 Processor Air cooler 14 cm Brown Light brown Silver
AEROPGSRAVE3-FRGB-4P,Aerocool,NEW,10.34,3,ON-SITE,Aerocool PGS Rave 3 FRGB PWM 4P
AEROPGSRIME4-ARGP-4P,Aerocool,NEW,35.22,3,ON-SITE,Aerocool Rime 4 Processor Air cooler 12 cm Black 1 pc(s)
TACMARS-MCPULCD,TACENS,NEW,27.91,3,ON-SITE,Mars Gaming MCPU-LCD Processor Air cooler 12 cm Black 1 pc(s)
NH-D9 TR5-SP6 4U,noctua,NEW,103.57,3,ON-SITE,Noctua NH-D9 TR5-SP6 4U computer cooling system Processor Air cooler 9.2 cm Light brown
OCTAGONC60-WHITE,RAMPAGE,NEW,25.95,3,ON-SITE,RAMPAGE OCTAGON C60 CPU Cooler White
OCTAGONC70-WHITE,RAMPAGE,NEW,31.57,2,ON-SITE,RAMPAGE OCTAGON C70 CPU Cooler White
OCTAGONC70-BLACK,RAMPAGE,NEW,31.57,2,ON-SITE,RAMPAGE OCTAGON C70 CPU COOLER black
OCTAGONC60-BLACK,RAMPAGE,NEW,25.93,2,ON-SITE,RAMPAGE OCTAGON C60 CPU Cooler Black
R-AK400-WHAPMN-G,DEEPCOOL,NEW,39.8,2,ON-SITE,DeepCool AK400 Digital PRO WH Processor Air cooler 12 cm White 1 pc(s)
OCTAGONB70-BLACK,RAMPAGE,NEW,26.98,2,ON-SITE,RAMPAGE OCTAGON B70 CPU COOLER Black
OCTAGONB70-WHITE,RAMPAGE,NEW,26.99,2,ON-SITE,RAMPAGE OCTAGON B70 CPU Cooler White
AEROPGSRAVE4-FRGB-4P,Aerocool,NEW,10.87,2,ON-SITE,Aerocool PGS Rave 4 FRGB PWM 4P
NH-U9S CH.BK,noctua,NEW,73.55,2,ON-SITE,Noctua NH-U9S chromax.black Processor Cooler 9.2 cm Black Chrome 1 pc(s)
NH-L9I-17XXCH.BK.,noctua,NEW,54.71,2,ON-SITE,NOCTUA CPU COOLING NH-L9I-17XX CHROMAX BLACK
NH-U12ACH.BK,noctua,NEW,121.81,2,ON-SITE,Noctua NH-U12A Processor Air cooler 12 cm Black 1 pc(s)
NH-U12S CH.BK,noctua,NEW,84.35,1,ON-SITE,Noctua NH-U12S chromax.black Processor Cooler 12 cm
NH-D9L CH.BK.,noctua,NEW,67.95,1,ON-SITE,NOCTUA NH-D9L chromax.black CPU cooler
R-ASN4-BKNNMT-G,DEEPCOOL,NEW,79.4,1,ON-SITE,DeepCool ASSASSIN IV Processor Air cooler 14 cm Black 1 pc(s)
AEROPGSAIR-FROST2-FR,Aerocool,NEW,15.18,1,ON-SITE,Aerocool Air Frost 2 Processor Cooler 9 cm Black
AEROPGSAIR-FROST4-FR,Aerocool,NEW,15.75,1,ON-SITE,Aerocool Air Frost 4 Processor Cooler 9 cm Black
ACFRE00121A,No name,NEW,24.87,1,ON-SITE,ARCTIC Freezer 36 Multi Compatible Tower CPU Cooler
NH-D15S CH.BK,noctua,NEW,100.94,1,ON-SITE,Noctua NH-D15S chromax.black Processor Cooler 14 cm 1 pc(s)
NT-H1,noctua,NEW,7.35,69,ON-SITE,Noctua NT-H1 heat sink compound 3 5 g
"NT-H2 3,5G",noctua,NEW,10.33,60,ON-SITE,Noctua NT-H2 heat sink compound 3.5 g
NT-H2 10G,noctua,NEW,20.72,40,ON-SITE,Noctua NT-H2 heat sink compound 10 g
NT-H1 10G,noctua,NEW,12.55,28,ON-SITE,NOCTUA NT-H1 heat sink compound 10 g
TM-602HP,RAMPAGE,NEW,9.87,5,ON-SITE,RAMPAGE TM-602HP THERMAL PAST
XTP-001,RAMPAGE,NEW,5.71,5,ON-SITE,RAMPAGE TERMOPAD XTP-001
XTP-002,RAMPAGE,NEW,5.71,4,ON-SITE,RAMPAGE TERMOPAD XTP-002
GLACIERS50,RAMPAGE,NEW,31.08,10,ON-SITE,RAMPAGE GAMING GLACIER LAPTOP COOLING STAND black
PROTE R6,RAMPAGE,NEW,24.44,5,ON-SITE,RAMPAGE LAPTOP COOLING STAND
AD-RC14,RAMPAGE,NEW,21.47,5,ON-SITE,RAMPAGE RGB LAPTOP COOLING STAND
INC06,IBOX,NEW,13.12,4,ON-SITE,Cooling stand for notebooks up to 17.3 NC06
25647,Trust,NEW,19.57,1,ON-SITE,Trust Macy Foldable Metal Grey - laptop stand
NF-A14 PWM,noctua,NEW,22.85,78,ON-SITE,Noctua NF-A14 PWM Computer case Fan 14 cm Brown
NF-A12X25PWMCH.BK.S,noctua,NEW,28.86,60,ON-SITE,Noctua NF-A12X25 PWM CH.BK.S computer cooling component Processor Fan 12 cm Black
NF-F12 IPPC-3000 PWM,noctua,NEW,24.69,47,ON-SITE,Noctua NF-F12 industrialPPC-3000 PWM Computer case Fan 12 cm Black Brown
NF-A8 PWM,noctua,NEW,15.67,47,ON-SITE,Noctua NF-A8 PWM computer cooling system Computer case Fan 8 cm Beige Brown
NF-P12 REDUX-1300PWM,noctua,NEW,11.71,46,ON-SITE,NOCTUA REDUX 120MM NF-P12 REDUX-1300 PWM computer fan
NF-P12 REDUX-1700PWM,noctua,NEW,11.46,45,ON-SITE,Noctua NF P12 redux-1700 PWM Computer case Fan 12 cm Grey
NF-A9 PWM,noctua,NEW,16.87,37,ON-SITE,Noctua NF-A9 PWM computer cooling system Computer case Fan 9.2 cm Beige Brown
NF-A12X25 PWM,noctua,NEW,26.88,33,ON-SITE,Noctua NF A12x25 PWM Computer case Fan 12 cm Beige Red
NF-A14x25 G2 PWM Sx2 PP,noctua,NEW,62.77,30,ON-SITE,Noctua 140mm NF-A14x25 G2 PWM Sx2 PP - dual fan set
NF-A4X10 PWM,noctua,NEW,12.89,27,ON-SITE,Noctua NF A4x10 PWM Computer case Fan 4 cm Beige Red
90DA00M0-B09000,ASUS,NEW,26.29,24,ON-SITE,ASUS ProArt PF120 Fan PWM Black Computer case 12 cm 1 pc(s)
R-FL12R-BKAPN3-G,DEEPCOOL,NEW,55.1,24,ON-SITE,DeepCool FL12R-3 IN 1 Computer case Fan 12 cm Black 3 pc(s)
90DA00M3-B09020,ASUS,NEW,73.2,23,ON-SITE,ASUS ProArt PF120 Fan PWM White 3in1 Computer case 12 cm 3 pc(s)
90DA0093-B09020,ASUS,NEW,41.94,23,ON-SITE,ASUS TUF Gaming TR120 ARGB White 3IN1 Fan (90DA0093-B09020)
NF-A6X25 PWM,noctua,NEW,13.96,23,ON-SITE,Noctua NF-A6x25 PWM Computer case Fan 6 cm Beige Brown
90DA00D3-B09000,ASUS,NEW,14.97,22,ON-SITE,ASUS TUF GAMING TR120 ARGB REVERSE 1-pack White Computer case Air cooler 12 cm
NF-A14 ULN,noctua,NEW,22.25,22,ON-SITE,Noctua NOC-NF-A14-ULN computer cooling component Computer case Fan 14 cm Beige Brown 1 pc(s)
NF-A4X20 FLX,noctua,NEW,13.42,21,ON-SITE,Noctua NF-A4x20 FLX Computer case Fan 4 cm Beige Brown
NF-A4X20 5V PWM,noctua,NEW,13.12,20,ON-SITE,Noctua NF-A4X20 5V PWM computer cooling component Computer case Fan 4 cm
NF-A4X10 5V,noctua,NEW,13.11,20,ON-SITE,Noctua NF-A4x10 5V Computer case Fan 4 cm Beige Brown
NF-A4X10 5V PWM,noctua,NEW,13.11,20,ON-SITE,Noctua NF A4x10 5V PWM Computer case Fan 4 cm Brown
AF-1225S,Chieftec,NEW,3.86,20,ON-SITE,Chieftec AF-1225S computer cooling component Computer case
AF-0825S,Chieftec,NEW,2.57,20,ON-SITE,Chieftec AF-0825S computer cooling component Computer case Black
AF-0825PWM,Chieftec,NEW,3.84,20,ON-SITE,Chieftec AF-0825PWM computer cooling component Computer case Black
AF-0625S,Chieftec,NEW,2.56,20,ON-SITE,Chieftec AF-0625S computer cooling system Computer case Fan Black
AF-1225PWM,Chieftec,NEW,5.13,20,ON-SITE,Chieftec AF-1225PWM computer cooling component Computer case Black
ZF-1225PWM,Chieftec,NEW,3.53,20,ON-SITE,Chieftec ZF-1225PWM computer cooling system Computer case Fan 12 cm Black 1 pc(s)
ZF-1425PWM,Chieftec,NEW,3.88,20,ON-SITE,Chieftec Wentylator ZF-1425PWM 140mm Computer case 14 cm
90DA00M0-B09020,ASUS,NEW,73.2,19,ON-SITE,ASUS ProArt PF120 Fan PWM Black 3in1 Computer case 12 cm 3 pc(s)
NF-A6X25 FLX,noctua,NEW,13.95,19,ON-SITE,Noctua NF-A6X25 FLX computer cooling system Computer case Fan 6 cm Brown
NF-A14x25 G2 PWM chromax.black,noctua,NEW,32.04,18,ON-SITE,NF-A14x25 G2 PWM chromax.black - next-gen 140mm fan (black)
90DA00D0-B09000,ASUS,NEW,15.68,17,ON-SITE,ASUS TUF Gaming TR120 ARGB Reverse Fan Black
90DA00M3-B09000,ASUS,NEW,26.28,16,ON-SITE,ASUS ProArt PF120 Fan PWM White Computer case 12 cm 1 pc(s)
NF-B9 REDUX-1600,noctua,NEW,10.54,16,ON-SITE,NOCTUA redux 92mm fan 17.6 dBA / 1600 RPM
NF-B9 REDUX-1600 PWM,noctua,NEW,10.66,14,ON-SITE,Noctua NF-B9 redux-1600 PWM Computer case Fan 9.2 cm Black Grey
NF-A4X10 FLX,noctua,NEW,13.42,14,ON-SITE,Noctua NOC-NF-A4X10-FLX computer cooling component Computer case Fan 4 cm Beige Brown 1 pc(s)
NF-A9x14HS-PWMCH.BK.S,noctua,NEW,18.12,14,ON-SITE,Noctua NF-A9X14 HS-PWM CH.BK.S computer cooling component Computer case Fan 9.2 cm Black
NF-A14 PWM CH.BK.S,noctua,NEW,24.74,13,ON-SITE,Noctua NF-A14 PWM chromax.black.swap Computer case Fan 14 cm
NF-A20 PWM,noctua,NEW,29.04,12,ON-SITE,Noctua NF-A20 PWM Computer case Fan 20 cm Beige Brown
NF-A4X20 PWM,noctua,NEW,13.42,12,ON-SITE,Noctua NF-A4x20 PWM Computer case Fan 4 cm Beige Brown
NF-A8 FLX,noctua,NEW,15.67,12,ON-SITE,Noctua NOC-NF-A8-FLX computer cooling component Computer case Fan 8 cm Beige Brown 1 pc(s)
NF-A12X15 PWM CH.BK.,noctua,NEW,22.29,12,ON-SITE,Noctua NF-A12X15 PWM CH.BK.S computer cooling component Computer case Fan 12 cm Black
90DA00I3-B09020,ASUS,NEW,30.65,10,ON-SITE,ASUS Prime MR120 Fan ARGB White 3in1 Computer case 12 cm
ZF-1225RGB,Chieftec,NEW,8.14,10,ON-SITE,Chieftec ZF-1225RGB computer cooling system Multicolour 1 pc(s)
NF-A12X25 ULN,noctua,NEW,27.82,10,ON-SITE,Noctua NF A12x25 ULN Computer case Fan 12 cm Beige Red
NF-S12B REDUX-1200,noctua,NEW,11.73,10,ON-SITE,Noctua NF-S12B Redux 1200 Computer case Cooler 12 cm
NF-P14S REDUX1500PWM,noctua,NEW,13.79,9,ON-SITE,Noctua NF-P14S REDUX-1500 PWM computer cooling system Computer case Fan 14 cm Grey
NF-R8 REDUX-1200,noctua,NEW,10.33,9,ON-SITE,Noctua NF-R8 redux 1200 Computer case Fan 8 cm Black Grey
NF-F12 PWM,noctua,NEW,19.97,9,ON-SITE,Noctua NOC-NF-F12-PWM Computer case Fan 12 cm Beige Brown 1 pc(s)
NF-A14 5V PWM,noctua,NEW,23.11,9,ON-SITE,Noctua NF-A14 Computer case Fan 14 cm Beige Brown
ZF-1425RGB,Chieftec,NEW,8.72,9,ON-SITE,Chieftec ZF-1425RGB computer cooling system Computer case Fan 14 cm Multicolour 1 pc(s)
NF-A20 5V PWM,noctua,NEW,29.06,9,ON-SITE,Noctua NF A20 5V PWM Computer case Fan 20 cm Beige Red
AEROPGSDUO14ARGB-6P,Aerocool,NEW,6.6,8,ON-SITE,FAN AEROCOOL PGS DUO 14 ARGB 6PIN 140MM
90DA00I0-B09020,ASUS,NEW,30.72,8,ON-SITE,ASUS Prime MR120 Fan ARGB Black 3in1 Computer case 12 cm
NF-A14 FLX,noctua,NEW,21.96,8,ON-SITE,Noctua NOC-NF-A14-FLX computer cooling component Computer case Fan 14 cm Beige Brown
NF-A12X25 5V PWM,noctua,NEW,27.18,8,ON-SITE,Noctua NF A12x25 5V PWM Computer case Fan 12 cm Beige Red
NF-S12A FLX,noctua,NEW,20.6,8,ON-SITE,Noctua NF-S12A FLX Computer case Fan 12 cm Beige Brown
NF-P12 REDUX-900,noctua,NEW,11.46,7,ON-SITE,Noctua NF-P12 computer cooling component Computer case
NF-A12x25 G2 PWM,noctua,NEW,28.48,7,ON-SITE,Wentylator NOCTUA 120mm NF-A12x25 G2 PWM
AF-0925S,Chieftec,NEW,2.57,7,ON-SITE,Chieftec 92mm Sleeve Bearing Fan
NF-A20 5V,noctua,NEW,27.92,7,ON-SITE,Noctua NF-A20 Computer case Fan 20 cm Beige Brown
7C-120B,RAMPAGE,NEW,6.63,6,ON-SITE,RAMPAGE 120MM ARGB CASE FAN
7C-120S,RAMPAGE,NEW,6.63,6,ON-SITE,RAMPAGE 120MM ARGB CASE FAN
NF-A20-FLX,noctua,NEW,29.05,6,ON-SITE,Noctua NF-A20 FLX Computer case Fan 20 cm Beige Brown
NF-A8 PWM CH.BK.S,noctua,NEW,20.61,6,ON-SITE,Noctua NF-A8 PWM CH.BK.S computer cooling component Computer case Fan 8 cm Black
AEROPGSMIRAGE12-A-P),Aerocool,NEW,34.62,6,ON-SITE,Aerocool Mirage 12 ARGB Pro Computer case Cooling set 12 cm Black
NF-S12A PWM,noctua,NEW,21.06,5,ON-SITE,Noctua NF-S12A PWM computer cooling component Computer case Fan 12 cm Brown
NF-P14S REDUX1200PWM,noctua,NEW,13.78,5,ON-SITE,Noctua NF-P14S REDUX-1200 PWM computer cooling system Computer case Fan 14 cm Grey
NF-A14x25rG2PWM,noctua,NEW,30.84,5,ON-SITE,Noctua NF-A14X25R G2 PWM computer cooling system Computer case Fan 14 cm
NF-A12X15 PWM,noctua,NEW,21.08,5,ON-SITE,Noctua NF-A12x15 PWM Computer case Fan 12 cm Beige Brown
NF-A14 IPPC-2000IP67,noctua,NEW,28.85,5,ON-SITE,Noctua NF-A14 INDUSTRIALPPC-2000 IP67 PWM Computer case Fan 14 cm Black Brown
NF-A6x15 PWM,noctua,NEW,13.78,5,ON-SITE,Noctua NF-A6x15 FLX Slim 60x15mm premium fan
NF-A6x15 5V,noctua,NEW,13.78,5,ON-SITE,Noctua NF-A6x15 5V 60x15mm 5V premium fan
90DA00I3-B09000,ASUS,NEW,10.63,5,ON-SITE,ASUS Prime MR120 Fan ARGB White Computer case 12 cm
TACMARS-MF3DPROKIT,TACENS,NEW,20.96,5,ON-SITE,Mars Gaming MF3DPROKIT computer cooling system Computer case Fan 12 cm Black
NF-A8 ULN,noctua,NEW,16.01,5,ON-SITE,Noctua NF-A8 ULN computer cooling system Computer case Fan 8 cm Beige Brown
NF-A9 FLX,noctua,NEW,16.87,4,ON-SITE,Noctua NF-A9 FLX computer cooling system Computer case Fan 9.2 cm Beige Brown
NF-A6X25 PWM 5V,noctua,NEW,13.95,4,ON-SITE,Noctua NF-A6x25 5V PWM Computer case Fan 6 cm Beige
TACMARS-MFSI4KIT,TACENS,NEW,20.48,4,ON-SITE,Mars Gaming MFSI4KIT computer cooling system Computer case Fan 12 cm Black
KRX0068,KRUX,NEW,20.69,4,ON-SITE,KRUX LUNAR 120 ARGB 3X120KIT
NF-A14 IPPC-2000,noctua,NEW,27.2,4,ON-SITE,Noctua NF-A14 industrialPPC-2000 Computer case Fan 14 cm Black Brown
NF-R8 REDUX-1800,noctua,NEW,10.66,4,ON-SITE,Noctua NF-R8 redux-1800 Computer case Fan 8 cm Black Grey
NF-A9PWMCH.BK.S,noctua,NEW,20.61,4,ON-SITE,Noctua NF-A9 PWM CH.BK.S computer cooling component Computer case Fan 9.2 cm Black
NF-S12A PWM CH.BK.S,noctua,NEW,22.22,3,ON-SITE,Noctua NF-S12A PWM chromax.black.swap Computer case Fan 12 cm 1 pc(s)
NF-A14 IPPC-2000 PWM,noctua,NEW,26.9,3,ON-SITE,Noctua NF-A14 INDUSTRIALPPC-2000 PWM Computer case Fan 14 cm Black Brown 1 pc(s)
NA-FK1,noctua,NEW,15.53,3,ON-SITE,Additional computer fan NOCTUA NA-FK1 1700 PWM 120 mm
KRX0067,KRUX,NEW,7.16,3,ON-SITE,KRUX LUNAR 120 ARGB
NF-A14x25r G2 PWM Sx2-PP chroma,noctua,NEW,62.52,3,ON-SITE,NF-A14x25r G2 PWM Sx2-PP chromax.black - dual fan set black
NF-A14x25 G2 PWM,noctua,NEW,32.6,3,ON-SITE,Noctua 140 mm NF-A14x25 G2 PWM fan
NF-A6x15 FLX,noctua,NEW,13.78,3,ON-SITE,Noctua NF-A6x15 FLX Slim 60x15mm premium fan
NF-A15 HS-PWM CH.BKS,noctua,NEW,27.23,3,ON-SITE,Noctua NF-A15 HS-PWM chromax.black.swap Computer case Fan
NF-A20 PWM CH.BK.S,noctua,NEW,36.99,3,ON-SITE,Noctua NF-A20 PWM CH.BK.S computer cooling system Computer case Fan 20 cm Black
NF-A12x25 G2 LS-PWM,noctua,NEW,28.48,2,ON-SITE,Noctua NF-A12X25 G2 LS-PWM computer cooling system Computer case Fan 12 cm Beige 1 pc(s)
NF-S12A ULN,noctua,NEW,20.6,2,ON-SITE,Noctua NF-S12A ULN Computer case Fan 12 cm Beige Brown
NF-A14x25rG2PWMSx2-PP,noctua,NEW,59.44,2,ON-SITE,Noctua NF-A14X25R G2 PWM SX2-PP computer cooling system Computer case Fan 14 cm
NF-S12B REDUX-700,noctua,NEW,11.27,1,ON-SITE,Noctua NF-S12B redux 700 Computer case Fan
NF-F12 PWM CH.BK.S,noctua,NEW,23.1,1,ON-SITE,Noctua NF-F12 PWM chromax.black.swap Computer case Fan 12 cm
NF-A12X15 FLX,noctua,NEW,19.8,1,ON-SITE,Noctua NF-A12x15 FLX Computer case Fan 12 cm Beige Brown
NF-A12X25 LS-PWM,noctua,NEW,26.87,1,ON-SITE,Noctua NF-A12x25 Computer case Fan 12 cm Beige Brown
AEROPGSMIRAGE5-ARGB,Aerocool,NEW,29.69,1,ON-SITE,Aerocool Mirage 5 Processor Internal 6 cm Black 1 pc(s)
AEROPGS-SPECTRO-FRGB,Aerocool,NEW,6.73,1,ON-SITE,Fan Aerocool PGS Spectro 12 FRGB (120MM)
NF-A9X14 PWM,noctua,NEW,16.49,1,ON-SITE,Noctua NF-A9X14 PWM Computer case Fan 9.2 cm Brown
90RC00U1-M0UAY0,ASUS,NEW,66.15,157,ON-SITE,ASUS TUF GAMING LC II 240 ARGB Processor All-in-one liquid cooler 12 cm Black
R-LE360ZERO-BKLNMD-G-1,DEEPCOOL,NEW,59.44,69,ON-SITE,DeepCool LE360 V2 ZERO DARK Processor Liquid cooling kit 12 cm Black 1 pc(s)
R-LE360-BKAMMC-G-2,DEEPCOOL,NEW,58.42,63,ON-SITE,DeepCool LE360 V2 Processor All-in-one liquid cooler 12 cm Black 1 pc(s)
90RC0102-B0EAY0,ASUS,NEW,76.66,35,ON-SITE,ASUS Prime LC 360 ARGB White Edition Processor All-in-one liquid cooler 12 cm 1 pc(s)
EY3B001,ENDORFY,NEW,48.48,25,ON-SITE,ENDORFY PC Cooling Kit Navis F240
R-LD240-BKMSN-G-1,DEEPCOOL,NEW,62.42,25,ON-SITE,DeepCool LD240 Processor All-in-one liquid cooler 12 cm Black 1 pc(s)
R-LT360VISION-BKAMMC-G-1,DEEPCOOL,NEW,107.57,21,ON-SITE,Liquid CPU Cooler DeepCool LT360 VISION ARGB Black
90RC0191-B0EAY0,ASUS,NEW,107.66,20,ON-SITE,ASUS TUF GAMING LC III 360 ARGB Processor All-in-one liquid cooler 12 cm Black
LEVANTEII360-WHCWW,XPG,NEW,79.76,20,ON-SITE,XPG LEVANTE II 360 - water cooling white
LEVANTEII360-BKCWW,XPG,NEW,78.52,19,ON-SITE,XPG LEVANTE II 360 - all-in-one water cooling 12 cm (black)
306-7ZWCA11-L80,MSI,NEW,66.11,14,ON-SITE,MSI MAG Coreliquid A13 240 Motherboard Processor All-in-one liquid cooler 12 cm Black 1 pc(s)
90RC00J1-M0UAY0,ASUS,NEW,107.44,14,ON-SITE,ASUS ROG Ryuo III 240 ARGB Processor All-in-one liquid cooler 12 cm Black
90RC00T1-M0UAY0,ASUS,NEW,160.62,10,ON-SITE,ASUS ROG Strix LC III 360 ARGB Processor All-in-one liquid cooler 12 cm Black
CLC-240-RGB-W,Chieftec,NEW,65.83,10,ON-SITE,Chieftec ICEBERG 240-RGB-W Computer case All-in-one liquid cooler 12 cm White
EY3B003,ENDORFY,NEW,59.17,10,ON-SITE,WATER COOLING ENDORFY NAVIS F360
R-LX750-BKADSNC-G-1,DEEPCOOL,NEW,142.68,9,ON-SITE,DeepCool MYSTIQUE 360 ARGB Processor All-in-one liquid cooler 12 cm Black 1 pc(s)
CLC-360-RGB,Chieftec,NEW,70.45,8,ON-SITE,Chieftec ICEBERG 360 RGB
90RC00T2-M0UAY0,ASUS,NEW,118.64,8,ON-SITE,ASUS ROG Strix LC III 360 ARGB White Edition Processor Liquid cooling kit 12 cm
CLC-360-VRM-BLK,Chieftec,NEW,78.8,6,ON-SITE,Chieftec CLC-360-VRM-BLK computer cooling system Computer case All-in-one liquid cooler 12 cm Black
CLC-360-VRM-RGB,Chieftec,NEW,81.1,6,ON-SITE,Chieftec CLC-360-VRM-RGB computer cooling system Computer case All-in-one liquid cooler 12 cm Black
90-ACLA36-WAAGA6,Asrock,NEW,85.79,6,ON-SITE,Asrock Challenger White 360 Digital Processor All-in-one liquid cooler 12 cm
90-ACLA24-WAAGA6,Asrock,NEW,74.98,5,ON-SITE,ASRock Challenger White 240 Digital Cooling
90RC00K1-M0UAY0,ASUS,NEW,120.84,5,ON-SITE,ASUS ROG Ryujin III 240 ARGB Processor All-in-one liquid cooler 12 cm Black 1 pc(s)
CLC-360-RGB-W,Chieftec,NEW,83.35,5,ON-SITE,Chieftec CLC-360-RGB-W computer cooling system Computer case All-in-one liquid cooler 12 cm White
306-7ZWDA21-L80,MSI,NEW,83.61,5,ON-SITE,MSI MAG Coreliquid A13 360 WHITE Motherboard Processor All-in-one liquid cooler 12 cm 1 pc(s)
NL-LC1-42,noctua,NEW,266.05,5,ON-SITE,Noctua NL-LC1-42 computer cooling system Processor All-in-one liquid cooler 14 cm Brown 4 pc(s)
90RC0132-M0EAY0,ASUS,NEW,224.2,5,ON-SITE,ASUS ROG RYUJIN III 360 ARGB EXTREME WHT Processor All-in-one liquid cooler 12 cm White 1 pc(s)
NL-LC1-24,noctua,NEW,208.08,4,ON-SITE,Noctua NL-LC1-24 computer cooling system Processor All-in-one liquid cooler 12 cm Brown 4 pc(s)
CLC-360-BLK,Chieftec,NEW,76.43,4,ON-SITE,Chieftec ICEBERG 360 DARK
CW-9061022-WW,Corsair,NEW,198.16,4,ON-SITE,Corsair iCUE LINK TITAN 240 RX LCD Processor Air cooler 12 cm Black 1 pc(s)
90-ACLA36-BDKGA6,Asrock,NEW,59.88,4,ON-SITE,Asrock Challenger Pure 360 Processor All-in-one liquid cooler 12 cm Black
90-APRA36-WAAGA6,Asrock,NEW,70.55,4,ON-SITE,ASRock Pro White 360 ARGB Cooling
90-APGA36-BAAGA5,Asrock,NEW,150.24,4,ON-SITE,ASRock Phantom Gaming 360 LCD Cooling
INFINITEV360-WHITE,RAMPAGE,NEW,54.16,4,ON-SITE,RAMPAGE INFINITE V360 WATER COOLING KIT WHITE
INFINITEV360-BLACK,RAMPAGE,NEW,54.16,4,ON-SITE,RAMPAGE INFINITE V360 WATER COOLING KIT BLACK
INFINITEV240-WHITE,RAMPAGE,NEW,41.73,4,ON-SITE,RAMPAGE INFINITE V240 WATER COOLING KIT WHITE
INFINITEV240-BLACK,RAMPAGE,NEW,41.73,4,ON-SITE,RAMPAGE INFINITE V240 WATER COOLING KIT Black
INFINITEV120-BLACK,RAMPAGE,NEW,29.25,4,ON-SITE,RAMPAGE INFINITE V120 WATER COOLING KIT – Black
INFINITEV120-WHITE,RAMPAGE,NEW,29.25,4,ON-SITE,RAMPAGE INFINITE V120 Water Cooling Kit – White
90RC01J1-B0EAY0,ASUS,NEW,115.62,3,ON-SITE,ASUS TUF GAMING LC III 240 ARGB Processor All-in-one liquid cooler 12 cm Black
90RC00W2-M0UAY0,ASUS,NEW,196.41,3,ON-SITE,ASUS ROG Strix LC III 360 ARGB White Edition Processor All-in-one liquid cooler 12 cm
11771,Alphacool,NEW,186.59,3,ON-SITE,Alphacool Eisbaer Pro Aurora 360 Processor All-in-one liquid cooler 12 cm Black White 1 pc(s)
90-APRA24-WAAGA6,Asrock,NEW,63.34,3,ON-SITE,ASRock Pro White 240 ARGB Cooling
306-7ZW9A11-L80,MSI,NEW,97.78,3,ON-SITE,MSI MAG Coreliquid A15 360 Motherboard Processor All-in-one liquid cooler 12 cm Black 1 pc(s)
90RC00Z1-B0EAY0,ASUS,NEW,146.13,3,ON-SITE,ASUS Prime LC 360 ARGB LCD Processor All-in-one liquid cooler 12 cm Black
90RC00T0-M0UAY0,ASUS,NEW,180.47,2,ON-SITE,ASUS ROG STRIX LC III 360 cooling
90-ACLA36-BAAGA6,Asrock,NEW,81.11,2,ON-SITE,Asrock Challenger 360 Digital Processor Liquid cooling kit 12 cm Black
90RC01J2-B0EAY0,ASUS,NEW,119.4,2,ON-SITE,ASUS TUF GAMING LC III 240 ARGB WHT Processor All-in-one liquid cooler 12 cm White
90RC01N2-B0EAY0,ASUS,NEW,426.02,2,ON-SITE,Asus ROG RYUO IV 360 ARGB Wht - all-in-one water cooling 12 cm (white)
90-APRA36-BAAGA6,Asrock,NEW,62.73,1,ON-SITE,ASRock Pro 360 ARGB Cooling
AEROPGSMIRAGE-L240-B,Aerocool,NEW,57.28,1,ON-SITE,Aerocool Mirage L240 computer liquid cooling
AEROPGSMIRAGE-L360-B,Aerocool,NEW,85.34,1,ON-SITE,AEROCOOL PGS MIRAGE L360 ARGB BK Water Cooler
90RC01A1-B0EAY0,ASUS,NEW,131.27,1,ON-SITE,ASUS TUF Gaming LC III 360 ARGB LCD Processor All-in-one liquid cooler 12 cm Black 1 pc(s)
306-7ZWAA11-L80,MSI,NEW,67.69,1,ON-SITE,MSI MAG Coreliquid A15 240 Motherboard Processor All-in-one liquid cooler 12 cm Black 1 pc(s)
9266821,LIAN LI,NEW,95.18,1,ON-SITE,Lian Li GALAHAD II 360 Trinity AiO Water Cooler ARGB - black
FR00218_1000,FRISCHER,NEW,6,15,ON-SITE,Frischer joint cleaner 1l
FR00232_1000,FRISCHER,NEW,5.32,11,ON-SITE,Frischer bathroom descaler 1l
FR00122_1000,FRISCHER,NEW,5.23,4,ON-SITE,Frischer dishwasher powder 1kg
FR00015_250,FRISCHER,NEW,1.77,1,ON-SITE,Frischer iron descaler 0.25l
W-SO01-0004,ECOVACS,NEW,7.63,56,ON-SITE,Ecovacs W-SO01-0004 vacuum accessory/supply Cleaning solution Robot vacuum
FR00205_12_16g,FRISCHER,NEW,4.67,15,ON-SITE,Frischer washing machine cleaning tablets 12 pcs.
FR00237_250,FRISCHER,NEW,7.36,15,ON-SITE,FRISCHER granite sink waterproofing 250 ml
FR00257_500,FRISCHER,NEW,5.32,14,ON-SITE,Frischer black fittings cleaner 0.5 l
FR00227_1000,FRISCHER,NEW,7.98,13,ON-SITE,Frischer upholstery and washing vacuum cleaner cleaner 1 litre
FR00011_500,FRISCHER,NEW,3.34,12,ON-SITE,Frischer shower cleaner 0.5l
FR00005_500,FRISCHER,NEW,3.51,10,ON-SITE,Frischer refrigerator cleaner 0.5l
FR00007_500,FRISCHER,NEW,3.75,10,ON-SITE,Frischer barbecue cleaner 500 ml
FR00233_1000,FRISCHER,NEW,4.04,9,ON-SITE,Frischer glass cleaner with anti-vapour function 1l
FR00001_500,FRISCHER,NEW,3,9,ON-SITE,Frischer microwave oven cleaning liquid 0.5l
FR00091_500_amz_pl,FRISCHER,NEW,2.54,6,ON-SITE,Frischer dishwashing liquid with peppermint oil 500 ml
FR00003_500,FRISCHER,NEW,3.77,6,ON-SITE,Frischer oven cleaner 500 ml
FR00235_1000,FRISCHER,NEW,5.87,6,ON-SITE,Frischer Concentrated Cleaner for Paving Stones and Stone 1000 ml
FR00213_500,FRISCHER,NEW,2.99,4,ON-SITE,Frischer garden furniture cleaner 500 ml
FR00004_500,FRISCHER,NEW,3.27,2,ON-SITE,Frischer ceramic hob cleaner 500 ml
FR00258_250_amz_de,FRISCHER,NEW,4.5,2,ON-SITE,Frischer Air Fryer cleaning fluid 250 ml
FR00233_500,FRISCHER,NEW,2.58,2,ON-SITE,Frischer glass cleaner with anti-vapour function 0 5l
FR00236_250_amz_de,FRISCHER,NEW,8.67,1,ON-SITE,Powłoka hydrofobowa 250 ml
FR00053_1000,FRISCHER,NEW,5.22,1,ON-SITE,Frischer Burn Remover 1l
Solar Panel- Czarny 2 TYP-C,reolink,NEW,25.73,30,ON-SITE,REOLINK SOLAR PANEL-BLACK 2 TYPE-C
RLA-JBS1,reolink,NEW,20.1,12,ON-SITE,Reolink RLA-JBS1 box
SolarPanel2,reolink,NEW,25.34,11,ON-SITE,Solar panel Reolink 2 white 5.8W
Solar Panel 3,reolink,NEW,40.42,10,ON-SITE,Solar Panel REOLINK for IP cameras 3 12W White
6954836046814,FOSCAM,NEW,22.23,8,ON-SITE,Junction box FOSCAM FAB28H White
UACC-Camera-CJB-W,UBIQUITI,NEW,49.51,8,ON-SITE,Ubiquiti UACC-Camera-CJB-W Junction box
FABV5-W,FOSCAM,NEW,15.22,7,ON-SITE,Mounting box FOSCAM FABV5 White
6954836070758,FOSCAM,NEW,23.66,5,ON-SITE,Mounting box FOSCAM FABD4 White
6954836045848,FOSCAM,NEW,25.04,5,ON-SITE,Junction box FOSCAM FABD4 Black
UVC-G5-Turret-Ultra,UBIQUITI,NEW,87.19,200,ON-SITE,Ubiquiti G5 Turret Ultra IP security camera Indoor & outdoor 2688 x 1512 pixels Ceiling/wall
UVC-G5-Turret-Ultra-B,UBIQUITI,NEW,87.17,200,ON-SITE,Ubiquiti G5 Turret Ultra IP security camera Indoor & outdoor 2688 x 1512 pixels Ceiling/wall
UVC-G6-Turret-W,UBIQUITI,NEW,196.2,200,ON-SITE,Ubiquiti G6 Turret IP security camera Indoor & outdoor 3864 x 2160 pixels Ceiling/wall
51752,DAHUA,NEW,62.4,200,ON-SITE,IP Camera DAHUA IPC-HDW1639T-A-IL-0280B-S6 White
Tapo C320WS,TP-LINK,NEW,39.23,200,ON-SITE,Tapo Outdoor Security Wi-Fi Camera
Tapo C530WS,TP-LINK,NEW,57.56,200,ON-SITE,TP-Link Outdoor Pan/Tilt Security Wi-Fi Camera SPEC: 3K 5MP (2880x1620) 2.4 GHz 2 × External Antennas 1 × Ethernet Port Horizontal 360o
UVC-G6-BULLET-W,UBIQUITI,NEW,196.24,192,ON-SITE,Ubiquiti G6 Bullet IP security camera Indoor & outdoor 3840 x 2160 pixels Ceiling/Wall/Pole
C520WS,TP-LINK,NEW,50,124,ON-SITE,TP-Link Tapo Outdoor Pan/Tilt Security Wi-Fi Camera
Tapo C560WS,TP-LINK,NEW,73.39,117,ON-SITE,TP-Link Outdoor Pan/Tilt Security Wi-Fi Camera
Tapo C230,TP-LINK,NEW,39.17,91,ON-SITE,TP-Link Tapo Pan/Tilt AI Home Security Wi-Fi Camera SPEC: 3K 5MP (2880×1620) 2.4 GHz Horizontal 360o
C510W,TP-LINK,NEW,44.82,91,ON-SITE,TP-Link Tapo Outdoor Pan/Tilt Security WiFi Camera
UVC-G5-Dome-Ultra,UBIQUITI,NEW,88.87,90,ON-SITE,Ubiquiti G5 Dome Ultra IP security camera Indoor & outdoor 2688 x 1512 pixels Ceiling/wall
Tapo C610 KIT,TP-LINK,NEW,73.61,72,ON-SITE,TP-Link Tapo Solar-Powered Pan/Tilt Security Camera Kit
UVC-G5-DOME,UBIQUITI,NEW,175.4,66,ON-SITE,Ubiquiti UVC-G5-Dome IP security camera Indoor & outdoor 2688 x 1512 pixels Ceiling/wall
Tapo C212,TP-LINK,NEW,33.17,48,ON-SITE,TP-Link Pan/Tilt Home Security Wi-Fi Camera
Tapo C202,TP-LINK,NEW,25.61,47,ON-SITE,TP-LINK Tapo C202 Camera
Tapo C206,TP-LINK,NEW,27.65,44,ON-SITE,TP-LINK Tapo C206 Camera
IPC-HFW1439TL1-A-IL,DAHUA,NEW,57.63,43,ON-SITE,IP security camera DAHUA Technology IPC-HFW1439TL1-A-IL White
Tapo C400,TP-LINK,NEW,45.66,42,ON-SITE,TP-Link Tapo C400 security camera Bullet IP security camera Indoor & outdoor 1920 x 1080 pixels Wall
TapoC400KIT,TP-LINK,NEW,45.96,42,ON-SITE,TP-Link Tapo C400 KIT Box IP security camera Outdoor 1920 x 1080 pixels Wall
TC90 KIT,TP-LINK,NEW,73.7,41,ON-SITE,TP-Link Tapo TC90 KIT security camera Bulb IP security camera Outdoor 2304 x 1296 pixels Ceiling/Wall/Pole
UVC-G4-INS,UBIQUITI,NEW,109.32,38,ON-SITE,Ubiquiti G4 Instant Cube IP security camera Outdoor 2688 x 1512 pixels Wall
IPC-S7DP-5M0WEZ,imou,NEW,44.62,34,ON-SITE,Imou Cruiser Z Turret IP security camera Indoor & outdoor Ceiling/wall
Tapo C460,TP-LINK,NEW,101.31,32,ON-SITE,TP-Link Tapo Wire-Free Indoor/Outdoor Security Camera SPEC:4K UHD (3840x2160) H.265/H.264 Supported 16x UHD Digital Zoom 2.4/5 GHz Dual Band Wi-Fi 10000mAh Rechargeable Lithium-ion Battery
HDW2849T-S-LED-0280B-PRO,DAHUA,NEW,125.96,29,ON-SITE,Dahua Technology IPC-HDW2849T-S-LED-0280B-PRO -
MC510,MERCUSYS,NEW,29.73,28,ON-SITE,Mercusys MC510 security camera Dome IP security camera Indoor & outdoor 2304 x 1296 pixels Ceiling
DS-2CD2066G2H-IU,Hikvision,NEW,166.86,27,ON-SITE,Hikvision Pro Series DS-2CD2066G2H-IU(2.8mm)(eF)/BLACK Indoor/Outdoor IP Security Bullet Camera 3200 x 1800 px Ceiling/Wall
P330,reolink,NEW,85.34,26,ON-SITE,Reolink P330 - 4K 8MP UHD Outdoor PoE Security Camera with 256GB Capacity Smart Alerts Audio Recording & Night Vision
41348,imou,NEW,35.65,26,ON-SITE,Imou IP Bulb Cam 5MP IPC-S6DP 5 MP (2880 x 1620)
43164,DAHUA,NEW,60.1,25,ON-SITE,IP security camera DAHUA Technology IPC-HDW1439V-A-IL White
MERC-MC200,MERCUSYS,NEW,18.18,25,ON-SITE,Mercusys MC200 - Pan/Tilt Home Security Wi-Fi Camera
UVC-G6-INS-W,UBIQUITI,NEW,176.18,25,ON-SITE,Ubiquiti Instant G6 IP security camera Indoor & outdoor 3840 x 2160 pixels Wall
IPC-HFW1639TC-A-IL-0280B-S6,DAHUA,NEW,59.38,23,ON-SITE,IP CAMERA DAHUA IPC-HFW1639TC-A-IL-0280B-S6
Tapo C246D,TP-LINK,NEW,61.53,23,ON-SITE,TP-Link Indoor/Outdoor Dual Lens Pan/Tilt Security Camera
K2ECP-3H3W,imou,NEW,15.76,21,ON-SITE,IP CAMERA IMOU RANGER 2C K2ECP-3H3W
Series-P750,reolink,NEW,169.82,21,ON-SITE,Reolink DUO Series IP Camera P750 (DUO 3 POE)
UVC-G5-BULLET,UBIQUITI,NEW,131.6,20,ON-SITE,Ubiquiti G5 Bullet IP security camera Indoor & outdoor 2688 x 1512 pixels Wall/Pole
UVC-G5-Dome-Ultra-B,UBIQUITI,NEW,88.88,19,ON-SITE,Ubiquiti G5 Dome Ultra IP security camera Indoor & outdoor 2688 x 1512 pixels Ceiling/wall
303102897,ezviz,NEW,129.71,17,ON-SITE,EZVIZ HB8 Spherical IP security camera Outdoor 2560 x 1440 pixels Wall with solar panel
H8c 4G 2K,ezviz,NEW,72.61,17,ON-SITE,EZVIZ H8c 4G Dome IP security camera Outdoor 2304 x 1296 pixels Ceiling/Wall/Pole
UVC-G6-Dome-W,UBIQUITI,NEW,225.57,17,ON-SITE,Ubiquiti G6 Dome IP security camera Indoor & outdoor 3840 x 2160 pixels Ceiling/wall
IPC-HFW2849S-S-IL-0280B,DAHUA,NEW,115.63,17,ON-SITE,IP CAMERA DAHUA IPC-HFW2849S-S-IL-0280B
DS-2CD1343G2-LIU,Hikvision,NEW,74.58,16,ON-SITE,IP camera Hikvision DS-2CD1343G2-LIU(2.8mm)
IPC-U7LP-6V0NE,imou,NEW,70.28,15,ON-SITE,Imou Titan Pro Dome IP security camera Indoor & outdoor 3200 x 1800 pixels Wall
Tapo C465,TP-LINK,NEW,118.86,15,ON-SITE,TP-Link Tapo Enhanced AI Solar Security Camera Ultra
6978285031054,reolink,NEW,172.38,15,ON-SITE,Reolink DUO Series P757 16MP IP security camera
G765,reolink,NEW,199.65,14,ON-SITE,Reolink TrackMix Series G765 LTE Outdoor IP Camera
Tapo C630 KIT,TP-LINK,NEW,109.86,14,ON-SITE,TP-LINK Tapo C630 Camera Kit
DS-2CD1161G2-LIU,Hikvision,NEW,67.31,14,ON-SITE,Hikvision DS-2CD1161G2-LIU IP camera
Tapo C660KIT,TP-LINK,NEW,141.57,13,ON-SITE,TP-Link Tapo C660 KIT - solar-powered outdoor IP surveillance camera
P750,reolink,NEW,159.29,13,ON-SITE,Reolink DUO Series P757 16MP IP security camera dual lens white
Go Series G440,reolink,NEW,203.4,13,ON-SITE,Reolink Go Series G440 Dome IP security camera Indoor & outdoor 3840 x 2160 pixels Wall
E450,reolink,NEW,85.9,12,ON-SITE,Reolink Lumus Series E450 8MP WiFi Outdoor Camera
T8EP 8MP POE BIAŁA,FOSCAM,NEW,85.15,12,ON-SITE,FOSCAM T8EP 8MP POE IP Camera White
CS-H8c,ezviz,NEW,35.12,12,ON-SITE,IP PTZ CAMERA EZVIZ H8C
CS-H9C,ezviz,NEW,73.79,11,ON-SITE,EZVIZ H9c Dual 3K Dome IP security camera Outdoor 2880 x 1620 pixels Ceiling/Wall/Pole
T4A-PV,DAHUA,NEW,39.64,11,ON-SITE,DAHUA T4A-PV IP CAMERA
Go-Series-G330,reolink,NEW,137.78,10,ON-SITE,Reolink Go Series G330 Bullet IP security camera Outdoor 2560 x 1440 pixels Wall
DS-2SE4C425MWG-E/26(F0),Hikvision,NEW,480.28,10,ON-SITE,HIKVISION DS-2SE4C425MWG-E/26(F0) IP Camera
IPC-PS70FP-10M0,imou,NEW,78.4,10,ON-SITE,Imou PS70F Spherical IP security camera Outdoor 2880 x 1620 pixels Ceiling
IPC-PS8E-5V0-0280B,imou,NEW,50.67,10,ON-SITE,Kamera IP Imou PoE PS8E 5MP kopułka
Argus Eco,reolink,NEW,62.34,10,ON-SITE,Reolink Argus Series B320 - 3MP Outdoor Battery-Powered Security Camera with Person/Vehicle Detection Two-Way Audio
IPC-K9DC-5M0WEH,imou,NEW,40.37,10,ON-SITE,WRL 5MP IPC-K9DC-5M0WEH-V2 IMOU camera
DS-7608NXI-K2(D),Hikvision,NEW,166.24,10,ON-SITE,HIKVISION DS-7608NXI-K2(D) IP RECORDER
C8M czarna,FOSCAM,NEW,47.84,10,ON-SITE,FOSCAM C8M 8MP Wi-Fi Camera – Black
L8M,FOSCAM,NEW,107.56,10,ON-SITE,FOSCAM L8M 8MP White Wi-Fi Camera – Live Stream
Cell PT Lite KI,imou,NEW,57.41,9,ON-SITE,Imou Cell PT Lite Kit + Solar Panel
E330,reolink,NEW,54.73,9,ON-SITE,Reolink E330 5MP IP camera with wifi cry detection
C8M Biała,FOSCAM,NEW,47.85,9,ON-SITE,FOSCAM C8M 8MP Wi-Fi Camera – White
6954836083741,FOSCAM,NEW,58.16,8,ON-SITE,Foscam PD5 5MP White IP Surveillance Camera
G430,reolink,NEW,180.5,8,ON-SITE,Reolink IP GO Series cameraG330 + panel
DS-2CD1183G2-LIUF 2.8mm PL,Hikvision,NEW,105.86,8,ON-SITE,HIKVISION IP CAMERA DS-2CD1183G2-LIUF 2.8mm
G430,reolink,NEW,180.87,8,ON-SITE,Reolink Go Series G430 5MPP IP security camera with solar panel
"CS-H8c  (3MP,4mm)",ezviz,NEW,36.81,8,ON-SITE,EZVIZ H8c Turret IP security camera Indoor & outdoor 1920 x 1080 pixels Ceiling/wall
303103075,ezviz,NEW,117.06,7,ON-SITE,EZVIZ EB5 Bullet IP security camera Outdoor 3840 x 2160 pixels Ceiling/wall
Duo Series W730,reolink,NEW,128.75,7,ON-SITE,Reolink Duo Series W730 - 4K Outdoor Wi-Fi Camera Dual-Lens 180° Panoramic View Person/Vehicle/Animal Detection
P850,reolink,NEW,323.99,7,ON-SITE,Reolink P850 8MP POE 360° 16xZOOM
V8P 8MP Wi-Fi -CZARNA,FOSCAM,NEW,83.84,7,ON-SITE,Foscam V8P 8MP WI-FI camera Black
X5,FOSCAM,NEW,42.87,7,ON-SITE,Foscam X5 IP security camera Indoor Black
SD8P 8MP Biała,FOSCAM,NEW,159.13,6,ON-SITE,Foscam SD8P White 8 MPIX WiFi Rotating IP Camera
W5EP,FOSCAM,NEW,52,6,ON-SITE,Foscam W5EP 5MP POE White IP Surveillance Camera
C5M 5 MPIX 3K USB-C BIAŁA,FOSCAM,NEW,48.87,6,ON-SITE,FOSCAM C5M 5 MPIX 3K USB-C IP Camera White
303103167,ezviz,NEW,144.26,6,ON-SITE,EZVIZ BC1c 4K Bullet IP security camera Outdoor 3840 x 2160 pixels Ceiling/wall
R4M,FOSCAM,NEW,85.49,6,ON-SITE,Foscam R4M security camera Cube IP security camera Indoor 2560 x 1440 pixels Desk
B770,reolink,NEW,157.24,6,ON-SITE,Rerolink IP akum Trackmix B770 8MP
W330,reolink,NEW,95.35,6,ON-SITE,Reolink W330 - 4K Wi-Fi 6 Camera 2.4/5 GHz Dual-Band Wi-Fi Color Night Vision Person/Vehicle/Animal Detection
P840,reolink,NEW,232.67,6,ON-SITE,Reolink P840 8MP POE 360° 5xZOOM
W430,reolink,NEW,122.91,6,ON-SITE,Reolink W430 - 4K Outdoor Camera Next-Gen Wi-Fi 6 5X Optical Zoom Person/Vehicle/Animal Detection Color Night Vision
Argus Series B340,reolink,NEW,79.54,6,ON-SITE,Reolink Argus Series B340 - 5MP Standalone Outdoor Battery Camera 5/2.4 GHz Wi-Fi Smart Detection Color Night Vision
IPC-PS3EP-8Q0,imou,NEW,48.86,6,ON-SITE,Imou PS3E Bullet IP security camera Indoor & outdoor 3840 x 2160 pixels Ceiling/wall
IPC-K7CP-3H1WE,imou,NEW,27.82,6,ON-SITE,IP surveillance camera Imou Cruiser SE+ 3MP
UVC-G6-PTZ-B,UBIQUITI,NEW,401.27,6,ON-SITE,Ubiquiti G6 PTZ Spherical IP security camera Indoor & outdoor 3864 x 2160 pixels Ceiling/Wall/Pole
UVC-G6-PTZ-W,UBIQUITI,NEW,401.28,6,ON-SITE,Ubiquiti G6 PTZ Spherical IP security camera Indoor & outdoor 3864 x 2160 pixels Ceiling/Wall/Pole
303103057,ezviz,NEW,44.89,6,ON-SITE,IP CAMERA EZVIZ H7C 2K+ (4MP+4MP)
D8T biała,FOSCAM,NEW,105.18,5,ON-SITE,FOSCAM D8T 8MP Wi-Fi Camera – White
D8T czarna,FOSCAM,NEW,105.16,5,ON-SITE,FOSCAM D8T 8MP Wi-Fi Camera – Black
D8ET biała,FOSCAM,NEW,102.19,5,ON-SITE,FOSCAM Poe D8ET 8MP Camera – White
D8ET czarna,FOSCAM,NEW,102.19,5,ON-SITE,FOSCAM Poe D8ET 8MP Camera – Black
303102872,ezviz,NEW,171.21,5,ON-SITE,EZVIZ EB8 4G + Solar panel E Spherical IP security camera Outdoor 2304 x 1296 pixels Ceiling/wall
IPC-HDW2849TM-S-IL-0280B,DAHUA,NEW,116.2,5,ON-SITE,IP CAMERA DAHUA IPC-HDW2849TM-S-IL-0280B
Argus Series B330,reolink,NEW,82.49,5,ON-SITE,Reolink Argus Series B330 - 5MP Outdoor Battery Camera Person/Vehicle Detection Color Night Vision 5/2.4 GHz Wi-Fi
Argus Series B430,reolink,NEW,98.85,5,ON-SITE,Reolink Argus Series B430 - 5MP Outdoor Wi-Fi Camera Pan & Tilt Person/Vehicle/Animal Detection Color Night Vision
P340,reolink,NEW,105.21,5,ON-SITE,Rerolink P340 camera
Series-B730,reolink,NEW,159.77,5,ON-SITE,Reolink Argus Series B730 (Argus Track) - IP camera
B310,reolink,NEW,61.85,5,ON-SITE,Argus Series B310 3MP Acum IP Camera
P437,reolink,NEW,129.58,5,ON-SITE,Reolink P437 - 4K Outdoor Camera IK10 Vandal-Proof PoE 5X Optical Zoom Color Night Vision Smart Detection
B320,reolink,NEW,61.77,5,ON-SITE,Reolink Argus Series B320-B - 3MP Outdoor Battery-Powered Security Camera with Person/Vehicle Detection Two-Way Audio
B440,reolink,NEW,119.1,5,ON-SITE,Reolink Argus Series B440 - 4K Outdoor Battery Camera Pan & Tilt Person/Vehicle/Animal Detection Color Night Vision
H6C,ezviz,NEW,35.13,5,ON-SITE,EZVIZ H6C security camera Spherical IP security camera Indoor 1920 x 1080 pixels Desk
F41-W,FOSCAM,NEW,124.21,5,ON-SITE,Foscam F41-W security camera IP security camera Outdoor 2560 x 1440 pixels Ceiling/wall
B4,FOSCAM,NEW,89,5,ON-SITE,IP Camera FOSCAM B4 White
R4M-B,FOSCAM,NEW,84.64,5,ON-SITE,Foscam R4M-B security camera Cube IP security camera Indoor 2560 x 1440 pixels Desk
6954836098998,FOSCAM,NEW,56.12,5,ON-SITE,Foscam W5EP 5MP POE IP Surveillance Camera – Black
SD8EP,FOSCAM,NEW,148.4,4,ON-SITE,Foscam SD8EP 8MP White Camera
PD8,FOSCAM,NEW,85.92,3,ON-SITE,FOSCAM PD8 8 MP PoE Camera white
LD8EP,FOSCAM,NEW,178.88,3,ON-SITE,FOSCAM LD8EP 8MP PoE Camera – Live Stream
Tapo C201,TP-LINK,NEW,23.52,3,ON-SITE,TP-LINK Tapo C201 Camera
Tapo C425KIT,TP-LINK,NEW,100.96,3,ON-SITE,TP-Link Tapo Solar-Powered Security Camera Kit 1 × C425 1 × A201
G770,reolink,NEW,218.26,3,ON-SITE,Reolink TrackMix Series G770 Dome IP security camera Outdoor 2560 x 1440 pixels Ceiling/wall
311325335,Hikvision,NEW,227.93,2,ON-SITE,Hikvision Pro Series with AcuSense DS-2CD2186G2H-ISU(2.8mm)(eF)/BLACK Bullet IP security camera Outdoor 3840 x 2160 pixels Ceiling/wall
SD4H,FOSCAM,NEW,201.85,2,ON-SITE,IP Camera FOSCAM SD4H White
T5EP 5MP POE BIAŁA,FOSCAM,NEW,56.46,2,ON-SITE,FOSCAM T5EP 5MP POE IP Camera White
WC843WAD4K01,reolink,NEW,122.43,2,ON-SITE,Reolink W437 - 4K Wi-Fi 6 Security Camera IK10 Vandal-Proof 5X Optical Zoom 2.4/5 GHz Wi-Fi Color Night Vision
Tapo C410 KIT,TP-LINK,NEW,55.25,2,ON-SITE,TP-LINK Tapo C410 KIT camera
Tapo C460KIT,TP-LINK,NEW,113.22,2,ON-SITE,TP-LINK Tapo C460KIT Camera
SD2A500NB-GNY-A-PV,DAHUA,NEW,84.63,2,ON-SITE,Dahua Technology WizSense SD2A500NB-GNY-A-PV Turret IP security camera Outdoor 2560 x 1920 pixels Ceiling/wall
SD4D425MB-HNR,DAHUA,NEW,301.58,2,ON-SITE,Dahua Technology SD4D425MB-HNR - high-speed IP camera
UVC-AI-Turret-W,UBIQUITI,NEW,399.19,2,ON-SITE,Ubiquiti AI Turret IP security camera Indoor & outdoor 3840 x 2160 pixels Ceiling/wall
DS-2CD2343G2P-LISU/SL 180°,Hikvision,NEW,147.73,2,ON-SITE,Hikvision DS-2CD2343G2P-LISU/SL 180° IP camera
H6C 2K+ (Indoor PT),ezviz,NEW,31.54,2,ON-SITE,IP CAMERA EZVIZ H6C 2K+
311331028,Hikvision,NEW,225.58,1,ON-SITE,IP Camera HikVision 2CD2T67G2P-LSU/SL(2.8mm)
IPC-S7XP-8M0WED-0360B-imou,imou,NEW,50.19,1,ON-SITE,Imou Cruiser Dual Turret IP security camera Outdoor 2304 x 1296 pixels Ceiling
UVC-G6-Turret-B,UBIQUITI,NEW,201.44,1,ON-SITE,Ubiquiti G6 Turret IP security camera Indoor & outdoor 3864 x 2160 pixels Ceiling/wall
IPC-S7XEP-10M0WED,imou,NEW,67.14,1,ON-SITE,Imou Cruiser Dual 2 IP surveillance camera white
IPC-HFW1839TC-A-IL-0280B-S6,DAHUA,NEW,78.12,1,ON-SITE,DAHUA IP Camera IPC-HFW1839TC-A-IL-0280B-S6
W760,reolink,NEW,183.3,1,ON-SITE,REOLINK TrackMix W760 8MP WLAN-Außen-IP-Kamera mit zwei Objektiven
20104585000,Hikvision,NEW,259.15,1,ON-SITE,Hikvision Pro Series with ColorVu DS-2CD2387G3-LIS2UY/SL(2.8MM) security camera Turret IP security camera Indoor & outdoor 3840 x 2160 pixels Ceiling
NVR4108HS-EI,DAHUA,NEW,111.69,10,ON-SITE,Dahua Technology WizSense NVR4108HS-EI
UNVR,UBIQUITI,NEW,313.84,7,ON-SITE,Ubiquiti Protect Network Video Recorder
UNVR-Instant-KIT,UBIQUITI,NEW,623.66,5,ON-SITE,Ubiquiti UNVR-Instant-Kit video surveillance kit Wired
NVR-N110-4P-8A0E-P,imou,NEW,81.33,5,ON-SITE,Rejestrator IP Imou N110-4P 10-kanałowy 4-PoE
NVR-N118-8P-8A0E-P,imou,NEW,105.09,5,ON-SITE,Rejestrator IP Imou N118-8P 18-kanałowy 8-PoE
DS-7604NXI-K1,Hikvision,NEW,105.05,5,ON-SITE,HIKVISION DS-7604NXI-K1(D) IP RECORDER
DS-7604NXI-K1/4,Hikvision,NEW,141.76,4,ON-SITE,Hikvision DS-7604NXI-K1/4P(D) Network Video Recorder (NVR) 1U Black
NVR-N236-16P-8A0E-P,imou,NEW,161.71,4,ON-SITE,Rejestrator IP Imou N236-16P 36-kanałowy 16-PoE
ENVR,UBIQUITI,NEW,1951.8,4,ON-SITE,Ubiquiti Enterprise Network Video Recorder 3U Grey
UNVR-Instant,UBIQUITI,NEW,200.17,3,ON-SITE,Ubiquiti UNVR-Instant White
NVR4116HS-4KS3,DAHUA,NEW,128.84,3,ON-SITE,DAHUA IP RECORDER NVR4116HS-4KS3
DS-7632NXI-K2(D),Hikvision,NEW,201.58,3,ON-SITE,Hikvision DS-7632NXI-K2(D) network video recorder 1U Black
NVR4104HS-EI,DAHUA,NEW,100.73,2,ON-SITE,Network video recorder DAHUA NVR4104HS-EI Black
NVR4104HS-4KS3,DAHUA,NEW,85.84,1,ON-SITE,Dahua Technology Lite NVR4104HS-4KS3 1U Black
PFA130-E,DAHUA,NEW,9.79,12,ON-SITE,Dahua Technology PFA130-E security camera accessory Junction box
VMB-350,TP-LINK,NEW,23.37,9,ON-SITE,TP-Link VMB-350 security camera accessory Mounting bracket
DS-1280ZJ-S,Hikvision,NEW,17.43,3,ON-SITE,Hikvision DS-1280ZJ-S security camera accessory Junction box
AL15SEB24EQ,Toshiba,NEW,558.18,2,ON-SITE,Toshiba AL15SEB24EQ internal hard drive 2.4 TB 10500 RPM 128 MB 2.5 SAS
KCD8XRUG15T3,KIOXIA,NEW,7681.22,100,ON-SITE,Kioxia CD8-R 15.4 TB 2.5 PCI Express 4.0 NVMe BiCS FLASH TLC
MTFDKCC7T6TGP-1BK1DABYYR,Micron,NEW,4964.97,78,ON-SITE,Micron 7500 PRO 7.68 TB U.3 PCI Express 4.0 NVMe 3D TLC NAND
GESD05SA00-7T6NS10B,GoodRam,NEW,3869.91,50,ON-SITE,Goodram SD05M 7.68TB SATA 2.5 SSD GESD05SA00-7T6NS10B (DWPD up to 1)
MTFDDAK240TGA-1BC1ZABYYT,Micron,NEW,515.42,50,ON-SITE,Micron 5400 PRO 240 GB 2.5 Serial ATA III 3D TLC NAND
GESD05SA00-3T8NS10B,GoodRam,NEW,2179.48,46,ON-SITE,Goodram SD05M 3.84TB SATA 2.5 SSD GESD05SA00-3T8NS10B (DWPD up to 1)
SNV3410-400G,Synology,NEW,326.19,45,ON-SITE,Synology Plus Series 400GB M.2 (22x80) NVMe PCIe 3.0x4 SNV3410-400G (DWPD 0.7)
MTFDDAK1T9TGA-1BC1ZABYYT,Micron,NEW,2202.22,42,ON-SITE,SSD Micron 5400 PRO 1.92TB SATA 2.5 MTFDDAK1T9TGA-1BC1ZABYYR (DWPD 1.5)
KCD8XRUG1T92,KIOXIA,NEW,1586.86,40,ON-SITE,Kioxia CD8-R 1.92 TB 2.5 PCI Express 4.0 NVMe BiCS FLASH TLC
KCD8XRUG3T84,KIOXIA,NEW,2391.74,40,ON-SITE,Kioxia CD8-R 3.84 TB 2.5 PCI Express 4.0 NVMe BiCS FLASH TLC
KCD8XVUG1T60,KIOXIA,NEW,1586.86,20,ON-SITE,Kioxia CD8-V 1.6 TB 2.5 PCI Express 4.0 NVMe BiCS FLASH TLC
KCD8XPUG6T40,KIOXIA,NEW,4173.29,20,ON-SITE,Kioxia CD8P-V 6.4 TB 2.5 PCI Express 5.0 NVMe BiCS FLASH TLC
KCD8XPUG1T92,KIOXIA,NEW,1665.99,20,ON-SITE,Kioxia CD8P-R 1.92 TB 2.5 PCI Express 5.0 NVMe BiCS FLASH TLC
KCD8XPUG3T84,KIOXIA,NEW,2511.47,20,ON-SITE,Kioxia CD8P-R 3.84 TB 2.5 PCI Express 5.0 NVMe BiCS FLASH TLC
KCD8XPUG7T68,KIOXIA,NEW,4173.3,20,ON-SITE,Kioxia CD8P-R 7.68 TB 2.5 PCI Express 5.0 NVMe BiCS FLASH TLC
KPM7VRUG1T92,KIOXIA,NEW,2091.86,19,ON-SITE,Kioxia PM7-R 1.92 TB 2.5 SAS BiCS FLASH TLC
KCD8XPUG3T20,KIOXIA,NEW,2511.47,18,ON-SITE,Kioxia CD8P-V 3.2 TB 2.5 PCI Express 5.0 NVMe BiCS FLASH TLC
KCD8XVUG800G,KIOXIA,NEW,1174.53,18,ON-SITE,Kioxia CD8-V 800 GB 2.5 PCI Express 4.0 NVMe BiCS FLASH TLC
KCD8XRUG7T68,KIOXIA,NEW,3945.26,16,ON-SITE,Kioxia CD8-R 7.68 TB 2.5 PCI Express 4.0 NVMe BiCS FLASH TLC
KPM7VRUG7T68,KIOXIA,NEW,5588.34,15,ON-SITE,Kioxia PM7-R 7.68 TB 2.5 SAS BiCS FLASH TLC
GESD05SA00-480NS10B,GoodRam,NEW,388.06,15,ON-SITE,Goodram SD05M 480GB SATA 2.5 SSD GESD05SA00-480NS10B (DWPD 1)
KPM7VRUG3T84,KIOXIA,NEW,3467.33,14,ON-SITE,Kioxia PM7-R 3.84 TB 2.5 SAS BiCS FLASH TLC
KCMYXRUG1T92,KIOXIA,NEW,1984.61,14,ON-SITE,Kioxia CM7-R 1.92 TB 2.5 PCI Express 5.0 NVMe BiCS FLASH TLC
KCMYXRUG3T84,KIOXIA,NEW,2844.67,14,ON-SITE,Kioxia CM7-R 3.84 TB 2.5 PCI Express 5.0 NVMe BiCS FLASH TLC
KCMYXVUG3T20,KIOXIA,NEW,2844.67,10,ON-SITE,Kioxia CM7-V 2.5 3.2 TB PCI Express 5.0 NVMe BiCS FLASH TLC
KPM7VVUG3T20,KIOXIA,NEW,3467.33,10,ON-SITE,Kioxia PM7-V 3.2 TB 2.5 SAS BiCS FLASH TLC
KCD8XPUG15T3,KIOXIA,NEW,8064.4,10,ON-SITE,Kioxia 15360 Condor D8P-R KCD8XPUG15T3 SIE 15.4 TB 2.5 PCI Express 5.0 NVMe BiCS FLASH TLC
MZWL63T8HFLT-00AW7,Samsung SemiConductor,NEW,2232.65,10,ON-SITE,Samsung PM9D3a 3.84 TB 2.5 PCI Express 5.0 NVMe
MZWL6960HFJA-00AW7,Samsung SemiConductor,NEW,707.01,10,ON-SITE,Samsung PM9D3a 960 GB 2.5 PCI Express 5.0 NVMe
MTFDKBG3T8TFR-1BC1ZABYYR,Micron,NEW,3444.64,10,ON-SITE,SSD Micron 7450 PRO 3.84TB M.2 (22x110) NVMe PCI 4.0 MTFDKBG3T8TFR-1BC1ZABYYR (DWPD 1)
MTFDKBA960TFR-1BC1ZABYYR,Micron,NEW,1477.79,10,ON-SITE,SSD Micron 7450 PRO 960GB M.2 (22x80) NVMe PCI 4.0 MTFDKBA960TFR-1BC1ZABYYR (DWPD 1)
MTFDDAK240TGA-1BC1ZABYYR,Micron,NEW,233.9,10,ON-SITE,SSD Micron 5400 PRO 240GB SATA 2.5 MTFDDAK240TGA-1BC1ZABYYR (DWPD 1.5)
MTFDDAK3T8TGA-1BC1ZABYYR,Micron,NEW,3019.61,10,ON-SITE,SSD Micron 5400 PRO 3.84TB SATA 2.5 MTFDDAK3T8TGA-1BC1ZABYYR (DWPD 1.5)
MTFDDAK3T8TGB-1BC1ZABYYR,Micron,NEW,3965.6,10,ON-SITE,SSD Micron 5400 MAX 3.84TB SATA 2.5 MTFDDAK3T8TGB-1BC1ZABYYR (DWPD 3.4)
MZ7L3960HCJR-00A07,Samsung SemiConductor,NEW,786.74,10,ON-SITE,SSD Samsung PM893 960GB SATA 2.5 MZ7L3960HCJR-00A07 (DWPD 1)
MTFDLAL1T9THG-1BP1DFCYYR,Micron,NEW,2020.01,10,ON-SITE,Micron 7600 PRO 1.92 TB U.2 PCI Express 5.0 NVMe 3D TLC NAND
MTFDLAL3T8THG-1BP1DFCYYR,Micron,NEW,2774.85,10,ON-SITE,Micron 7600 PRO 3.84 TB U.2 PCI Express 5.0 NVMe 3D TLC NAND
MZILG7T6HBLA-00A07,Samsung SemiConductor,NEW,5634.75,9,ON-SITE,SSD Samsung PM1653 7.68TB 2.5 SAS 24Gb/s MZILG7T6HBLA-00A07 (DWPD 1)
KCMYXVUG1T60,KIOXIA,NEW,1984.61,9,ON-SITE,Kioxia CM7-V 1.6 TB 2.5 PCI Express 5.0 NVMe BiCS FLASH TLC
KCD8XPUG1T60,KIOXIA,NEW,1665.99,8,ON-SITE,Kioxia CD8P-V 1.6 TB 2.5 PCI Express 5.0 NVMe BiCS FLASH TLC
MZVL41T0HBLB-00B07,Samsung SemiConductor,NEW,196.69,7,ON-SITE,SSD Samsung PM9B1 1TB PCIe 4.0 NVMe M.2 (22x80) MZVL41T0HBLB-00B07
MTFDKBG1T9TFR-1BC1ZABYYT,Micron,NEW,1924.32,7,ON-SITE,Micron 7450 PRO M.2 1.92 TB PCI Express 4.0 3D TLC NAND NVMe
0TS2509,Western Digital,NEW,17419.86,6,ON-SITE,Western Digital Ultrastar DC SN655 30.7 TB U.3 PCI Express 4.0 NVMe TLC 3D NAND ISE (0TS2509)
KCD8XVUG3T20,KIOXIA,NEW,2391.73,4,ON-SITE,Kioxia CD8-V 3.2 TB 2.5 PCI Express 4.0 NVMe BiCS FLASH TLC
GEUS20UADP-1T6IS30B,GoodRam,NEW,811.2,3,ON-SITE,Goodram US20S 1.6TB U.2 (15mm) NVMe Gen5 Dual Port SSD GEUS20UADP-1T6IS30B (DWPD 3) ISE
MTFDKBG1T9TFR-1BC1ZABYYR,Micron,NEW,1924.32,2,ON-SITE,SSD Micron 7450 PRO 1.92TB M.2 (22x110) NVMe PCI 4.0 MTFDKBG1T9TFR-1BC1ZABYYR (DWPD 1)
KPM7VRUG15T3,KIOXIA,NEW,11174.57,1,ON-SITE,Kioxia PM7-R 15 TB 2.5 SAS BiCS FLASH TLC
SEDC600M/960G,Kingston,NEW,621.97,1,ON-SITE,Kingston Technology 960G DC600M (Mixed-Use) 2.5” Enterprise SATA SSD
SSDSC2KB076TZ1Z,SOLIDIGM,NEW,3189.51,1,ON-SITE,Solidigm D3-S4520 7.68 TB 2.5 Serial ATA III TLC 3D NAND
MZWL615THBLF-00AW7,Samsung SemiConductor,NEW,6804.22,1,ON-SITE,Samsung PM9D3a 15.4 TB 2.5 PCI Express 5.0 NVMe
MTFDKBA480TFR-1BC1ZABYYR,Micron,NEW,786.75,1,ON-SITE,SSD Micron 7450 PRO 480GB M.2 (22x80) NVMe PCI 4.0 MTFDKBA480TFR-1BC1ZABYYR (DWPD 1)
HAT3300-6T,Synology,NEW,323.27,56,ON-SITE,Synology HAT3300-6T NAS 6TB SATA 3.5 HDD internal hard drive 5400 RPM 3.5 Serial ATA
HAT3310-16T,Synology,NEW,672.35,32,ON-SITE,Synology HAT3310-16T internal hard drive 3.5 16 TB Serial ATA
HAT3310-12T,Synology,NEW,563.04,10,ON-SITE,Synology HAT3310-12T internal hard drive 3.5 12 TB Serial ATA
HAT3320-8T,Synology,NEW,458.42,7,ON-SITE,Synology HAT3320-8T internal hard drive 8 TB 7200 RPM 3.5 Serial ATA III
IEUHDD5BK,IBOX,NEW,4.74,81,ON-SITE,iBox HD-05 HDD/SSD enclosure Black 2.5
IEU3F02,IBOX,NEW,3.48,48,ON-SITE,iBox HD-02 HDD enclosure Black 2.5
S1103A,UNITEK,NEW,7.47,19,ON-SITE,UNITEK ENCLOSURE USB 3.1 HDD/SSD SATA 6G UASP S1103A
IEUHDD5BL,IBOX,NEW,5.39,16,ON-SITE,iBox HD-05 HDD/SSD enclosure Blue 2.5
IEUHDD5G,IBOX,NEW,4.73,16,ON-SITE,iBox HD-05 HDD/SSD enclosure Grey 2.5
IEUHDD5R,IBOX,NEW,4.73,14,ON-SITE,iBox HD-05 HDD/SSD enclosure Red 2.5
Y-3036A,UNITEK,NEW,8.96,14,ON-SITE,Unitek Y-3036A - DiskGuard Raiden 2.5 USB-C to SATA III 2.5” HDD/SSD Hard Disk Enclosure
IEU2F01,IBOX,NEW,3.35,14,ON-SITE,iBox HD-01 HDD enclosure Black 2.5
PV810UPNGM,Patriot Memory,NEW,12.27,14,ON-SITE,SSD enclosure PATRIOT MEMORY TXD M.2 NVME 1.3 up to 8TB (PV810UPNGM) Grey
90DD02H0-M09010,ASUS,NEW,38.01,10,ON-SITE,ASUS ROG Strix Arion Lite SSD enclosure Black M.2
KPAB0,Vention,NEW,8.19,7,ON-SITE,Vention 2.5 Inch SATA Hard Drive Enclosure (USB 3.0 Micro-B) Black
IEUHDD7,IBOX,NEW,14.41,7,ON-SITE,iBox HD-07 SSD enclosure Black M.2
Y-3036,UNITEK,NEW,10.44,6,ON-SITE,UNITEK Y-3036 storage drive enclosure 2.5 HDD/SSD enclosure Black
Y-3035,UNITEK,NEW,20.92,5,ON-SITE,UNITEK Y-3035 storage drive enclosure HDD/SSD enclosure Black 2.5/3.5
S1230A,UNITEK,NEW,21.02,3,ON-SITE,UNITEK M.2 ENCLOSURE USB 3.2 Gen2 Type-C M.2 NVME/SATA SSD
S1251AGY01,UNITEK,NEW,29.5,3,ON-SITE,UNITEK PCIe M.2 SSD Enclosure 10 Gbps with Localisation
PV860UPRGM,Patriot Memory,NEW,22.31,3,ON-SITE,Patriot Memory VXD SSD enclosure Silver M.2
90DD02N0-M09000,ASUS,NEW,40.06,3,ON-SITE,ASUS ESD-T1A/BLK/G/AS// SSD enclosure Black M.2
90DD02H1-B09000,ASUS,NEW,37.41,2,ON-SITE,ASUS ROG Strix Arion White Edition SSD enclosure M.2
S1222A,UNITEK,NEW,41.18,2,ON-SITE,UNITEK S1222A cable gender changer USB 3.2 SATA 2 5/3 5' & M.2 PCIE/NVME Black
S1225A,UNITEK,NEW,17.01,2,ON-SITE,UNITEK M.2 PCIE NVME/SATA 10GBPS DRIVE ENCLOSURE
25806,Trust,NEW,16.34,1,ON-SITE,Trust 25806 storage drive enclosure SSD enclosure Black
IEUHDD6,IBOX,NEW,9.74,1,ON-SITE,iBox HD-06 2.5 HDD enclosure
TG128X3-B,TANGEM,NEW,42.58,25,ON-SITE,Tangem Wallet cryptocurrency wallet - 3 cards
TG128X2-B,TANGEM,NEW,36.3,2,ON-SITE,Tangem Wallet cryptocurrency wallet - 2 cards
P210S512G25,Patriot Memory,NEW,58.01,670,ON-SITE,Patriot Memory P210 2.5 512 GB Serial ATA III
P210S256G25,Patriot Memory,NEW,36.88,494,ON-SITE,Patriot Memory P210 2.5 256 GB Serial ATA III
SLEG-860-500GCS,ADATA,NEW,87.59,200,ON-SITE,Adata SSD LEGEND 860 500GB PCIe 4x4 5000/3000 MB/s M.2
M280CS1030-256-BLK,PNY Technologies,NEW,52.12,200,ON-SITE,PNY CS1030 M.2 NVMe 256 GB PCI Express 3.0
SSD7CS900-250-RB,PNY Technologies,NEW,39.75,200,ON-SITE,PNY CS900 250 GB 2.5 Serial ATA III 3D TLC
LNM620X512G-RNNNG,Lexar,NEW,100.27,200,ON-SITE,SSD LEXAR 512GB NM620 M.2 2280 NVME
LNM790X512G-RNNNG,Lexar,NEW,113.36,200,ON-SITE,Lexar NM790 M.2 512 GB PCI Express 4.0 SLC NVMe
SSDPR-PX500-256-80-G3,GoodRam,NEW,57.84,200,ON-SITE,Goodram PX500 GEN.3 SSDPR-PX500-256-80-G3 internal solid state drive 256 GB M.2 PCI Express 3.0 NVMe 3D NAND
SSDPR-PX600L-256-80,GoodRam,NEW,66.45,200,ON-SITE,GOODRAM PX600L 256GB PCIe NVMe gen 4x4 M.2 2280 SSD
SSDPR-PX600L-512-80,GoodRam,NEW,84.69,200,ON-SITE,GOODRAM PX600L 512GB PCIe NVMe gen 4x4 M.2 2280 SSD
SP256GBSS3A55S25,Silicon Power,NEW,37.54,200,ON-SITE,Silicon Power Ace A55 2.5 256 GB Serial ATA III 3D TLC
LNQ790X512G-RNNNG,Lexar,NEW,113.38,190,ON-SITE,Lexar LNQ790 512GB M.2 PCIe NVMe SSD
SSDPR-PX500-128-80-G3,GoodRam,NEW,32.58,183,ON-SITE,SSD GOODRAM PX500 GEN.3 PCIe 3x4 128GB M.2 2280 RET
MZ-VAP1T0BW,Samsung,NEW,217.97,175,ON-SITE,Samsung 9100 PRO PCIe® 5.0 NVMe™ M.2 SSD - 1 TB
S78-440K210-P83,MSI,NEW,90.67,153,ON-SITE,MSI SPATIUM M452 PCIe 4.0 NVMe M.2 500GB PCI Express 4.0 3D NAND
M280CS1030-1TB-RB,PNY Technologies,NEW,130.45,134,ON-SITE,PNY CS1030 1 TB M.2 PCI Express 3.0 NVMe 3D NAND
SSDPR-CX400-512-G2,GoodRam,NEW,69.85,100,ON-SITE,Goodram CX400 gen.2 2.5 512 GB Serial ATA III 3D TLC NAND
SSDPR-CX400-256-G2,GoodRam,NEW,43,100,ON-SITE,Goodram CX400 gen.2 2.5 256 GB Serial ATA III 3D TLC NAND
SSDPR-CX400-128-G2,GoodRam,NEW,22.43,100,ON-SITE,Goodram CX400 gen.2 2.5 128 GB Serial ATA III 3D TLC NAND
SSDPR-CX400-01T-G2,GoodRam,NEW,103.7,100,ON-SITE,Goodram CX400 gen.2 2.5 1024 GB Serial ATA III 3D TLC NAND
SSDPR-PX600-500-80,GoodRam,NEW,86.01,100,ON-SITE,Goodram SSDPR-PX600-500-80 internal solid state drive 500 GB M.2 PCI Express 4.0 NVMe 3D NAND
SSDPR-PX600-1K0-80,GoodRam,NEW,140.45,100,ON-SITE,Goodram SSDPR-PX600-1K0-80 internal solid state drive 1 TB M.2 PCI Express 4.0 NVMe 3D NAND
SSDPR-CX400-02T-G2,GoodRam,NEW,189.96,100,ON-SITE,Goodram CX400 SSDPR-CX400-02T-G2 2 TB 2.5 Serial ATA III 3D NAND
SNV3S/1000G,Kingston,NEW,139.42,100,ON-SITE,Kingston Technology 1000G NV3 M.2 2280 NVMe SSD
ASU650SS-256GT-R,ADATA,NEW,35.93,86,ON-SITE,ADATA Ultimate SU650 2.5 256 GB Serial ATA III 3D NAND
SP256GBSS3A58A25,Silicon Power,NEW,40.18,79,ON-SITE,Silicon Power Ace A58 2.5 256 GB SLC
SDSS51100TAB-000G0,SanDisk,NEW,192.03,77,ON-SITE,SanDisk SDSS51100TAB-000G0 internal solid state drive 1 TB 2.5 Serial ATA III 3D TLC NAND
MZ-V9V1T0BW,Samsung,NEW,177.2,76,ON-SITE,Samsung 990 SSD PCIe 4.0x4 NVMe M.2
M280CS2230-1TB-RB,PNY Technologies,NEW,137.97,70,ON-SITE,PNY CS2230 M.2 1 TB PCI Express 3.0 3D NAND NVMe
WDS500G4G0E-00CPS0,WD,NEW,83.15,69,ON-SITE,Western Digital Green WD ™ SN3000 NVMe™ SSD POWERED BY SANDISK 500 GB
ASU650SS-512GT-R,ADATA,NEW,62.59,68,ON-SITE,ADATA ASU650SS-512GT-R internal solid state drive 2.5 512 GB Serial ATA III 3D NAND
SSDPR-PX500-512-80-G3,GoodRam,NEW,84.7,64,ON-SITE,Goodram PX500 GEN.3 SSDPR-PX500-512-80-G3 internal solid state drive 512 GB M.2 PCI Express 3.0 NVMe 3D NAND
SSD7CS900-1TB-RB,PNY Technologies,NEW,123.02,62,ON-SITE,PNY CS900 1 TB 2.5 Serial ATA III 3D TLC
WDS200T1R0C-68BDK0,WD,NEW,448.96,50,ON-SITE,Western Digital Red WD ™ SN700 NVMe™ POWERED BY SANDISK 2 TB
MZ-V9V2T0BW,Samsung,NEW,322.85,49,ON-SITE,Samsung 990 SSD PCIe 4.0x4 NVMe M.2
SA400S37/960G,Kingston,NEW,117.27,47,ON-SITE,Kingston Technology A400 960 GB 2.5 Serial ATA III TLC
S78-440P130-P83,MSI,NEW,178.9,43,ON-SITE,MSI Spatium S270 SATA 2.5 960GB 2.5 Serial ATA III 3D NAND
P220S256G25,Patriot Memory,NEW,39.55,39,ON-SITE,Patriot Memory P220 256GB 2.5 Serial ATA III
SDSS51200TAB-000G0,SanDisk,NEW,352.72,38,ON-SITE,SanDisk SDSS51200TAB-000G0 internal solid state drive 2 TB 2.5 Serial ATA III 3D TLC NAND
M280CS1030-250-RB,PNY Technologies,NEW,56.44,34,ON-SITE,PNY CS1030 M.2 NVMe 250 GB PCI Express 3.0
SD620-512GCRD,ADATA,NEW,75.8,34,ON-SITE,ADATA SD620 512 GB Red
P300P512GM28,Patriot Memory,NEW,80.68,33,ON-SITE,SSD PATRIOT P300 M.2 PCI-EX4 NVME 512GB
S78-440E350-P83,MSI,NEW,88.59,30,ON-SITE,MSI Spatium S270 SATA 2.5 480GB 2.5 Serial ATA III 3D NAND
MZ-V9S1T0BW,Samsung,NEW,193.25,30,ON-SITE,Samsung MZ-V9S1T0 1 TB M.2 PCI Express 4.0 NVMe V-NAND TLC
MZ-V8V500BW,Samsung,NEW,195.59,30,ON-SITE,Samsung 980 M.2 500 GB PCI Express 3.0 V-NAND NVMe
MZ-V9P1T0BW,Samsung,NEW,196.75,30,ON-SITE,Samsung 990 PRO 1 TB M.2 PCI Express 4.0 NVMe V-NAND MLC
MZ-77E250B/EU,Samsung,NEW,110.16,30,ON-SITE,Samsung 870 EVO 250 GB 2.5 Serial ATA III V-NAND MLC
MZ-77E500B/EU,Samsung,NEW,168.08,30,ON-SITE,Samsung 870 EVO 2.5 500 GB Serial ATA III V-NAND
SSDPR-PX600L-01T-80,GoodRam,NEW,140.71,29,ON-SITE,GOODRAM PX600L 1TB PCIe NVMe gen 4x4 M.2 2280 SSD
LTC10Z960GG8,KIOXIA,NEW,134.22,29,ON-SITE,Kioxia EXCERIA 2.5 960 GB Serial ATA III TLC
P210S128G25,Patriot Memory,NEW,22.91,29,ON-SITE,Patriot Memory P210 2.5 128 GB Serial ATA III
P320P256GM28,Patriot Memory,NEW,53.09,27,ON-SITE,SSD PATRIOT VIPER P320 M.2 PCI-Ex4 NVMe 256GB 2.2GB/S (P320P256GM28)
PBE480GS25SSDR,Patriot Memory,NEW,61.47,26,ON-SITE,Patriot Memory BURST Elite 2.5 2.5 480 GB Serial ATA III
S78-440N070-P83,MSI,NEW,49.69,25,ON-SITE,MSI SPATIUM S270 SATA 2.5 240GB internal solid state drive 2.5 Serial ATA III 3D NAND
VP4300L2TBM28H,Patriot Memory,NEW,266.17,25,ON-SITE,Patriot Memory VP4300 Lite 2 TB M.2 PCI Express 4.0 NVMe (VP4300L2TBM28H)
SP512GBP34A60M28,Silicon Power,NEW,78.76,25,ON-SITE,Silicon Power P34A60 M.2 512 GB PCI Express SLC NVMe
SD620-512GCBL,ADATA,NEW,75.79,24,ON-SITE,ADATA SD620 512 GB Blue
MZ-V9S2T0BW,Samsung,NEW,294.93,24,ON-SITE,Samsung MZ-V9S2T0 2 TB M.2 PCI Express 4.0 NVMe V-NAND TLC
P300P1TBM28,Patriot Memory,NEW,137.19,23,ON-SITE,Patriot Memory P300 M.2 1000 GB PCI Express 3.0 NVMe
P300P256GM28,Patriot Memory,NEW,53.87,23,ON-SITE,PATRIOT P300 M.2 PCI-EX4 NVME 256GB
LNS100-512RB,Lexar,NEW,80.61,23,ON-SITE,Lexar NS100 2.5 512 GB Serial ATA III
SLEG-900-512GCS,ADATA,NEW,93.51,22,ON-SITE,ADATA Legend 900 ColorBox 512GB PCIe gen.4 SSD
SSDPR-PX700-01T-80,GoodRam,NEW,182.14,21,ON-SITE,Goodram PX700 SSD SSDPR-PX700-01T-80 internal solid state drive M.2 1 TB PCI Express 4.0 NVMe 3D NAND
MZ-V9P4T0BW,Samsung,NEW,646.59,20,ON-SITE,Samsung 990 PRO 4 TB M.2 PCI Express 4.0 NVMe V-NAND MLC
LNM790X004T-RNNNG,Lexar,NEW,436.56,20,ON-SITE,Lexar NM790 4 TB M.2 PCI Express 4.0 NVMe
LNM620X256G-RNNNG,Lexar,NEW,65.32,20,ON-SITE,Lexar NM620 256 GB M.2 PCI Express 3.0 NVMe 3D TLC NAND
SP128GBSS3A55M28,Silicon Power,NEW,25.54,20,ON-SITE,Silicon Power SP128GBSS3A55M28 internal solid state drive M.2 128 GB Serial ATA III SLC
AELI-SE880-1TCGY,ADATA,NEW,152.62,19,ON-SITE,ADATA SE880 1 TB Grey
M280CS1030-2TB-RB,PNY Technologies,NEW,303.52,19,ON-SITE,PNY CS1030 2TB M.2 2280 PCI-E x4 Gen3 NVMe SSD
ALEG-710-1TCS,ADATA,NEW,160.12,18,ON-SITE,ADATA LEGEND 710 M.2 1000 GB PCI Express 3.0 3D NAND NVMe
SC740-500G-CBU,ADATA,NEW,86.01,16,ON-SITE,ADATA SC740 500 GB USB Type-C 3.2 Gen 2 (3.1 Gen 2) Black Blue
MZ-77E2T0B/EU,Samsung,NEW,589.83,15,ON-SITE,Samsung 870 EVO 2 TB 2.5 Serial ATA III V-NAND MLC
MZ-V9S4T0BW,Samsung,NEW,568.65,14,ON-SITE,Samsung MZ-V9S4T0 4 TB M.2 PCI Express 4.0 NVMe V-NAND TLC
SD810-500G-CBK,ADATA,NEW,89.22,14,ON-SITE,ADATA SD810 500 GB Black
P320P512GM28,Patriot Memory,NEW,83.9,14,ON-SITE,SSD PATRIOT VIPER P320 M.2 PCI-Ex4 NVMe 512GB 3GB/S (P320P512GM28)
WDS200T5G0A-00CPT0,WD,NEW,275.96,14,ON-SITE,Western Digital Green WD ™ SATA SSD 2 5 /7 mm POWERED BY SANDISK 2 TB
ALEG-960M-1TCS,ADATA,NEW,168.39,13,ON-SITE,ADATA LEGEND 960 MAX M.2 1000 GB PCI Express 4.0 3D NAND NVMe
SP256GBSS3A55S25AY,Silicon Power,NEW,41.96,11,ON-SITE,SSD Silicon Power Ace A5X 256GB 2 5 SATA III
ASU650SS-960GT-R,ADATA,NEW,116.08,11,ON-SITE,ADATA SU650 2.5 960 GB Serial ATA III SLC
P400LP1KGM28H,Patriot Memory,NEW,154.79,10,ON-SITE,SSD Patriot Viper P400 Lite M.2 PCI-Ex4 NVMe 1000GB
SC610-2000G-CBK/RD,ADATA,NEW,277.23,10,ON-SITE,ADATA SC610 USB flash drive 2 TB USB Type-A 3.2 Gen 2 (3.1 Gen 2) Black
SD620-2TCBK,ADATA,NEW,276.46,10,ON-SITE,ADATA SSD DISK SD620 2TB BLACK
P210S1TB25,Patriot Memory,NEW,122.68,10,ON-SITE,Patriot Memory P210 2.5 1000 GB Serial ATA III
SD620-1TCRD,ADATA,NEW,135.45,9,ON-SITE,ADATA SD620 1 TB Red
SD620-1TCBL,ADATA,NEW,135.44,9,ON-SITE,ADATA SD620 1 TB Blue
WDS200T1R0B-68A4Z0,WD,NEW,356.73,8,ON-SITE,Western Digital Red WD ™ SA500 SATA SSD M.2 2280 POWERED BY SANDISK 2 TB
P220S128G25,Patriot Memory,NEW,27.62,7,ON-SITE,Patriot Memory P220 128GB 2.5 Serial ATA III
SP001TBP34A60M28,Silicon Power,NEW,134.19,7,ON-SITE,Silicon Power P34A60 M.2 1000 GB PCI Express SLC NVMe
SLEG-900-2TCS,ADATA,NEW,321.1,7,ON-SITE,ADATA Legend 900 ColorBox 2TB PCIe gen.4 SSD
LNM620X002T-RNNNG,Lexar,NEW,226.92,6,ON-SITE,Lexar NM620 M.2 2 TB PCI Express 4.0 3D TLC NAND NVMe
P400LP2KGM28H,Patriot Memory,NEW,247.73,6,ON-SITE,SSD Patriot Viper P400 Lite M.2 PCI-Ex4 NVMe 2000GB
P220S2TB25,Patriot Memory,NEW,250.4,5,ON-SITE,Patriot Memory P220 2TB 2.5 Serial ATA III
PVP301TB28UDG,Patriot Memory,NEW,154.81,5,ON-SITE,External Portable SSD Patriot Viper PVP30 Duo Compact 1TB 1000MB/s USB A+C 3.2 Gen2 (PVP301TB28UDG)
ASU630SS-960GQ-R,ADATA,NEW,116.07,5,ON-SITE,ADATA ULTIMATE SU630 960 GB 2.5 Serial ATA 3D2 QLC
ALEG-710-512GCS,ADATA,NEW,87.07,5,ON-SITE,ADATA LEGEND 710 M.2 512 GB PCI Express 3.0 3D NAND NVMe
AGAMMIXS70B-2T-CS,ADATA,NEW,310.46,4,ON-SITE,XPG GAMMIX S70 Blade M.2 2000 GB PCI Express 4.0 3D NAND NVMe
ALEG-960M-4TCS,ADATA,NEW,626.22,4,ON-SITE,ADATA LEGEND 960 MAX M.2 4 TB PCI Express 4.0 3D NAND NVMe
SD810-1000G-CBK,ADATA,NEW,155.84,4,ON-SITE,ADATA SD810 1 TB Black
LNQ790X004T-RNNNG,Lexar,NEW,414.72,4,ON-SITE,Lexar NQ790 4 TB M.2 PCI Express 4.0 NVMe 3D NAND
MZ-VAP1T0CW,Samsung,NEW,245.6,4,ON-SITE,Samsung 9100 PRO Heatsink PCIe® 5.0 NVMe™ M.2 SSD - 1 TB
P410P2TBM28H,Patriot Memory,NEW,244.59,4,ON-SITE,SSD Patriot Viper P410 M.2 PCI-Ex4 NVMe 1.4 2TB 5GB/s (P410P2TBM28H)
P410P1TBM28H,Patriot Memory,NEW,154.79,3,ON-SITE,SSD Patriot Viper P410 M.2 PCI-Ex4 NVMe 1.4 1TB 5GB/s (P410P1TBM28H)
PVP30512G28UDG,Patriot Memory,NEW,102.35,3,ON-SITE,External Portable SSD Patriot Viper PVP30 Duo Compact 512GB 1000MB/s USB A+C 3.2 Gen2 (PVP30512G28UDG)
VP4300L4TBM28H,Patriot Memory,NEW,478.6,3,ON-SITE,Patriot Memory VP4300 Lite M.2 4 TB PCI Express 4.0 NVMe (VP4300L4TBM28H)
P220S1TB25,Patriot Memory,NEW,127.92,3,ON-SITE,Patriot Memory P220 1TB 2.5 1000 GB Serial ATA III
SKC600/256G,Kingston,NEW,85.23,3,ON-SITE,Kingston Technology KC600 2.5 256 GB Serial ATA III 3D TLC
ALEG-960-2TCS,ADATA,NEW,338.49,3,ON-SITE,ADATA LEGEND 960 M.2 2 TB PCI Express 4.0 3D NAND NVMe
AELI-SE880-500GCGY,ADATA,NEW,82.78,2,ON-SITE,ADATA SE880 500 GB Wi-Fi Grey
SKC3000D/2048G,Kingston,NEW,308.54,2,ON-SITE,Kingston Technology 2048G KC3000 M.2 2280 NVMe SSD
PV593P2TBM28H,Patriot Memory,NEW,344.88,2,ON-SITE,Patriot Viper PV593 M.2 PCI-E Gen5 x4 NVMe2 2TB 14G
LVE10Z1T02G8,KIOXIA,NEW,243.43,2,ON-SITE,Kioxia Exceria PRO G2 1 TB M.2 PCI Express 5.0 NVMe BiCS FLASH TLC
LVC10Z001TG8,KIOXIA,NEW,201.24,2,ON-SITE,Kioxia Exceria G3 1 TB M.2 PCI Express 5.0 NVMe QLC
VP4300L1TBM28H,Patriot Memory,NEW,158.19,1,ON-SITE,Patriot Memory VP4300 Lite M.2 1 TB PCI Express 4.0 NVMe (VP4300L1TBM28H)
P320P1TBM28,Patriot Memory,NEW,149.92,1,ON-SITE,SSD PATRIOT VIPER P320 M.2 PCI-Ex4 NVMe 1TB 3GB/S (P320P1TBM28)
MZ-VAP2T0BW,Samsung,NEW,385.62,1,ON-SITE,Samsung 9100 PRO PCIe® 5.0 NVMe™ M.2 SSD - 2 TB
MZ-V9E2T0BW,Samsung,NEW,371.15,1,ON-SITE,Samsung 990 EVO 2 TB M.2 PCI Express 4.0 NVMe V-NAND TLC
MZ-77E4T0B/EU,Samsung,NEW,1183.46,1,ON-SITE,Samsung 870 EVO 4 TB 2.5 Serial ATA III V-NAND MLC
S78-440Q940-P83,MSI,NEW,386.8,1,ON-SITE,MSI Spatium M560 PCIE 5.0 NVME M.2 2 TB PCI Express 5.0 3D NAND
SD620-2TCRD,ADATA,NEW,284.99,1,ON-SITE,ADATA SSD DISK SD620 2TB RED
P210S2TB25,Patriot Memory,NEW,257.06,1,ON-SITE,Patriot Memory P210 2.5 2000 GB Serial ATA III
SP002TBSS3A55S25,Silicon Power,NEW,172.94,1,ON-SITE,Silicon Power Ace A55 2.5 2000 GB Serial ATA III 3D NAND
ASU650SS-1TT-R,ADATA,NEW,146.15,1,ON-SITE,ADATA SU650 2.5 1 TB Serial ATA III 3D NAND
Y-3027GY01-EU,UNITEK,NEW,36.17,3,ON-SITE,UNITEK CLONING STATION 2X SATA 2.5 3.5 USBC 10GB
AHD650-1TU31-CBL,ADATA,NEW,91.43,25,ON-SITE,ADATA HD650 external hard drive 1000 GB Blue
AHD710P-1TU31-CBK,ADATA,NEW,93.55,18,ON-SITE,ADATA HD710 Pro external hard drive 1 TB Black
AHD720-1TU31-CBL,ADATA,NEW,89.89,16,ON-SITE,ADATA HD720 external hard drive 1 TB Black Blue
AHV300-1TU31-CRD,ADATA,NEW,89.24,15,ON-SITE,ADATA HV300 external hard drive 1000 GB Red
AHD330-1TU31-CBL,ADATA,NEW,90.32,14,ON-SITE,ADATA HD330 external hard drive 1000 GB Blue
AHD330-1TU31-CRD,ADATA,NEW,90.32,13,ON-SITE,ADATA HD330 external hard drive 1000 GB Red
AHD680-1TU31-CBK,ADATA,NEW,92.47,13,ON-SITE,ADATA HD680 external hard drive 1000 GB Black
AHD330-2TU31-CBK,ADATA,NEW,112.89,12,ON-SITE,ADATA HD330 external hard drive 2000 GB Black
AHD650-2TU31-CBL,ADATA,NEW,112.89,11,ON-SITE,ADATA AHD650-2TU31-CBL external hard drive 2000 GB Red
AHD710P-1TU31-CBL,ADATA,NEW,93.54,10,ON-SITE,ADATA HD710 Pro external hard drive 1 TB Black Blue
SURB-TAP-1000GCCBK,ADATA,NEW,221.82,10,ON-SITE,ADATA URBAN TAPSAFE External SSD 1000 GB
MU-PC1T0T/WW,Samsung,NEW,182.92,10,ON-SITE,Samsung Portable SSD T7 1 TB USB Type-C 3.2 Gen 2 (3.1 Gen 2) Grey
AHD330-2TU31-CRD,ADATA,NEW,112.89,9,ON-SITE,ADATA HD330 external hard drive 2000 GB Red
MU-PC2T0T/WW,Samsung,NEW,303.8,7,ON-SITE,Samsung Portable SSD T7 2 TB USB Type-C 3.2 Gen 2 (3.1 Gen 2) Grey
AHD650-2TU31-CRD,ADATA,NEW,108.59,6,ON-SITE,ADATA AHD650-2TU31-CRD external hard drive 2000 GB Blue
PTPL512GPECB,Patriot Memory,NEW,92.34,6,ON-SITE,Patriot Memory Transporter Lite 512 GB USB Type-C 3.2 Gen 2 (3.1 Gen 2) (PTPL512GPECB) Black
AHV620S-2TU31-CBK,ADATA,NEW,105.36,6,ON-SITE,ADATA AHV620S-2TU31-CBK external hard drive 2000 GB Black
AHD650-2TU31-CBK,ADATA,NEW,106.47,6,ON-SITE,ADATA HD650 external hard drive 2 TB 2.5 USB Type-A 3.2 Gen 1 (3.1 Gen 1) Black
AHD710P-1TU31-CYL,ADATA,NEW,89.25,6,ON-SITE,ADATA HD710 Pro external hard drive 1 TB 2.5 Micro-USB B 3.2 Gen 1 (3.1 Gen 1) Black Yellow
AHV300-1TU31-CBL,ADATA,NEW,88.16,5,ON-SITE,ADATA HDD Ext HV300 1TB Blue external hard drive 1000 GB Black
AHD650-1TU31-CRD,ADATA,NEW,87.14,5,ON-SITE,ADATA DashDrive Durable HD650 external hard drive 1000 GB Red
SURB-TAP-2000GCCBK,ADATA,NEW,400.76,5,ON-SITE,ADATA URBAN TAPSAFE External SSD 2000 GB
SDSSDE70-1T00-G25,SanDisk,NEW,269.71,4,ON-SITE,SanDisk Extreme Portable SSD (V3) 1 TB USB Type-C USB 3.2 Gen 2x2 Red Blue
PTPL2TBPECB,Patriot Memory,NEW,231.12,3,ON-SITE,Patriot Memory Transporter Lite 2 TB USB Type-C 3.2 Gen 2 (3.1 Gen 2) (PTPL2TBPECB) Black
AHD710P-5TU31-CBK,ADATA,NEW,231.08,3,ON-SITE,ADATA HD710 Pro external hard drive 5 TB Black
SDSSDE70-2T00-G25,SanDisk,NEW,467.73,3,ON-SITE,SanDisk Extreme Portable SSD (V3) 2 TB USB Type-C USB 3.2 Gen 2x2 Red Blue
AHD650-1TU31-CBK,ADATA,NEW,88.71,3,ON-SITE,ADATA DashDrive Durable HD650 external hard drive 1000 GB Black
AHD720-2TU31-CBK,ADATA,NEW,112.88,3,ON-SITE,ADATA HD720 external hard drive 2 TB Black
PTPL1TBPECB,Patriot Memory,NEW,152.18,2,ON-SITE,Patriot Memory Transporter Lite 1 TB USB Type-C 3.2 Gen 2 (3.1 Gen 2) (PTPL1TBPECB) Black
4XB1T88410,Lenovo,NEW,148.12,2,ON-SITE,Lenovo 4XB1T88410 external solid state drive 1 TB USB Type-C 3.2 Gen 2 (3.1 Gen 2) Grey
AHD710P-1TU31-CRD,ADATA,NEW,94.62,2,ON-SITE,ADATA HD710 Pro external hard drive 1000 GB Black Red
MU-PC2T0H/WW,Samsung,NEW,282.64,1,ON-SITE,Samsung Portable SSD T7 2 TB USB Type-C 3.2 Gen 2 (3.1 Gen 2) Blue
PTPL4TBPECB,Patriot Memory,NEW,408.83,1,ON-SITE,Patriot Transporter LT 4TB USB3.2 Type-C SSD 1000 M
PTPL1TBPEC,Patriot Memory,NEW,142.96,1,ON-SITE,External Portable SSD PATRIOT MEMORY Transporter Lite 1TB USB3.2 Type-C 1000 MB/S (PTPL1TBPEC) Red
AHD720-2TU31-CBL,ADATA,NEW,112.89,1,ON-SITE,ADATA HD720 external hard drive 2 TB Black Blue
PP11522PS,Paladone,NEW,6.94,6,ON-SITE,Reusable bottle Playstation 500 ml
77060,Medisana,NEW,1.73,60,ON-SITE,Medisana TM 200 digital thermometer with a flexible tip
76120,Medisana,NEW,6.52,35,ON-SITE,Non-contact Infrared Clinical Thermometer Medisana FTN
76121,Medisana,NEW,5.17,3,ON-SITE,Infrared Multifunctional Thermometer Medisana TM 760
ORO-T60 PERFECT,oromed,NEW,18.86,3,ON-SITE,Oromed ORO-T60 PERFECT Remote sensing thermometer Blue White Universal Buttons
198846,CURVER,NEW,35.64,200,ON-SITE,CURVER cat litter box - black
198849,CURVER,NEW,35.5,71,ON-SITE,CURVER - Cat litter box - cream/brown
173390,VILEDA,NEW,2.32,23,ON-SITE,Hair remover roller Vileda PET PRO
FR00248_1000,FRISCHER,NEW,11.27,20,ON-SITE,Frischer Odour Neutraliser and Stain Remover Concentrate 1 litre
CR 2821,Adler,NEW,19.08,17,ON-SITE,Camry CR 2821 Pet hair clipper
102003667,AUTEL,NEW,237.21,24,ON-SITE,Autel EVO Max Series Battery - battery for the EVO Max series drones
SP16H006,HOVERAir,NEW,41.71,16,ON-SITE,HOVERAir Smart Battery - Battery with golden logo for HOVERAir PRO and HOVERAir PROMAX drones
SP18H001,HOVERAir,NEW,88.37,9,ON-SITE,HOVERAir SP18H001 Drone battery Orange
SP28H001,HOVERAir,NEW,46.95,6,ON-SITE,HOVERAir SP28H001 Drone charger Orange
SP88H001,HOVERAir,NEW,17.79,11,ON-SITE,HOVERAir SP88H001 Drone landing pad Orange
SP88H007,HOVERAir,NEW,29.41,4,ON-SITE,HOVERAir SP88H007 Repair kit
SP03H020,HOVERAir,NEW,197.7,14,ON-SITE,HoverAir X1 Drone - Combo Plus Retail - Black
SP06H010,HOVERAir,NEW,547.1,6,ON-SITE,HOVERAir X1 PROMAX Basic Combo (EU) - drone
SP06H072,HOVERAir,NEW,522.14,6,ON-SITE,HOVERAir X1 PRO Ultimate Cycling Kit drone
SP06H009,HOVERAir,NEW,469.98,2,ON-SITE,HOVERAir X1 PRO Basic Combo (EU) - drone
SP08H006,HOVERAir,NEW,815.24,1,ON-SITE,HOVERAir X1 AQUA BASIC COMBO
CP.FP.00000151.05,DJI,NEW,1072.21,1,ON-SITE,DJI Avata 2 Fly More Combo (3 Batteries) 4 rotors Quadcopter 12 MP 3840 x 2880 pixels 2150 mAh Black
SPB6H002,HOVERAir,NEW,39.61,2,ON-SITE,HOVERAir ND filters - Filter set for HOVERAir X1 PRO and HOVERAir PROMAX
102001132,AUTEL,NEW,7.83,19,ON-SITE,Drone propellers Autel EVO Lite Series 2 pcs.
SP93R018,HOVERAir,NEW,164.32,7,ON-SITE,HOVERAir kit (Beacon display + Beacon joysticks)
SP93R004,HOVERAir,NEW,64.47,2,ON-SITE,HOVERAir kit (2 Beacon joysticks)
SP88H004,HOVERAir,NEW,36.01,14,ON-SITE,HOVERAir SP88H004 Carrying bag Black
SP66H002,HOVERAir,NEW,12.53,13,ON-SITE,HOVERAir HandleBar Mount - handlebar mount
SP93R016,HOVERAir,NEW,8.35,10,ON-SITE,HOVERAir Magnetic Clip - clip
SP93R014,HOVERAir,NEW,8.34,7,ON-SITE,HOVERAir Magnetic Adapter Mount - bicycle mount
F-45,BACSCAN,NEW,48.28,38,ON-SITE,BACscan F-45 alcohol tester 0 - 4% Black
PRO NAVY BLUE,oromed,NEW,46.45,25,ON-SITE,Oromed PRO NAVY BLUE alcohol tester
F-55,BACSCAN,NEW,67.57,17,ON-SITE,BACscan F-55 alcohol tester 0.00 - 4.00‰
F-50,BACSCAN,NEW,60.26,16,ON-SITE,BACscan F-50 alcohol tester 0 - 4% Black
X12 PRO BLACK,oromed,NEW,44.36,14,ON-SITE,Oromed X12 PRO BLACK alcohol tester
BACscan F-30,BACSCAN,NEW,46.98,11,ON-SITE,HI-TECH MEDICAL BACSCAN F-30 alcohol tester 0 - 4% 1% Black
F-40,BACSCAN,NEW,54.8,10,ON-SITE,BACscan F-40 alcohol tester 0 - 4% Grey
AlcoAlert Handy,ALCOALERT,NEW,62.61,10,ON-SITE,ALCOALERT handy breathalyzer
AlcoAlert Smart,ALCOALERT,NEW,62.07,9,ON-SITE,AlcoAlert Smart Electrochemical breathalyzer black
AT 3605,Clatronic,NEW,8.65,7,ON-SITE,Clatronic AT 3605 0.2 - 0.5% Black White
I724-400,IBOX,NEW,7.97,3,ON-SITE,IBOX I724-400 car bumper / component Parking sensor
A229 PRO 2CH-G,VIOFO,NEW,194.39,92,ON-SITE,VIOFO A229 Pro 2CH-G GPS - Video recorder
A229 PLUS 2CH-G,VIOFO,NEW,158.17,37,ON-SITE,VIOFO A229 Plus 2CH-G GPS - Video recorder
E1PRO,VANTRUE,NEW,115.04,33,ON-SITE,Vantrue E1 PRO 4k HDR Starvis 2 video recorder
N5 Nexus 5,VANTRUE,NEW,229.53,31,ON-SITE,VANTRUE N5 NEXUS 5 VIDEO RECORDER
A229 PRO 1CH-G GPS,VIOFO,NEW,147.11,24,ON-SITE,VIOFO A229 PRO 1CH-G GPS video recorder
A119 MINI 2-G GPS,VIOFO,NEW,92.89,19,ON-SITE,VIOFO A119 MINI 2-G GPS route recorder
N4 PRO,VANTRUE,NEW,240,18,ON-SITE,VANTRUE N4 PRO VIDEO RECORDER
A329S 3CH GPS,VIOFO,NEW,324.66,14,ON-SITE,VIOFO A329S 3CH GPS video recorder
A229 ULTRA 3CH-G GPS,VIOFO,NEW,249.65,11,ON-SITE,VIOFO A229 ULTRA 3CH-G GPS video recorder
A329T 3CH GPS,VIOFO,NEW,324.66,10,ON-SITE,VIOFO A329T 3CH GPS video recorder
A119-G V3,VIOFO,NEW,91.59,9,ON-SITE,VIOFO A119-G V3 dashcam Black
A229 PRO 3CH-G,VIOFO,NEW,235.82,9,ON-SITE,VIOFO A229 Pro 3CH-G GPS - Video recorder
N5 S,VANTRUE,NEW,269.19,9,ON-SITE,Vantrue N5 S video recorder
A229 PLUS 1CH-G GPS,VIOFO,NEW,124.97,6,ON-SITE,VIOFO A229 PLUS 1CH-G GPS video recorder
A229 PLUS 3CH-G GPS,VIOFO,NEW,194.39,6,ON-SITE,VIOFO A229 PLUS 3CH-G GPS video recorder
N2X,VANTRUE,NEW,155.44,6,ON-SITE,Vantrue N2X LTE video recorder
010-02900-10,Garmin,NEW,190.47,5,ON-SITE,Garmin X110 Full HD Wi-Fi Bluetooth Battery DC Black
N4 PRO S,VANTRUE,NEW,263.45,4,ON-SITE,Vantrue N4 PRO S video recorder
E1 Lite,VANTRUE,NEW,75.16,4,ON-SITE,Vantrue E1 Lite video recorder
A329S 2CH GPS,VIOFO,NEW,277.5,4,ON-SITE,VIOFO A329S 2CH GPS video recorder
A129 Plus Duo-G,VIOFO,NEW,149.79,3,ON-SITE,VIOFO A129-G PLUS DUO dashcam Black
010-02619-10,Garmin,NEW,335.65,3,ON-SITE,Garmin LIVE HD Wi-Fi Battery Black
010-02899-10,Garmin,NEW,130.39,2,ON-SITE,Garmin Mini 3 Full HD DC Black
A119M Pro,VIOFO,NEW,122.07,2,ON-SITE,VIOFO A119M Pro video recorder
A329S 1CH GPS,VIOFO,NEW,241.43,1,ON-SITE,VIOFO A329S 1CH GPS video recorder
GENIUS5EU,NOCO,NEW,63.83,54,ON-SITE,NOCO GENIUS5 5A Battery charger for 6V/12V batteries with maintenance and desulphurisation function
GENIUS10EU,NOCO,NEW,101.17,46,ON-SITE,NOCO GENIUS10 EU 10A Battery charger for 6V/12V batteries with maintenance and desulphurisation function
W14018,WUBER,NEW,22.76,20,ON-SITE,Microprocessor-controlled car battery charger 10 A 6–150 Ah 2–24 V W14018 WUBER
GB40,NOCO,NEW,84.97,179,ON-SITE,NOCO GB40 Boost 12V 1000A Jump Starter starter device with integrated 12V/USB battery
GB20,NOCO,NEW,69.33,83,ON-SITE,NOCO GB20 vehicle jump starter 500 A
GB70,NOCO,NEW,160.94,69,ON-SITE,NOCO GB70 Boost 12V 2000A Jump Starter starter device with integrated 12V/USB battery
GBX55,NOCO,NEW,138.6,63,ON-SITE,NOCO GBX55 vehicle jump starter 1750 A
GBX155,NOCO,NEW,287.68,51,ON-SITE,NOCO GBX155 vehicle jump starter 4250 A
GB50,NOCO,NEW,123.34,44,ON-SITE,NOCO GB50 vehicle jump starter 1500 A
GBX75,NOCO,NEW,200.07,43,ON-SITE,NOCO GBX75 vehicle jump starter 2500 A
GBX45,NOCO,NEW,104.26,23,ON-SITE,NOCO GBX45 vehicle jump starter 1250 A
YT-83081,YATO,NEW,36.51,8,ON-SITE,Car jump starter YATO YT-83081 car power bank 9000 mAh 9000 mAh Black Orange
GB150,NOCO,NEW,230.03,7,ON-SITE,NOCO GB150 Boost 12V 3000A Jump Starter starter device with integrated 12V/USB battery
20928,MINIX,NEW,9.93,48,ON-SITE,MINIX STRANGER THINGS - MIKE
FG9304C,P.M.I. Kids World,NEW,8.6,48,ON-SITE,FUGGLER KEYCHAIN - MEGA FUGG BAG (DISPLAY 12 PCS)
92347,BANDAI,NEW,21.18,47,ON-SITE,GODZILLA ACTION FIGURE - GODZILLA 2003
20959,MINIX,NEW,9.91,47,ON-SITE,MINIX STRANGER THINGS - WILL
DS36769,BANDAI,NEW,16.97,46,ON-SITE,DRAGON BALL DRAGON STARS SUPER SAIYAN VEGETA
DS35868,BANDAI,NEW,16.99,45,ON-SITE,DRAGON BALL DRAGON STARS SUPER SAIYAN BLUE VEGITO
44315,BANDAI,NEW,18.24,44,ON-SITE,TAMAGOTCHI - ECO CELEBRATION EGG
18352,MINIX,NEW,21.2,44,ON-SITE,MINIX 5-PACK 7 CM - REAL MADRYT VER.B
42990,BANDAI,NEW,14.05,43,ON-SITE,TAMAGOTCHI - ANGEL SKY
BRW2070B,P.M.I. Kids World,NEW,12.1,43,ON-SITE,BRAWL STARS S1 FIGURES - 8 PACK DELUXE BOX VER.B
DS36860,BANDAI,NEW,16.95,42,ON-SITE,DRAGON BALL DRAGON STARS VEGETA DB KAI VERSION
42998,BANDAI,NEW,14.06,41,ON-SITE,TAMAGOTCHI - FRESH STRAWBERRY
71187,BLOKEES,NEW,24.23,40,ON-SITE,BLOKEES TRANSFORMERS CLASSIC CLASS 21 - JET WING OPTIMUS PRIME
BRW2280,P.M.I. Kids World,NEW,14.27,40,ON-SITE,BRAWL STARS S2 FIGURES -12 PACK DELUXE BOX
42999,BANDAI,NEW,14.05,37,ON-SITE,TAMAGOTCHI - ANGEL DRESS
CC9013,P.M.I. Kids World,NEW,17.49,37,ON-SITE,CREATURE CASES S1 - MICE SQUAD VAN
43426,BANDAI,NEW,35.13,37,ON-SITE,TAMAGOTCHI PARADISE - FROZEN OCEAN
24889,MINIX,NEW,9.93,36,ON-SITE,MINIX WC LEGENDS BRASIL - ROBERTO CARLOS
22595,MINIX,NEW,9.93,36,ON-SITE,MINIX ARGENTINA - LAUTARO MARTINEZ
24995,MINIX,NEW,9.93,36,ON-SITE,MINIX WC LEGENDS NETHERLANDS - ARJEN ROBBERN
25008,MINIX,NEW,9.93,36,ON-SITE,MINIX WC LEGENDS NETHERLANDS - CLARENCE SEEDORF
25015,MINIX,NEW,9.93,36,ON-SITE,MINIX WC LEGENDS NETHERLANDS - WESLEY SNEIJDER
25688,MINIX,NEW,9.93,36,ON-SITE,MINIX WC LEGENDS ITALY - GIANLUIGI BUFFON
25053,MINIX,NEW,9.93,36,ON-SITE,MINIX WC LEGENDS SPAIN - CARLES PUYOL
12183,MINIX,NEW,9.93,36,ON-SITE,MINIX PSG - ACHRAF HAKIMI
21208,MINIX,NEW,9.93,36,ON-SITE,MINIX STORMTROOPER - STORMTROOPER PSG FAN
12336,MINIX,NEW,9.93,36,ON-SITE,MINIX INTER MEDIOLAN - LAUTARO MARTINEZ
24858,MINIX,NEW,9.93,36,ON-SITE,MINIX WC LEGENDS ARGENTINA - CARLOS TEVEZ
24834,MINIX,NEW,9.93,36,ON-SITE,MINIX WC LEGENDS ARGENTINA - SERGIO AGUERO
24902,MINIX,NEW,9.93,36,ON-SITE,MINIX WC LEGENDS BRASIL - RIVALDO
25022,MINIX,NEW,9.93,36,ON-SITE,MINIX WC LEGENDS NETHERLANDS - EDGAR DAVIDS
24971,MINIX,NEW,9.93,36,ON-SITE,MINIX WC LEGENDS ITALY - ANDREA PIRLO
24964,MINIX,NEW,9.93,36,ON-SITE,MINIX WC LEGENDS ITALY - ALESSANDRO DEL PIERO
22885,MINIX,NEW,9.93,36,ON-SITE,MINIX PORTUGAL - BERNARDO SILVA
22878,MINIX,NEW,9.93,36,ON-SITE,MINIX PORTUGAL - VITINHA
22793,MINIX,NEW,9.93,36,ON-SITE,MINIX SPAIN - NICO WILLIAMS
26036,MINIX,NEW,9.93,36,ON-SITE,MINIX BASIC INSTICT - SHARONE STONE
24926,MINIX,NEW,9.93,36,ON-SITE,MINIX WC LEGENDS FRANCE - FRANCK RIBERRY
12305,MINIX,NEW,9.93,36,ON-SITE,MINIX PSG - MARQUINHOS
BP16651P,BANDAI,NEW,8.6,36,ON-SITE,Q POSKET - HERMIONA GRANGER WITH COOKSHANKS
15085,MINIX,NEW,9.93,36,ON-SITE,MINIX PSG - DEMBELE
18451,MINIX,NEW,9.93,36,ON-SITE,MINIX REAL MADRYT - KYLIAN MBAPPÉ
43416,BANDAI,NEW,19.65,36,ON-SITE,TAMAGOTCHI CONNECTION - PINK GLITTER
22502,MINIX,NEW,9.93,36,ON-SITE,MINIX FRANCE - KYLIAN MBAPPE
20966,MINIX,NEW,9.93,36,ON-SITE,MINIX STRANGER THINGS - LUCAS
24933,MINIX,NEW,9.93,36,ON-SITE,MINIX WC LEGENDS FRANCE - THIERRY HENRY
24872,MINIX,NEW,9.93,36,ON-SITE,MINIX WC LEGENDS BRASIL - RONALDO
25039,MINIX,NEW,9.93,36,ON-SITE,MINIX WC LEGENDS SPAIN - XAVI
25046,MINIX,NEW,9.93,36,ON-SITE,MINIX WC LEGENDS SPAIN - ANDREAS INIESTA
25060,MINIX,NEW,9.93,36,ON-SITE,MINIX WC LEGENDS SPAIN - RAUL
22557,MINIX,NEW,9.93,36,ON-SITE,MINIX FRANCE - DESIRE DOUE
22601,MINIX,NEW,9.93,36,ON-SITE,MINIX ARGENTINA - JULIAN ALVAREZ
22519,MINIX,NEW,9.93,36,ON-SITE,MINIX FRANCE - OUSMANE DEMBELE
24957,MINIX,NEW,9.93,36,ON-SITE,MINIX WC LEGENDS ITALY - FRANCESCO TOTTI
25961,MINIX,NEW,9.93,36,ON-SITE,MINIX WC LEGENDS BRASIL - KAKA
46181,BANDAI,NEW,15.33,36,ON-SITE,TAMAGOTCHI ORIGINAL - PUMPKIN PATCH
46176,BANDAI,NEW,15.33,36,ON-SITE,TAMAGOTCHI ORIGINAL - ANGEL BOUQUET
22618,MINIX,NEW,9.93,36,ON-SITE,MINIX ARGENTINA - ALEXIS MAC ALLISTER
21123,MINIX,NEW,9.93,36,ON-SITE,MINIX JUVENTUS - GLEISON BREMER
21505,MINIX,NEW,9.93,36,ON-SITE,MINIX JUVENTUS - FRANCISCO CONCEICAO
21529,MINIX,NEW,9.93,36,ON-SITE,MINIX JUVENTUS - WESTON McKENNIE
24803,MINIX,NEW,9.93,36,ON-SITE,MINIX QUEEN ELIZABETH - QUEEN ELIZABETH II WITH CORGI
21215,MINIX,NEW,9.93,36,ON-SITE,MINIX PSG - CHWICZA KWARACCHELIA
24841,MINIX,NEW,9.93,36,ON-SITE,MINIX WC LEGENDS ARGENTINA - HERNAN CRESPO
22540,MINIX,NEW,9.93,36,ON-SITE,MINIX FRANCE - BRADLEY BARCOLA
21598,MINIX,NEW,9.93,36,ON-SITE,MINIX - MUHAMMAD ALI
20973,MINIX,NEW,9.93,36,ON-SITE,MINIX UNIVERSAL SOLDIER - ANDREW SCOTT
22779,MINIX,NEW,9.93,36,ON-SITE,MINIX NETHERLANDS - MEMPHIS DEPAY
20843,MINIX,NEW,9.93,36,ON-SITE,MINIX RICK AND MORTY - RICK
15337,MINIX,NEW,9.93,36,ON-SITE,MINIX - WINSTON CHURCHILL
22724,MINIX,NEW,9.93,36,ON-SITE,MINIX NETHERLANDS - FRANKIE DE JONG
22762,MINIX,NEW,9.93,36,ON-SITE,MINIX NETHERLANDS - DENZEL DUMFRIES
23806,MINIX,NEW,9.93,36,ON-SITE,MINIX CROATIA - MATEO KOVACIC
21574,MINIX,NEW,9.93,36,ON-SITE,MINIX LIVERPOOL - DOMINIK SHOBOSZLAI
23790,MINIX,NEW,9.93,36,ON-SITE,MINIX CROATIA - JOSKO GWARDIOL
23813,MINIX,NEW,9.94,36,ON-SITE,MINIX CROATIA - ANDREJ KRAMARIC
24919,MINIX,NEW,9.93,36,ON-SITE,MINIX WC LEGENDS FRANCE - JOURI DJORKAEF
24865,MINIX,NEW,9.93,36,ON-SITE,MINIX WC LEGENDS ARGENTINA - JUAN SEBASTIAN VERON
22588,MINIX,NEW,9.93,36,ON-SITE,MINIX ARGENTINA - FRANCO MASTANTUONO
26180,MINIX,NEW,9.93,36,ON-SITE,MINIX SPAIN - MIKEL MERINO
20720,MINIX,NEW,9.93,36,ON-SITE,MINIX DC - PENGUIN
22731,MINIX,NEW,9.93,36,ON-SITE,MINIX NETHERLANDS - CODY GAKPO
22526,MINIX,NEW,9.88,36,ON-SITE,MINIX FRANCE - AURELIEN TCHOUAMENI
22625,MINIX,NEW,9.93,36,ON-SITE,MINIX ARGENTINA - ENZO FERNANDEZ
24988,MINIX,NEW,9.93,36,ON-SITE,MINIX WC LEGENDS ITALY - ROBERTO BAGGIO
20850,MINIX,NEW,9.93,36,ON-SITE,MINIX RICK AND MORTY - MORTY
25695,MINIX,NEW,9.93,36,ON-SITE,MINIX WWE - LOGAN PAUL
24940,MINIX,NEW,9.93,36,ON-SITE,MINIX WC LEGENDS FRANCE - FABIEN BARTHEZ
46174,BANDAI,NEW,15.33,35,ON-SITE,TAMAGOTCHI ORIGINAL - TAMA YUMMY
24896,MINIX,NEW,9.93,35,ON-SITE,MINIX WC LEGENDS BRASIL - RONALDINHO
38568,BANDAI,NEW,21.4,35,ON-SITE,DRAGON BALL LIMIT BREAKER SPARKING - SS ROSE GOKU BLACK
21024,MINIX,NEW,9.93,35,ON-SITE,MINIX F1 RED BULL - MAX VERSTAPPEN 4th WORLD CHAMPION
20867,MINIX,NEW,9.93,35,ON-SITE,MINIX - MICHAEL JACKSON BAD
3810,BANDAI,NEW,16.98,35,ON-SITE,ANIME HEROES ONE PIECE - DRACULE MIHAWK
20911,MINIX,NEW,9.91,34,ON-SITE,MINIX STRANGER THINGS - ELEVEN
TAM42975GT,BANDAI,NEW,15.33,34,ON-SITE,TAMAGOTCHI - SWEET HEART
18864,MINIX,NEW,9.93,33,ON-SITE,MINIX RAMBO - JOHN RAMBO FIRST BLOOD
42991,BANDAI,NEW,14.05,32,ON-SITE,TAMAGOTCHI - TAMA SMILE
BRW2070C,P.M.I. Kids World,NEW,12.1,32,ON-SITE,BRAWL STARS S1 FIGURES - 8 PACK DELUXE BOX VER.C
71422,BLOKEES,NEW,14.33,31,ON-SITE,BLOKEES TRANSFORMERS CLASSIC CLASS 22 - MEGATRON
36283,BANDAI,NEW,12.35,30,ON-SITE,DRAGON BALL SUPER EVOLVE - SON GOKU
36285,BANDAI,NEW,12.51,30,ON-SITE,DRAGON BALL SUPER EVOLVE - SUPER SAIYAN 3 SON GOKU
DS36894,BANDAI,NEW,18.51,30,ON-SITE,DRAGON BALL DRAGON STARS BEERUS V2
DS35999,BANDAI,NEW,18.51,30,ON-SITE,DRAGON BALL DRAGON STARS GOKU BLACK
DS40720,BANDAI,NEW,18.5,30,ON-SITE,DRAGON BALL DRAGON STARS GOKU (DBS SH VER.)
37606,BANDAI,NEW,12.36,30,ON-SITE,DRAGON BALL SUPER EVOLVE - ROSE GOKU BLACK
46175,BANDAI,NEW,15.34,30,ON-SITE,TAMAGOTCHI ORIGINAL - COLLEGE SWEATER
44029,BANDAI,NEW,21.44,30,ON-SITE,TAMAGOTCHI CONNECTION - BLUE BUTTERFLIES
44031,BANDAI,NEW,21.44,30,ON-SITE,TAMAGOTCHI CONNECTION - TAMAGOTCHI PIXEL
DS40740,BANDAI,NEW,18.51,30,ON-SITE,DRAGON BALL DRAGON STARS - TRUNKS
38772,BANDAI,NEW,19.13,30,ON-SITE,DRAGON BALL JUMBO - SS BLUE GOKU
37608,BANDAI,NEW,12.36,30,ON-SITE,DRAGON BALL SUPER EVOLVE - FIREZA 4TH FORM
UL91034,BANDAI,NEW,12.36,30,ON-SITE,ULTIMATE LEGENDS ONE PIECE - TONY TONY CHOPPER
PP10061SWV2,Paladone,NEW,3.24,30,ON-SITE,Paladone Darth Vader Lightsaber Metal Water Bottle Daily usage 500 ml Stainless steel Black Silver
DS35993,BANDAI,NEW,18.32,30,ON-SITE,DRAGON BALL DRAGON STARS GOLDEN FREIZA
DS40738,BANDAI,NEW,18.51,30,ON-SITE,DRAGON BALL DRAGON STARS - VEGETA SSJ 3 (DAIMA VER.)
AH37055,BANDAI,NEW,16.98,30,ON-SITE,ANIME HEROES ONE PIECE - CROCODILE
37056,BANDAI,NEW,16.98,30,ON-SITE,ANIME HEROES ONE PIECE - MONKEY D. LUFFY EAST BLUE
37057,BANDAI,NEW,16.98,30,ON-SITE,ANIME HEROES ONE PIECE - NAMI
92350,BANDAI,NEW,21.19,30,ON-SITE,GODZILLA ACTION FIGURE - KING GIDORAH 1991
3811,BANDAI,NEW,16.98,29,ON-SITE,ANIME HEROES ONE PIECE - MONKEY D. LUFFY GEAR 5
TAM42923,BANDAI,NEW,15.33,29,ON-SITE,TAMAGOTCHI - LIGHTNING
44030,BANDAI,NEW,21.45,29,ON-SITE,TAMAGOTCHI CONNECTION - RETRO POP
DS36893,BANDAI,NEW,18.51,29,ON-SITE,DRAGON BALL DRAGON STARS FRIEZA FINAL FORM
92343,BANDAI,NEW,23.09,28,ON-SITE,GODZILLA ACTION FIGURE - GODZILLA 2023 (MINUS ONE)
92348,BANDAI,NEW,23.09,28,ON-SITE,GODZILLA ACTION FIGURE - MECHA GODZILLA 2003
36735Q4,BANDAI,NEW,15.64,28,ON-SITE,DRAGON BALL LIMIT BREAKER - SUPER SAIYAN GOKU
36736Q4,BANDAI,NEW,15.64,28,ON-SITE,DRAGON BALL LIMIT BREAKER - SUPER SAIYAN VEGETA
36738Q4,BANDAI,NEW,15.64,28,ON-SITE,DRAGON BALL LIMIT BREAKER - JIREN
36740Q4,BANDAI,NEW,15.64,28,ON-SITE,DRAGON BALL LIMIT BREAKER - GOKU BLACK
40903Q4,BANDAI,NEW,15.64,28,ON-SITE,DRAGON BALL LIMIT BREAKER - SUPER SAIYAN 4 GOKU
40905Q4,BANDAI,NEW,15.64,28,ON-SITE,DRAGON BALL LIMIT BREAKER - SUPER SAIYAN 3 VEGETA
40906Q4,BANDAI,NEW,15.64,28,ON-SITE,DRAGON BALL LIMIT BREAKER - SUPER SAIYAN GOHAN
36745Q4,BANDAI,NEW,15.64,28,ON-SITE,DRAGON BALL LIMIT BREAKER - SUPER SAIYAN BLUE GOGETA
36748Q4,BANDAI,NEW,15.64,28,ON-SITE,DRAGON BALL LIMIT BREAKER - SUPER SAIYAN BLUE VEGITO
36749Q4,BANDAI,NEW,15.64,28,ON-SITE,DRAGON BALL LIMIT BREAKER - ULTRA INSTINCT GOKU
AH38332,BANDAI,NEW,14.38,28,ON-SITE,ANIME HEROES ONE PIECE MEGA - RORONOA ZORO
20546,MINIX,NEW,5.79,28,ON-SITE,MINIX WWE - REY MISTERIO
74814,BLOKEES,NEW,3.59,28,ON-SITE,BLOKEES SESAME STREET FIGURES preCOOL S2 - ABBY
47021,BANDAI,NEW,16.86,27,ON-SITE,TAMAGOTCHI ORIGINAL WITH CASE - YELLOW
43425,BANDAI,NEW,35.11,27,ON-SITE,TAMAGOTCHI PARADISE - TROPICAL ISLAND
11605,MINIX,NEW,5.79,27,ON-SITE,MINIX NIEMCY - TONI KROOS
3296580367801,BANDAI,NEW,16.98,27,ON-SITE,DRAGON BALL DRAGON STARS SUPER SAIYAN BLUE GOKU V2
16105,MINIX,NEW,6.22,27,ON-SITE,MINIX - LEONARDO DA VINCCI
BP35894P,BANDAI,NEW,8.6,26,ON-SITE,Q POSKET - HARRY POTTER II VER. A
CC3012,P.M.I. Kids World,NEW,4.97,26,ON-SITE,CREATURE CASES S1 ACTION AGENTS 7 5 CM - 2 PACK (ASSORTMENT)
UFC9000,P.M.I. Kids World,NEW,6.17,26,ON-SITE,UFC OCTAGON FIGHTERS S1 - PUNCHING BAG CAPSULE (12 PCS CDU)
18413,MINIX,NEW,5.79,26,ON-SITE,MINIX REAL MADRYT - DANI CARVAJAL
46178,BANDAI,NEW,14.07,26,ON-SITE,TAMAGOTCHI ORIGINAL - TAMA COLLAGE
43424,BANDAI,NEW,35.12,26,ON-SITE,TAMAGOTCHI PARADISE - JADE FOREST
44023,BANDAI,NEW,19.65,25,ON-SITE,TAMAGOTCHI CONNECTION - SOAPY BUBBLES
10400,MINIX,NEW,4.91,25,ON-SITE,MINIX PSG - GIANLUIGI DONNARUMA
74836,BLOKEES,NEW,3.59,25,ON-SITE,BLOKEES MINIONS preCOOL S1 - OTTO THE FRUIT HANDLER
74838,BLOKEES,NEW,3.58,24,ON-SITE,BLOKEES MINIONS preCOOL S1 - KEVIN THE JELLY TASTER
73920,BLOKEES,NEW,24.11,24,ON-SITE,Blokees Marvel Infinity Saga
75801,BLOKEES,NEW,17.12,24,ON-SITE,Blokees Star Wars: Darth Vader
71185,BLOKEES,NEW,11.53,24,ON-SITE,Blokees Transformers
71177,BLOKEES,NEW,11.53,24,ON-SITE,BLOKEES TRANSFORMERS ONE CLASSIC CLASS 16 - STARSCREAM
71184,BLOKEES,NEW,11.53,24,ON-SITE,Blokees Transformers
71425,BLOKEES,NEW,14.33,24,ON-SITE,BLOKEES TRANSFORMERS CLASSIC CLASS 25 - BLITZWING
71183,BLOKEES,NEW,11.53,24,ON-SITE,Blokees Transformers
GUN65618,GUNPLA,NEW,5.05,24,ON-SITE,SDEX WING GUNDAM ZERO EW
73533,BLOKEES,NEW,35.34,24,ON-SITE,Blokees Fantastics Series Hatsune Miku
MC2221,P.M.I. Kids World,NEW,5.73,24,ON-SITE,MINECRAFT S2 FIGURES - 3 PACK (ASSORTMENT)
MC2215,P.M.I. Kids World,NEW,4.3,24,ON-SITE,MINECRAFT S2 FIGURES - 2 PACK (ASSORTMENT)
SG6310MB,P.M.I. Kids World,NEW,5.77,24,ON-SITE,STUMBLE GUYS S3 MYTHIC EDITION ACTION FIGURE - TOXIC BOXER
SG6310MD,P.M.I. Kids World,NEW,5.77,24,ON-SITE,STUMBLE GUYS S3 MYTHIC EDITION ACTION FIGURE - DARKPEEL PRIME
FG6215B,P.M.I. Kids World,NEW,5.1,24,ON-SITE,FUGGLER S2 SWAP & STYLE FIGURES - 2 PACK (LEONARDO & MICHELANGELO)
FG6215A,P.M.I. Kids World,NEW,5.1,24,ON-SITE,FUGGLER S2 SWAP & STYLE FIGURES - 2 PACK (RAPHAEL & DONATELLO)
SG6310MC,P.M.I. Kids World,NEW,5.77,24,ON-SITE,STUMBLE GUYS S3 MYTHIC EDITION ACTION FIGURE - NEGATON SMASHGLOVES
SG6310MA,P.M.I. Kids World,NEW,5.78,24,ON-SITE,STUMBLE GUYS S3 MYTHIC EDITION ACTION FIGURE - METAL MR. STUMBLE
SR2500423,PYRAMID,NEW,3.96,24,ON-SITE,PY LILO & STITCH (CORE BLUE) MINI FILLED BACKPACK KEYCHAIN
811372,TEKNOFUN,NEW,28.77,24,ON-SITE,TEKNOFUN Pikachu baby night-light Freestanding Yellow LED
811425,TEKNOFUN,NEW,8.5,24,ON-SITE,TF POKEMON LIGHT-UP FIGURE WITH HANDSTRAP - BULBASAUR 7 CM
811422,TEKNOFUN,NEW,8.51,24,ON-SITE,TF POKEMON LIGHT-UP FIGURE WITH HANDSTRAP - SNORLAX 9 CM
20935,MINIX,NEW,9.91,24,ON-SITE,MINIX STRANGER THINGS - DUSTIN
23653,MINIX,NEW,21.2,24,ON-SITE,MINIX MINI 5-PACK 7 CM - FRANCE
BP28982,BANDAI,NEW,48.04,24,ON-SITE,BANPRESTO EVENT EXCLUSIVE GRANDISTA ONE PIECE - MONKEY. D. LUFFY METALLIC COLOR.
3296580409037,BANDAI,NEW,14.02,24,ON-SITE,DRAGON BALL LIMIT BREAKER - SUPER SAIYAN 4 GOKU (DAIMA VER.)
BP18728P,BANDAI,NEW,8.59,24,ON-SITE,BP Q POSKET - JUJUTSU KAISEN - SAKUNA VER.B
BP18719P,BANDAI,NEW,8.59,24,ON-SITE,BP Q POSKET - DEMON SLAYER - SABITO VER.A
UL91031,BANDAI,NEW,12.36,24,ON-SITE,ULTIMATE LEGENDS ONE PIECE - MONKEY D. LUFFY
UL91032,BANDAI,NEW,11.32,24,ON-SITE,ULTIMATE LEGENDS ONE PIECE - RORONOA ZORO
NT90997,BANDAI,NEW,16.82,24,ON-SITE,TAMAGOTCHI NANO - JURASSIC WORLD SPINOSAURUS
71167,BLOKEES,NEW,26.42,24,ON-SITE,Blokees Transformers
75671,BLOKEES,NEW,14.33,24,ON-SITE,Blokees DC Superman 2025
71176,BLOKEES,NEW,11.58,24,ON-SITE,BLOKEES TRANSFORMERS ONE CLASSIC CLASS 15 - B-127
PP14430OPNF,Paladone,NEW,8.52,24,ON-SITE,Paladone PP14430OPNF table lamp Multicolour
PP13694HK,Paladone,NEW,17.1,24,ON-SITE,PP HELLO KITTY - HELLO KITTY SQUISHYGLO
PP14396KUR,Paladone,NEW,15.76,24,ON-SITE,PP KUROMI GLOBUDDIES LIGHT
PP15398KUR,Paladone,NEW,17.02,24,ON-SITE,PP KUROMI - KUROMI SQUISHYGLO
PP9652LS,Paladone,NEW,15.74,24,ON-SITE,Paladone PP9652LS night-light Ambiance lighting
PP11360LSV2,Paladone,NEW,8.53,24,ON-SITE,PP LILO AND STITCH - STITCH ICON LIGHT
PP13064LS,Paladone,NEW,5.07,24,ON-SITE,PP LILO AND STITCH - COASTERS
61054,BANDAI,NEW,9.93,24,ON-SITE,BLOCKROSS GUNDAM - KNIGHT GUNDAM
61056,BANDAI,NEW,9.93,24,ON-SITE,BLOCKROSS GUNDAM - INFINITE JUSTICE GUNDAM
61057,BANDAI,NEW,9.93,24,ON-SITE,BLOCKROSS GUNDAM - MIGHTY STRIKE FREEDOM
61058,BANDAI,NEW,9.95,24,ON-SITE,BLOCKROSS GUNDAM - RX-78-2 GUNDAM
61052,BANDAI,NEW,9.93,24,ON-SITE,BLOCKROSS GUNDAM - AERIAL
61051,BANDAI,NEW,9.93,24,ON-SITE,BLOCKROSS GUNDAM - UNICORN DESTROY MODE
61053,BANDAI,NEW,9.93,24,ON-SITE,BLOCKROSS GUNDAM - GQuuuuuuX
61055,BANDAI,NEW,9.93,24,ON-SITE,BLOCKROSS GUNDAM - MUSHA GUNDAM
23646,MINIX,NEW,21.2,24,ON-SITE,MINIX 5-PACK 7 CM - SPAIN
60001,BANDAI,NEW,1.64,24,ON-SITE,HYPER YOYO ACCEL - DRAGONIC RED
20034,MINIX,NEW,21.22,24,ON-SITE,MINIX 5-PACK 7 CM - FC BARCELONA V2
811380,TEKNOFUN,NEW,25.65,24,ON-SITE,TF POKEMON LIGHT-UP ALARM CLOCK & PIKACHU 9CM
18970,MINIX,NEW,5.79,23,ON-SITE,MINIX LIVERPOOL - ALEXIS MAC ALLISTER
46180,BANDAI,NEW,14.06,23,ON-SITE,TAMAGOTCHI ORIGINAL - ANGEL CAROUSEL
PP11393MCF,Paladone,NEW,3.19,23,ON-SITE,Paladone PP11393MCF drinking bottle Daily usage 500 ml Green Black
PP14470HK,Paladone,NEW,8.65,23,ON-SITE,PP HELLO KITTY STREAMING SNACK BOWL
BP18725P,BANDAI,NEW,8.42,23,ON-SITE,BP Q POSKET - JUJUTSU KAISEN - MEGIMI VOL.1
MK72000,BANDAI,NEW,21.35,23,ON-SITE,HGGQ 1/144 GQuuuuuuX (ENDYMION UNIT AWAKENED)
16143,MINIX,NEW,6.24,23,ON-SITE,MINIX LORD OF THE RINGS - FRODO BAGGINS
71423,BLOKEES,NEW,14.33,23,ON-SITE,Blokees Transformers
74835,BLOKEES,NEW,3.59,23,ON-SITE,BLOKEES MINIONS preCOOL S1 - BOB THE FRUIT KEEPER
71424,BLOKEES,NEW,14.33,22,ON-SITE,BLOKEES TRANSFORMERS CLASSIC CLASS 24 - SENTINEL PRIME
14309,MINIX,NEW,5.79,22,ON-SITE,MINIX MANCHESTER CITY - KEVIN DE BRUYNE
811370,TEKNOFUN,NEW,21.21,22,ON-SITE,TEKNOFUN Pokémon Eevee Light-up 3D figure Alarm Clock
CC9010,P.M.I. Kids World,NEW,8.78,22,ON-SITE,CREATURE CASES S1 CLADE CYCLE - LAND
43421,BANDAI,NEW,35.12,22,ON-SITE,Bandai Tamagotchi Paradise pink land
20461,MINIX,NEW,5.79,22,ON-SITE,MINIX - ELTON JOHN GOLD SUIT
MC4060B,P.M.I. Kids World,NEW,7.1,22,ON-SITE,MINECRAFT 3D ERASERS - 6 PACK DELUXE BOX VER.B
FG2080D,P.M.I. Kids World,NEW,17.55,21,ON-SITE,FUGGLER S1 COLLECTIBLE FIGURES 12 PACK DELUXE BOX D
18420,MINIX,NEW,5.79,21,ON-SITE,MINIX REAL MADRYT - FEDERICO VALVERDE
74841,BLOKEES,NEW,3.59,21,ON-SITE,BLOKEES SESAME STREET FIGURES preCOOL S1 - ERNIE
PP11522PS,Paladone,NEW,1.63,21,ON-SITE,PP PLAYSTATION SHAPED WATER BOTTLE
DS40723,BANDAI,NEW,16.99,21,ON-SITE,DRAGON BALL DRAGON STARS VEGETA (DBS SH)
811359,TEKNOFUN,NEW,21.22,21,ON-SITE,TEKNOFUN 811359 alarm clock Digital alarm clock Red White Yellow
16167,MINIX,NEW,5.8,21,ON-SITE,MINIX HARRY POTTER - RON WEASLEY
81119,BLOKEES,NEW,17.24,21,ON-SITE,Blokees Marvel Infinity Saga
73513,BLOKEES,NEW,26.37,21,ON-SITE,BLOKEES EVANGELION ACTION EDITION - EVANGELION PROTO TYPE 00'
74842,BLOKEES,NEW,3.59,21,ON-SITE,BLOKEES SESAME STREET FIGURES preCOOL S1 - BERT
73530,BLOKEES,NEW,25.55,21,ON-SITE,BLOKEES HATSUNE MIKU FANTASTIC EDITION - HATSUNE MIKU VIVID ECHOES
14293,MINIX,NEW,5.78,20,ON-SITE,MINIX MANCHESTER CITY - PEP GUARDIOLA
42987,BANDAI,NEW,14.05,20,ON-SITE,TAMAGOTCHI - PRETTY PARTY
60002,BANDAI,NEW,1.64,20,ON-SITE,HYPER YOYO ACCEL - GAMING BLACK
60003,BANDAI,NEW,1.64,20,ON-SITE,HYPER YOYO ACCEL - HEROIC BLUE
60004,BANDAI,NEW,1.64,20,ON-SITE,HYPER YOYO ACCEL - HIP-HOP YELLOW
60005,BANDAI,NEW,1.64,20,ON-SITE,HYPER YOYO ACCEL - COSMO PURPLE
60006,BANDAI,NEW,1.64,20,ON-SITE,HYPER YOYO ACCEL - PUNKISH GREEN
20492,MINIX,NEW,5.79,20,ON-SITE,MINIX WWE - THE ROCK
74844,BLOKEES,NEW,3.86,19,ON-SITE,BLOKEES SESAME STREET FIGURES preCOOL S1 - COUNT VON COUNT
74813,BLOKEES,NEW,3.59,19,ON-SITE,BLOKEES SESAME STREET FIGURES preCOOL S2 - BIG BIRD
BP18540P,BANDAI,NEW,8.63,19,ON-SITE,BP Q POSKET - JUJUTSU KAISEN - SATORU GOJO VER.B
43423,BANDAI,NEW,35.13,19,ON-SITE,TAMAGOTCHI PARADISE - SKY
11056,MINIX,NEW,5.78,19,ON-SITE,MINIX ARSENAL - GABRIEL JESUS
16150,MINIX,NEW,5.8,19,ON-SITE,MINIX HARRY POTTER - HARRY POTTER
74837,BLOKEES,NEW,3.59,19,ON-SITE,BLOKEES MINIONS preCOOL S1 - STUART THE JELLY MAKER
CC9012,P.M.I. Kids World,NEW,8.78,19,ON-SITE,CREATURE CASES S1 CLADE CYCLE - SNOW
GUN67438,BANDAI,NEW,18.64,18,ON-SITE,30MM ACVI FIRES OF RUBICON - ORBITER
74843,BLOKEES,NEW,3.86,18,ON-SITE,BLOKEES SESAME STREET FIGURES preCOOL S1 - OSCAR
FG2080C,P.M.I. Kids World,NEW,16.29,18,ON-SITE,FUGGLER S1 COLLECTIBLE FIGURES 12 PACK DELUXE BOX C
92349,BANDAI,NEW,21.19,17,ON-SITE,GODZILLA ACTION FIGURE - BURNING GODZILLA GLOW
15160,MINIX,NEW,9.91,17,ON-SITE,MINIX FC BARCELONA - LAMINE YAMAL
14071,MINIX,NEW,3.02,17,ON-SITE,MINIX DETECTIVE CONAN - SHINCHI KUDO
20409,MINIX,NEW,5.79,17,ON-SITE,MINIX HARRY POTTER - DUMBLEDORE
42992,BANDAI,NEW,14.05,17,ON-SITE,TAMAGOTCHI - PINK TREASURE JEWEL
43406,BANDAI,NEW,19.65,17,ON-SITE,TAMAGOTCHI CONNECTION - ORANGE BURST
47022,BANDAI,NEW,16.86,15,ON-SITE,TAMAGOTCHI ORIGINAL WITH CASE - PINK
18543,MINIX,NEW,5.81,15,ON-SITE,MINIX - ELTON JOHN
UFC2009,P.M.I. Kids World,NEW,4,15,ON-SITE,UFC OCTAGON FIGHTERS S1 - SPEED BAG CAPSULE (18 PCS CDU)
DS40721,BANDAI,NEW,18.52,14,ON-SITE,DRAGON BALL DRAGON STARS PICCOLO (DBS SH VER.)
PP14880MCF,Paladone,NEW,8.05,13,ON-SITE,PP MINECRAFT CREEPER STREAMING SNACK BOWL
18932,MINIX,NEW,4.92,13,ON-SITE,MINIX COBRA KAI - JOHNY LAWRENCE
71173,BLOKEES,NEW,26.26,13,ON-SITE,Blokees Transformers
NSH2060A,P.M.I. Kids World,NEW,9.28,13,ON-SITE,NARUTO SHIPPUDEN FIGURES - 6 PACK DELUXE EDITION VER. A
CC3014,P.M.I. Kids World,NEW,9.24,12,ON-SITE,CREATURE CASES S1 ACTION AGENTS 7 5 CM - 4 PACK
13159,MINIX,NEW,9.93,12,ON-SITE,MINIX MARADONA - NAPOLI
FG2260,P.M.I. Kids World,NEW,9.54,12,ON-SITE,FUGGLER S2 FIGURES - 6 PACK DELUXE BOX (ASSORTMENT)
PP13519LSV3ID,Paladone,NEW,13.53,12,ON-SITE,PP LILO AND STITCH - ANGEL GLOBUDDIES LIGHT
71156,BLOKEES,NEW,26.24,11,ON-SITE,Blokees Transformers
18109,MINIX,NEW,4.92,11,ON-SITE,MINIX PELE - ESCAPE TO VICTORY
BRW2270A,P.M.I. Kids World,NEW,11.4,11,ON-SITE,BRAWL STARS S2 FIGURES -8 PACK DELUXE BOX VER.A
NSH2060B,P.M.I. Kids World,NEW,9.59,11,ON-SITE,NARUTO SHIPPUDEN FIGURES - 6 PACK DELUXE EDITION VER. B
21185,MINIX,NEW,3.04,10,ON-SITE,MINIX BIG BANG THEORY - LEONARD
BP18824P,BANDAI,NEW,8.59,10,ON-SITE,BP Q POSKET - NARUTO - HATAKE KAKASHI VER.A
CC9014,P.M.I. Kids World,NEW,37.02,9,ON-SITE,CREATURE CASES S1 - R.O.N. JET PLAYSET
37222,BANDAI,NEW,4.64,9,ON-SITE,DRAGON BALL FLASH - GOKU
74812,BLOKEES,NEW,3.86,9,ON-SITE,BLOKEES SESAME STREET FIGURES preCOOL S2 - COOKIE MONSTER
DS35866,BANDAI,NEW,16.98,7,ON-SITE,DRAGON BALL DRAGON STARS SS ROSE GOKU BLACK
20041,MINIX,NEW,5.79,7,ON-SITE,MINIX - TINA TURNER
CC6010A,P.M.I. Kids World,NEW,7.44,7,ON-SITE,CREATURE CASES S1 CLADE AGENT ACTION FIGURE - SAM SNOW
14194,MINIX,NEW,5.29,7,ON-SITE,MINIX TOTTENHAM - SON HUENG-MIN
MK68682,GUNPLA,NEW,18.56,7,ON-SITE,HGGQ 1/144 GFreD
73512,BLOKEES,NEW,26.03,7,ON-SITE,BLOKEES EVANGELION ACTION EDITION - EVANGELION PRODUCTION MODEL 02
22489,MINIX,NEW,6.22,7,ON-SITE,MINIX STRANGER THINGS - MAX
CC6010B,P.M.I. Kids World,NEW,6.9,6,ON-SITE,CREATURE CASES S1 CLADE AGENT ACTION FIGURE - KIT CASEY
FG2080B,P.M.I. Kids World,NEW,16.29,6,ON-SITE,FUGGLER S1 COLLECTIBLE FIGURES 12 PACK DELUXE BOX B
CC9011,P.M.I. Kids World,NEW,7.71,5,ON-SITE,CREATURE CASES S1 CLADE CYCLE - SWAMP
NSH2080B,P.M.I. Kids World,NEW,14.81,5,ON-SITE,NARUTO SHIPPUDEN FIGURES -12 PACK DELUXE EDITION VER. B
MC4021C,P.M.I. Kids World,NEW,3.59,5,ON-SITE,MINECRAFT 3D ERASERS - 3 PACK VER.C
DS36774,BANDAI,NEW,18.52,5,ON-SITE,DRAGON BALL DRAGON STARS GOKU
92324,BANDAI,NEW,11.26,5,ON-SITE,GODZILLA EGG MONSTER - MECHA GODZILLA
PP10506LS,Paladone,NEW,8.04,5,ON-SITE,Paladone Stitch Shaped Mug cup Blue Universal 1 pc(s)
10998,MINIX,NEW,9.93,5,ON-SITE,MINIX PSG - KYLIAN MBAPPE
14088,MINIX,NEW,3.02,4,ON-SITE,MINIX DETECTIVE CONAN - RAN MORI
GUN66692,BANDAI,NEW,21.47,4,ON-SITE,HGCE 1/144 INFINITE JUSTICE GUNDAM TYPE II
74811,BLOKEES,NEW,3.59,4,ON-SITE,BLOKEES SESAME STREET FIGURES preCOOL S2 - ELMO
37226,BANDAI,NEW,4.64,4,ON-SITE,DRAGON BALL FLASH - SS BLUE VEGITO
DS36742,BANDAI,NEW,14.38,4,ON-SITE,DRAGON BALL LIMIT BREAKER MAJIN BUU FINAL FORM
20744,MINIX,NEW,9.93,4,ON-SITE,MINIX MISSING IN ACTION - CHUCK NORRIS
18505,MINIX,NEW,4.92,4,ON-SITE,MINIX HARRY POTTER - HERMIONE GRANGER
PP14659KUR,Paladone,NEW,5.74,4,ON-SITE,PP KUROMI - KUROMI EMBOSSED MUG
MC4070A,P.M.I. Kids World,NEW,17.32,3,ON-SITE,MINECRAFT 3D ERASERS - 8 PACK DELUXE BOX VER.A
18406,MINIX,NEW,9.93,3,ON-SITE,MINIX REAL MADRYT - LUKA MODRIC
CB2070,P.M.I. Kids World,NEW,11.78,3,ON-SITE,CARE BEARS S1 FIGURES - 8 PACK DELUXE BOX (ASSORTMENT)
12015,MINIX,NEW,11.26,2,ON-SITE,MINIX FC BARCELONA - ROBERT LEWANDOWSKI
PP14355BLU,Paladone,NEW,7.95,2,ON-SITE,PP BLUEY ICON LIGHT
20539,MINIX,NEW,6.22,2,ON-SITE,MINIX WWE - JOHN CENA
22342,MINIX,NEW,9.93,1,ON-SITE,MINIX PSG - DESIRE DOUE
20782,MINIX,NEW,6.24,1,ON-SITE,MINIX - MERILYN MONROE
21031,MINIX,NEW,5.79,1,ON-SITE,MINIX ELVIS PRESLEY JAILHOUSE ROCK
UFC6010D,P.M.I. Kids World,NEW,10.16,1,ON-SITE,UFC OCTAGON FIGHTERS S1 ACTION FIGURE 11 CM - ALEXA GRASSO
AH37026,BANDAI,NEW,17,1,ON-SITE,ANIME HEROES CHAINSAW MAN - CHAINSAW MAN
BP17903,BANDAI,NEW,38.5,1,ON-SITE,BP ICHIBANSHO EVANGELION - EVA KAI-08y (OS!)
BP16148,BANDAI,NEW,6.98,1,ON-SITE,BP Q POSKET - TOY STORY - JESSIE VER.B
BP18585P,BANDAI,NEW,7.52,1,ON-SITE,BP Q POSKET - FANTASTIC BEASTS - TINA GOLDSTEIN VER.B
4777000031865,Pulsetto,NEW,218.77,80,ON-SITE,Pulsetto FIT vagus nerve stimulator
88999,Medisana,NEW,49.45,200,ON-SITE,Medisana MG 560 Hot&Cold pistol massager
88603,Medisana,NEW,53.99,78,ON-SITE,Medisana VC 150 massager Universal White
88347,Medisana,NEW,36.59,69,ON-SITE,Medisana 3in1 TT 200 TENS&EMS pain therapy device
8712856067770,SILKN,NEW,96.65,67,ON-SITE,Silk'n FLM100PE1001 skin care appliance Skin light therapy White
88730,Medisana,NEW,24.16,24,ON-SITE,Medisana MG 120 Pocket Massage Gun
88998,Medisana,NEW,36.3,22,ON-SITE,Medisana MG 200 massager Muscle Black Grey
88977,Medisana,NEW,30.11,18,ON-SITE,Medisana MM 100 acupressure mat with heating function
23806,Medisana,NEW,44.57,13,ON-SITE,Pistol massager Medisana MG-50E (with Hot&Cold function)
88400,Medisana,NEW,74.1,10,ON-SITE,Medisana LM 100 massager Foot Legs Black
88700,Medisana,NEW,55.4,8,ON-SITE,Medisana CL 300 massager Back Legs Neck Shoulders
88946,Medisana,NEW,12.97,8,ON-SITE,Medisana NM 870 massager Neck Grey
88398,Medisana,NEW,90.66,6,ON-SITE,Foot massager Medisana FM 888
88966,Medisana,NEW,38.89,5,ON-SITE,Shiatsu massage cushion Medisana MC 500
LM 200,Medisana,NEW,24.36,3,ON-SITE,Medisana LM 200 Leg Compression Massager
88381,Medisana,NEW,40.02,3,ON-SITE,Foot massager Medisana FS 886
FW312EU,Shark,NEW,212.84,3,ON-SITE,Shark CryoGlow FW312EU LED mask with eye area cooling
CR 2174,Adler,NEW,29.39,2,ON-SITE,Foot Massager Camry CR 2174
88731,Medisana,NEW,24.22,2,ON-SITE,Medisana KM 100 Knee Vibration Massager
88394,Medisana,NEW,98.83,2,ON-SITE,Foot massager Medisana FM 900
88418,Medisana,NEW,673.29,1,ON-SITE,Medisana RS 660 electric massage chair Black White
88387,Medisana,NEW,34.31,1,ON-SITE,Foot massager Medisana FS 883
88396,Medisana,NEW,47.99,1,ON-SITE,Foot massager Medisana FM 883
88363,Medisana,NEW,28.28,1,ON-SITE,Foot massager FS 300 Medisana
88985,Medisana,NEW,64,1,ON-SITE,Massage Gun Pro Medisana MG 500
88261,Medisana,NEW,10.19,1,ON-SITE,Mini trigger point massager Medisana HM 330
88379,Medisana,NEW,74.8,200,ON-SITE,Bathtub mat Medisana MBH Bath Spa
88935,Medisana,NEW,30.68,51,ON-SITE,Massage seat pad Medisana MCH
88930,Medisana,NEW,85.62,48,ON-SITE,Massage seat pad Shiatsu Medisana MCN
88389,Medisana,NEW,107.05,40,ON-SITE,Bubble Bath mat Medisana BBS Bath Spa
88955,Medisana,NEW,61.52,27,ON-SITE,Massage mat Medisana MM 825
ORO-HEALTH SZARY,oromed,NEW,29.9,24,ON-SITE,ORO-HEALTH acupressure mat colour grey
88968,Medisana,NEW,77.45,13,ON-SITE,Medisana MC 700 Massage mat Black
ORO-HEALTH FIOLET,oromed,NEW,29.76,9,ON-SITE,Acupressure mat ORO-HEALTH colour purple
88939,Medisana,NEW,131.54,2,ON-SITE,Acupressure massage pad Medisana MC 825
23308,Medisana,NEW,47.58,2,ON-SITE,Ecomed MC-15E massage pad Black 24 W
MA-JUNIOR 4.5 PINK,MARK ADLER,NEW,67.04,12,ON-SITE,Junior 4.5 Pink swivel chair
MA-JUNIOR 4.6 PINK,MARK ADLER,NEW,69.5,11,ON-SITE,Junior 4.6 Pink swivel chair
MA-EXPERT 7.9 GREY,MARK ADLER,NEW,171.6,3,ON-SITE,Expert 7.9 Grey Swivel Chair
MA-EXPERT 5.7 BLACK,MARK ADLER,NEW,132.97,2,ON-SITE,Expert 5.7 Black Swivel Chair
MA-JUNIOR 5.0 PINK,MARK ADLER,NEW,81.86,1,ON-SITE,Junior 5.0 Pink swivel chair
MA-LEADPRO 8.7 BLACK,MARK ADLER,NEW,294.89,1,ON-SITE,Swivel chair Leadpro 8.7 Black
ASW_13K-LT-G2_PRO,Solplanet,NEW,398.44,1,ON-SITE,Solplanet Inverter // ASW_13K-LT-G2_Pro 3-phase 13kW 2 MPTT 32/20A DC disconnector Wi-Fi communication RS485 4G option DC surge protective device type II
HZ-FLOORMAT 7.0,huzaro,NEW,25.48,3,ON-SITE,Huzaro FloorMat 7.0 chair mat
25804,Trust,NEW,13.4,2,ON-SITE,Trust 25804 video game chair part/accessory
HZ-Force 4.7 Carbon Mesh,huzaro,NEW,96.25,15,ON-SITE,HUZARO FORCE 4.7 CARBON MESH GAMING CHAIR
HZ-Force 4.7 White Mesh,huzaro,NEW,95.4,13,ON-SITE,HUZARO FORCE 4.7 WHITE MESH GAMING CHAIR
HZ-Force 4.7 RGB Mesh,huzaro,NEW,111.59,13,ON-SITE,HUZARO FORCE 4.7 RGB MESH GAMING CHAIR
HZ-Force 4.7 RGB White,huzaro,NEW,110.14,10,ON-SITE,HUZARO FORCE 4.7 RGB White GAMING CHAIR
HZ-FORCE 3.7 RGB BLACK,huzaro,NEW,94.25,9,ON-SITE,Force 3.7 RGB gaming chair Black
HZ-Force 2.5 Red Mesh,huzaro,NEW,68.33,8,ON-SITE,Huzaro FORCE 2.5 Red Mesh gaming chair
HZ-Force 4.4 Carbon,huzaro,NEW,82.27,7,ON-SITE,Gaming chair - Huzaro Force 4.4 Carbon
HZ-Force 2.5 Grey Mesh,huzaro,NEW,68.18,7,ON-SITE,Huzaro FORCE 2.5 GREY MESH Gaming armchair Mesh seat Black Grey
HZ-RANGER 1.0 RGB,huzaro,NEW,67.6,6,ON-SITE,Gaming chair for children Huzaro Ranger 1.0 RGB
HZ-Force 4.4 RGB Black,huzaro,NEW,95.32,6,ON-SITE,Gaming chair - Huzaro Force 4.4 RGB Black
HZ-Combat 7.9 Black,huzaro,NEW,144.23,6,ON-SITE,Fotel gamingowy Huzaro Combat 7.9 Czarny
HZ-Force 4.4 Grey Mesh,huzaro,NEW,79.66,5,ON-SITE,Gaming chair - Huzaro Force 4.4 Grey Mesh
HZ-Force 2.5 Blue,huzaro,NEW,68.18,5,ON-SITE,Huzaro FORCE 2.5 BLUE MESH Gaming armchair Mesh seat Black Blue
HZ-Force 4.7 Camo Mesh,huzaro,NEW,98.93,5,ON-SITE,HUZARO FORCE 4.7 CAMO MESH GAMING CHAIR
HZ-FORCE 5.7 BLACK,huzaro,NEW,119.36,5,ON-SITE,Huzaro Force 5.7 Black gaming chair
HZ-FORCE 5.7 GREY,huzaro,NEW,119.16,5,ON-SITE,Huzaro Force 5.7 Grey Gaming Chair
HZ-COMBAT 2.7 BLACK,huzaro,NEW,85.54,5,ON-SITE,Huzaro Combat 2.7 Black gaming chair
HZ-COMBAT 3.1 CARBON,huzaro,NEW,82.29,5,ON-SITE,Huzaro Combat 3.1 Carbon gaming chair
HZ-FORCE 2.7 BLACK CARBON,huzaro,NEW,82,4,ON-SITE,Huzaro Force 2.7 Black Carbon Gaming chair black
HZ-FORCE 2.7 RGB BLACK,huzaro,NEW,88.97,4,ON-SITE,Huzaro Force 2.7 RGB Black Gaming Chair
AEROAC-280DUKE-GREY,Aerocool,NEW,208.41,4,ON-SITE,Aerocool DUKE AeroSuede Universal gaming chair Black Brown Grey
HZ-Combat 5.0 Black,huzaro,NEW,87.47,4,ON-SITE,HUZARO COMBAT 5.0 BLACKGAMING CHAIR
HZ-Force 2.5 White Mesh,huzaro,NEW,68.26,4,ON-SITE,HUZARO FORCE 2.5 WHITE MESH GAMING CHAIR
HZ-Ranger 1.0 pink mesh,huzaro,NEW,59.49,3,ON-SITE,Gaming chair for children Huzaro Ranger 1.0 Pink Mesh
HZ-Ranger 1.0 red mesh,huzaro,NEW,58.48,3,ON-SITE,Gaming chair for children Huzaro Ranger 1.0 Red Mesh black red
HZ-Force 4.7 Grey Mesh,huzaro,NEW,100.06,3,ON-SITE,HUZARO FORCE 4.7 GREY MESH GAMING CHAIR
HZ-Combat 7.0 Black,huzaro,NEW,113.75,3,ON-SITE,HUZARO COMBAT 7.0 GAMING STUHL SCHWARZ
AEROCROWN-ASH-BLACK,Aerocool,NEW,214.55,3,ON-SITE,Aerocool CROWNASHBK Ergonomic Gaming Chair Adjustable Cushions AeroWeave Technology Black
AEROAC-280DUKE-BK,Aerocool,NEW,207.85,3,ON-SITE,Aerocool DUKE AeroSuede Universal gaming chair Black Grey
HZ-COMBAT 2.7 GREY,huzaro,NEW,85.7,3,ON-SITE,Huzaro Combat 2.7 Grey gaming chair
HZ-FORCE 8.1 GREY,huzaro,NEW,172.27,3,ON-SITE,Huzaro Force 8.1 Grey Gaming Chair
HZ-COMBAT 7.6 RGB BLACK,huzaro,NEW,179.18,2,ON-SITE,Huzaro Combat 7.6 RGB Black gaming chair with fan
HZ-FORCE 3.7 CARBON BLACK,huzaro,NEW,91.2,2,ON-SITE,Force 3.7 gaming chair black carbon
HZ-FORCE 3.7 GREY,huzaro,NEW,91.2,2,ON-SITE,Force 3.7 Grey gaming chair
AEROROYAL-ASH-BLACK,Aerocool,NEW,220.93,2,ON-SITE,Aerocool ROYALASHBK Premium Ergonomic Gaming Chair Legrests Aeroweave Technology Black
HZ-Speed 6.0,huzaro,NEW,271.13,2,ON-SITE,Huzaro Speed 6.0 - racing cockpit
Hz-Force 6.2 Grey Mesh,huzaro,NEW,103.88,1,ON-SITE,Huzaro Force 6.2 Grey Mesh gaming chair
HZ-Ranger 1.0 Spider,huzaro,NEW,70.14,1,ON-SITE,GAMING CHAIR FOR CHILD HUZARO RANGER 1.0 SPIDER
AEROCROWN-ASH-GREY,Aerocool,NEW,202.97,1,ON-SITE,Aerocool CROWNASHGR Ergonomic Gaming Chair Adjustable Cushions AeroWeave Technology Grey
AEROCROWN-STONE-GREY,Aerocool,NEW,197.19,1,ON-SITE,Aerocool Crown AeroSuede Universal gaming chair Padded seat Stone Grey
920-010446,Logitech,NEW,40.61,12,ON-SITE,Logitech G G413 TKL SE Mechanical Gaming Keyboard
25886,Trust,NEW,28.2,4,ON-SITE,Trust GXT 833 Thado TKL keyboard Gaming USB QWERTY US English Black
25894,Trust,NEW,28.2,3,ON-SITE,Trust GXT 833W Thado TKL Keyboard
25368,Trust,NEW,55.11,3,ON-SITE,Trust GXT 868 Torix keyboard Gaming USB + RF Wireless + Bluetooth QWERTY US English Black
920-013242,Logitech,NEW,133.75,2,ON-SITE,Logitech G PRO X TKL Rapid keyboard Gaming USB QWERTY US International White
25510,Trust,NEW,40.84,1,ON-SITE,Trust GXT 871 Zora QWERTY US English - USB gaming keyboard (black)
KM-RX7WHITE,RAMPAGE,NEW,21.68,4,ON-SITE,RAMPAGE FORTUNA GAMING SET KEYBOARD WITH MOUSE PAD AND MOUSE White
KM-RX7BLACK,RAMPAGE,NEW,21.68,3,ON-SITE,RAMPAGE FORTUNA GAMING SET: KEYBOARD WITH MOUSE PAD AND MOUSE
941-000158,Logitech,NEW,219.36,31,ON-SITE,Logitech G G923 Racing Wheel and Pedals for Xbox X|S Xbox One and PC
IGP4,IBOX,NEW,11.71,28,ON-SITE,iBox IGP4 Gaming Controller Black Bluetooth Gamepad Analogue / Digital Android PC PlayStation 4 iOS
IGP5,IBOX,NEW,11.07,18,ON-SITE,iBox IGP5 Gaming Controller Black Bluetooth Gamepad Analogue / Digital Android Nintendo Switch Nintendo Switch Lite Nintendo Switch OLED PC iOS
941-000149,Logitech,NEW,243.01,5,ON-SITE,Logitech G G923 Racing Wheel and Pedals for PS5 PS4 and PC
25122,Trust,NEW,75.73,2,ON-SITE,Trust GXT 289 Movi Black USB Steering wheel + Pedals Nintendo Switch PlayStation 4 Xbox One S Xbox One X Xbox Series S Xbox Series X
25744,Trust,NEW,28.9,2,ON-SITE,Trust GXT 542SM Muta Blue Bluetooth/RF/USB Gamepad Android Nintendo Switch Nintendo Switch 2 Nintendo Switch Lite Nintendo Switch OLED PC iOS
MM10NHINBL000-0,Madcatz,NEW,84.27,99,ON-SITE,Mad Catz M.M.O. 7+ Mouse
MR05DCINBL000-0,Madcatz,NEW,67.22,75,ON-SITE,Mad Catz R.A.T. 8+ mouse Right-hand USB Type-A Optical 16000 DPI
910-005471,Logitech,NEW,32.7,31,ON-SITE,Logitech G G502 HERO High Performance Gaming Mouse
MM04DCINBL000-0,Madcatz,NEW,25.13,30,ON-SITE,Mad Catz M.O.J.O. M1 mouse Right-hand Optical 12000 DPI
910-006162,Logitech,NEW,97.08,23,ON-SITE,Logitech G G502 X PLUS - LIGHTSPEED Wireless RGB Gaming Mouse
910-005283,Logitech,NEW,36.12,20,ON-SITE,Logitech G G305 LIGHTSPEED Wireless Gaming Mouse
MR04DCINBL000-0,Madcatz,NEW,45.28,20,ON-SITE,Mad Catz R.A.T. 6+ mouse Right-hand USB Type-A Optical 12000 DPI
910-007295,Logitech,NEW,83.53,19,ON-SITE,Logitech G 910-007295 mouse Gaming Ambidextrous RF Wireless Optical 32000 DPI
910-007199,Logitech,NEW,64.69,17,ON-SITE,Logitech G G309 mouse RF Wireless + Bluetooth
73240,SteelSeries,NEW,45.35,12,ON-SITE,SteelSeries Aerox 3 Wireless - 18000 CPI optical gaming mouse - REFURBISHED (Onyx)
MR05DCINBL001-0,Madcatz,NEW,155.53,12,ON-SITE,Mad Catz R.A.T. X3 mouse Right-hand USB Type-A Optical 16000 DPI
910-005824,Logitech,NEW,22.19,11,ON-SITE,Logitech G G203 LIGHTSYNC Gaming Mouse
IMOGS9002,IBOX,NEW,14.22,11,ON-SITE,iBox AURORA A-3 mouse USB Optical 6200 DPI
MR01MCINBL000-0,Madcatz,NEW,18.91,10,ON-SITE,Mad Catz R.A.T. 1+ mouse Gaming Right-hand USB Type-A Optical 2000 DPI
KRX0115,KRUX,NEW,10.82,8,ON-SITE,Krux Bot RGB Wired modular gaming mouse
SMX-R44V2BLACK,RAMPAGE,NEW,10.56,8,ON-SITE,RAMPAGE SMX-R44 V2 MACRO BLACK MOUSE 12800 DPI RGB LED
IMOGS9031,IBOX,NEW,5.44,5,ON-SITE,iBox Aurora A-1 mouse Right-hand USB Type-A Optical 2400 DPI
25306,Trust,NEW,13.28,5,ON-SITE,Trust GXT 928 HELOX
910-006638,Logitech,NEW,104.88,5,ON-SITE,Logitech G 910-006638 mouse Gaming Right-hand RF Wireless Optical 32000 DPI
DROPM3V2-WHITE,RAMPAGE,NEW,22.23,4,ON-SITE,RAMPAGE DROP M3 V2 24000 DPI WHITE WIRELESS MOUSE
BLITZ-WHITE,RAMPAGE,NEW,55.1,4,ON-SITE,RAMPAGE BLITZ ULTIMATE 8K MOUSE
ZENITHPRO-WHITE,RAMPAGE,NEW,44.36,4,ON-SITE,RAMPAGE ZENITH PRO 26 000 DPI BI WIRELESS MOUSE
ZENITHPRO-BLACK,RAMPAGE,NEW,44.34,4,ON-SITE,RAMPAGE ZENITH PRO BLACK 26000 WIRELESS MOUSE
CLAX-BLACK,RAMPAGE,NEW,21.43,4,ON-SITE,RAMPAGE CLAX MOUSE BLACK 24000 DPI
CLAX-WHITE,RAMPAGE,NEW,22.01,4,ON-SITE,RAMPAGE CLAX MOUSE WHITE 24000 DPI
BLINK-BLACK,RAMPAGE,NEW,12.04,4,ON-SITE,RAMPAGE WIRED GAMING MOUSE 12800DPI BLINK BLACK
25307,Trust,NEW,18.21,3,ON-SITE,Trust GXT 929 Helox mouse Gaming Right-hand RF Wireless Optical 4800 DPI
DROPM3V2-BLACK,RAMPAGE,NEW,22.25,3,ON-SITE,RAMPAGE DROP M3 V2 24000 DPI WIRELESS MOUSE BLACK
BLITZ-BLACK,RAMPAGE,NEW,57.47,2,ON-SITE,RAMPAGE BLITZ ULTIMATE WIRELESS OPTICAL MOUSE BLACK
25037,Trust,NEW,15.24,2,ON-SITE,Trust Felox GXT110 wireless gaming mouse black
26024,Trust,NEW,28.86,1,ON-SITE,Trust GXT 145 Rexxa mouse Gaming Right-hand USB Type-A 12800 DPI
981-000978,Logitech,NEW,43.57,32,ON-SITE,Logitech G G335 Wired Gaming Headset
981-001263,Logitech,NEW,153.03,30,ON-SITE,Logitech G 981-001263 headphones/headset Wireless Head-band Gaming Bluetooth Black
25305,Trust,NEW,52.02,20,ON-SITE,Trust GXT 491P FAYZO Headset Wired & Wireless Head-band Gaming USB Type-A Bluetooth Black Purple
RZ04-03790100-R3M1,RAZER,NEW,83.67,19,ON-SITE,Razer Barracuda Headset Wired & Wireless Head-band Calls/Music USB Type-C Bluetooth Black
AP13C1INBL000-0,Madcatz,NEW,18.32,17,ON-SITE,Gaming headset - Mad Catz P.I.L.O.T. 3.
981-000883,Logitech,NEW,86.23,8,ON-SITE,Logitech G G733 Wireless Headset
AP13WHINBL000-0,Madcatz,NEW,56.48,8,ON-SITE,Gaming headset - Mad Catz P.I.L.O.T. PRO
S6PXW-T964,Skullcandy,NEW,213.55,8,ON-SITE,SKULLCANDY Gaming Headset Crusher PLYR 720 Wireless XBOX
RETSU-WHITE,RAMPAGE,NEW,36.19,6,ON-SITE,RAMPAGE RETSU WHITE WIRELESS OVER EAR HEADPHONES
SHPIX8MV,IBOX,NEW,5.74,5,ON-SITE,iBox X8 Headset Wired Head-band Gaming Black Blue
25783,Trust,NEW,16.01,4,ON-SITE,Trust 25783 headphones/headset Wired Head-band Gaming Black Yellow
25738,Trust,NEW,23.57,3,ON-SITE,Trust GXT 415SM Zirox Headset Wired Head-band Gaming Blue Red
25784,Trust,NEW,34.01,2,ON-SITE,Trust 25784 headphones/headset Wired Head-band Gaming Black Yellow
25304,Trust,NEW,52.02,2,ON-SITE,Trust GXT 491W FAYZO Headset Wired & Wireless Head-band Gaming USB Type-C Bluetooth Black White
24900,Trust,NEW,34.79,2,ON-SITE,Trust GXT 490 FAYZO over-ear 7.1 USB-gamingheadset.
73274,SteelSeries,NEW,32,1,ON-SITE,Steelseries ARCTIS NOVA 1X Headset Wired Head-band Gaming Black Green
SDSP81100TAN-000E0,SanDisk,NEW,272.37,39,ON-SITE,SanDisk Optimus GX PRO 850X 1 TB M.2 PCI Express 4.0 NVMe TLC 3D NAND
SDSP82100TAN-000E0,SanDisk,NEW,302.62,35,ON-SITE,SanDisk Optimus GX PRO 8100 1 TB M.2 PCI Express 5.0 NVMe TLC 3D NAND
SDSP81800TAN-000E0,SanDisk,NEW,2015.93,19,ON-SITE,SanDisk Optimus GX PRO 850X 8 TB M.2 PCI Express 4.0 NVMe TLC 3D NAND
SDSP82200TAN-000E0,SanDisk,NEW,554.08,9,ON-SITE,SanDisk Optimus GX PRO 8100 2 TB M.2 PCI Express 5.0 NVMe TLC 3D NAND
HZ-Hero 6.0 Black RGB,huzaro,NEW,80.74,19,ON-SITE,Huzaro Hero 6.0 RGB Black
HZ-Hero 6.0 Black,huzaro,NEW,63.51,19,ON-SITE,HUZARO HERO 6.0 BLACK GAMING DESK
HZ-Hero 2.5 RGB,huzaro,NEW,84.18,17,ON-SITE,Gaming desk Huzaro Hero 2.5 RGB LED
HZ-Hero 2.5 White,huzaro,NEW,60.45,13,ON-SITE,GAMING DESK HUZARO HERO 2.5 WHITE
HZ-Hero 2.5,huzaro,NEW,64.28,12,ON-SITE,Huzaro Hero 2.5 computer desk Black
HZ-Hero 6.3 Black,huzaro,NEW,71.63,11,ON-SITE,Gaming desk Huzaro Hero 6.3 Black
HZ-Hero 5.0 RGB,huzaro,NEW,97.86,10,ON-SITE,GAMING DESK HUZARO HERO 5.0 RGB
HZ-Hero 5.0 White,huzaro,NEW,77.59,9,ON-SITE,Computer desk Huzaro Hero 5.0 White
HZ-Hero 7.0,huzaro,NEW,82.93,9,ON-SITE,Huzaro Hero 7.0 computer desk Black
HZ-Hero 6.0 White,huzaro,NEW,64.38,9,ON-SITE,GAMING DESK HUZARO HERO 6.0 WHITE
HZ-Hero 1.8 Black,huzaro,NEW,55.84,9,ON-SITE,Gaming desk Huzaro Hero 1.8 Black
HZ-HERO 8.1 WHITE,huzaro,NEW,88.69,9,ON-SITE,Huzaro Hero 8.1 White Gaming Desk
HZ-HERO 1.9 BLACK,huzaro,NEW,50.77,9,ON-SITE,Huzaro Hero 1.9 Black gaming desk
HZ-Hero 2.6 Black,huzaro,NEW,66.66,8,ON-SITE,Huzaro Hero 2.6 gaming desk Black
HZ-Hero 4.8 Black,huzaro,NEW,73.4,8,ON-SITE,Huzaro Hero 4.8 Black - gaming desk
HZ-Hero 1.6 White,huzaro,NEW,52.45,8,ON-SITE,Gaming desk - Huzaro Hero 1.6 White
HZ-Hero 9.1,huzaro,NEW,142.18,8,ON-SITE,Electric desk - Huzaro Hero 9.1
HZ-Hero 7.0 White,huzaro,NEW,84.18,8,ON-SITE,GAMING DESK HUZARO HERO 7.0 WHITE
HZ-Hero 1.4 Black,huzaro,NEW,42.77,7,ON-SITE,Gaming desk - Huzaro Hero 1.4 Black
HZ-Hero 1.4 White,huzaro,NEW,43.94,6,ON-SITE,Huzaro Hero 1.4 White - gaming desk white
HZ-Hero 4.8 RGB,huzaro,NEW,96.97,6,ON-SITE,Huzaro Hero 4.8 RGB - gaming desk
HZ-HERO 2.3 RGB WHITE,huzaro,NEW,74.44,6,ON-SITE,Huzaro Hero 2.3 RGB Gaming Desk white
HZ-Hero 6.3 White,huzaro,NEW,71.71,5,ON-SITE,Gaming desk Huzaro Hero 6.3 White
HZ-HERO 3.6 RGB BLACK,huzaro,NEW,95.66,5,ON-SITE,Huzaro Hero 3.6 RGB Black gaming desk
HZ-HERO 1.9 WHITE,huzaro,NEW,52.29,5,ON-SITE,Huzaro Hero 1.9 White Gaming Desk
HZ-Hero 1.7 RGB Black,huzaro,NEW,70.08,4,ON-SITE,Huzaro Hero 1.7 RGB Black - gaming table
HZ-Hero 3.3 Black,huzaro,NEW,68.04,3,ON-SITE,Huzaro Hero 3.3 Black - gaming table
HZ-Hero 3.3 RGB,huzaro,NEW,88.89,3,ON-SITE,Huzaro Hero 3.3 RGB - gaming table
HZ-HERO 3.6 BLACK,huzaro,NEW,77.42,3,ON-SITE,Huzaro Hero 3.6 Black gaming desk
HZ-HERO 4.6 RGB BLACK,huzaro,NEW,104.06,3,ON-SITE,Huzaro Hero 4.6 RGB Black Gaming Desk
HZ-HERO 1.9 RGB WHITE,huzaro,NEW,61.89,3,ON-SITE,Huzaro Hero 1.9 RGB White Gaming Desk
HZ-Hero 1.6 Black,huzaro,NEW,50.78,3,ON-SITE,Gaming desk - Huzaro Hero 1.6 Black
MA-LEADER 5.5 WN,MARK ADLER,NEW,63.51,3,ON-SITE,Leader 5.5 WN desk
MA-XENO 4.5 WHITE,MARK ADLER,NEW,110.7,2,ON-SITE,Xeno 4.5 White electric bed frame
MA-XENO 7.6,MARK ADLER,NEW,195.39,2,ON-SITE,Xeno 7.6 electric bed frame
MA-LEADER 7.3 WHITE,MARK ADLER,NEW,112.8,1,ON-SITE,Electric desk Leader 7.3 White
MA-LEADER 7.3 CRAFT,MARK ADLER,NEW,112.49,1,ON-SITE,Electric desk Leader 7.3 Craft
MA-XENO 2.1 WHITE,MARK ADLER,NEW,77.24,1,ON-SITE,Xeno 2.1 White Electric Base
V1167A,UNITEK,NEW,15.5,14,ON-SITE,Video grabber Unitek USB-C/A 4K HDMI 1.4b
PP7910PS,Paladone,NEW,6.77,7,ON-SITE,PLAYSTATION 5 - ZESTAW KUBEK + SKARPETY
S45HE,TCL,NEW,65.27,200,ON-SITE,TCL S S45H Class 2.0 Channel Sound Bar with Dolby Atmos DTS Virtual:X and Bluetooth Music Streaming
S55HE,TCL,NEW,93.76,76,ON-SITE,TCL S S55H Class 2.1 Channel Sound Bar with Dolby Atmos Wireless Subwoofwer and Bluetooth Music Streaming
RM-1,RAMPAGE,NEW,76.09,2,ON-SITE,RAMPAGE RM-1 SOUNDWAVE PLUS SIYAH SPEAKERS TOTAL 64W 16V/4.
23647,Trust,NEW,18.78,2,ON-SITE,Trust GXT 265 Cintar Headphone holder
010-04347-51,Garmin,NEW,698.56,5,ON-SITE,Garmin Alpha 300 GPS Receiver
010-04014-51,Garmin,NEW,547.18,4,ON-SITE,Garmin Alpha 200 GPS Receiver
010-02471-15,Garmin,NEW,357.94,1,ON-SITE,Garmin DriveSmart 86 navigator Fixed 20.3 cm (8 ) TFT Touchscreen 295.2 g Black
GO-4,Ravanson,NEW,189.55,11,ON-SITE,Ravanson GO-4 13.3 kW gas barbecue
GO-6,Ravanson,NEW,265.27,6,ON-SITE,Ravanson GO-6 15 1 kW gas barbecue
ES9340070B,BLACK+DECKER,NEW,132.82,3,ON-SITE,Black+Decker BXOP7350E 3-burner gas barbecue
ES9330110B,BLACK+DECKER,NEW,222.19,2,ON-SITE,Black+Decker BXOG7200E gas grill 2 burners x 3.6 kW
ES9340080B,BLACK+DECKER,NEW,99.88,2,ON-SITE,Black+Decker BXOP4900E 2-burner gas barbecue
ES9330120B,BLACK+DECKER,NEW,335.79,1,ON-SITE,Black+Decker BXOG12950E gas grill 3 burners
MR-1010,Maestro,NEW,9.5,156,ON-SITE,Folding grill suitcase 43x29x22 cm Maestro MR-1010
MR-1011,Maestro,NEW,12.68,102,ON-SITE,Folding grill suitcase 45x30x35 cm Maestro MR-1011
23602,Medisana,NEW,12.71,30,ON-SITE,Ecomed AC-80E Massage cube
88546,Medisana,NEW,16.17,8,ON-SITE,Cellulite massager Medisana AC 860
88544,Medisana,NEW,47.51,7,ON-SITE,Medisana AC 950 massager Universal Rose gold White
88576,Medisana,NEW,12.75,5,ON-SITE,Medisana CR 870 Electric nail polisher Battery
GS 3656,Clatronic,NEW,15.11,33,ON-SITE,Clatronic GS 3656 facial sauna White
88248,Medisana,NEW,41,28,ON-SITE,Nano-Ionic Facial Steamer Medisana DS 600
88245,Medisana,NEW,18.44,18,ON-SITE,Facial sauna Medisana FSS
99458,Medisana,NEW,3.91,16,ON-SITE,Medisana PR A60 blackhead vacuum remover White
41050,Medisana,NEW,7.43,74,ON-SITE,Insect Bite Healer Medisana IB 100
45055,Medisana,NEW,14.79,58,ON-SITE,Medisana Rhinitis Reliever nasal therapy device for hay fever
Keypad_2.0,Nuki,NEW,131.62,8,ON-SITE,NUKI Keypad 2.0 Bluetooth Black
Keypad,Nuki,NEW,77.82,6,ON-SITE,Nuki 9120072080609 smart lock Smart door lock
Fob,Nuki,NEW,49.77,5,ON-SITE,Nuki FOB Bluetooth Black
NIS,NETATMO,NEW,67.86,4,ON-SITE,NETATMO Smart Home Alarm NIS Siren White
TAPO H100,TP-LINK,NEW,17.23,17,ON-SITE,TP-Link Tapo Smart IoT Hub with Chime
Bridge,Nuki,NEW,83.25,11,ON-SITE,NUKI Bridge smart home signal extender Wireless
304800315,ezviz,NEW,48.75,2,ON-SITE,Home Gateway EZVIZ A3 (CS-A3-A0-W) White
Tapo T110,TP-LINK,NEW,12.26,200,ON-SITE,TP-Link Tapo T110 door/window sensor Wireless Door/Window White
Tapo T300,TP-LINK,NEW,13.57,126,ON-SITE,TP-Link Tapo Smart Water Leak Sensor
NCO,NETATMO,NEW,82.99,10,ON-SITE,Carbon Monoxide Alarm NETATMO NCO
3800235268322,Shelly,NEW,74.71,8,ON-SITE,Shelly BLU TRV Thermostatic heads white
NICE FGMS-001 ZW5 EU,Nice,NEW,22.18,5,ON-SITE,Nice Motion-Control motion sensor (FGMS-001 ZW5 EU)
DTG,NETATMO,NEW,82.27,5,ON-SITE,Netatmo DTG Door and Window Sensor
CS-T51C,ezviz,NEW,18.07,4,ON-SITE,Temperature & Humidity Sensor EZVIZ CS-T51C
CS-T1C,ezviz,NEW,17.24,3,ON-SITE,WIRELESS BATTERY-POWERED PIR MOTION DETECTOR EZVIZ CS-T1C
"CO Alarm-Control 868,4 MHz",Nice,NEW,37.8,3,ON-SITE,Nice CO-Control carbon monoxide detector (CO Alarm-Control 868.4 MHz)
53453,imou,NEW,52.36,2,ON-SITE,Imou Smart Alarm Security Kit smart home security kit ZigBee/Wi-Fi
AL-SS-1A-W,Yale,NEW,61.31,1,ON-SITE,Yale Smoke Sensor Air-sampling detector Interconnectable Wireless connection
Opener,Nuki,NEW,120.28,11,ON-SITE,Nuki Opener Button
NICE FGPB-101-3 ZW5 EU,Nice,NEW,19.83,6,ON-SITE,Nice Push-Control button red (FGPB-101-3 ZW5 EU)
NICE FGPB-101-1 ZW5 EU,Nice,NEW,19.83,5,ON-SITE,Nice Push-Control button white (FGPB-101-1 ZW5 EU)
NICE FGPB-101-2 ZW5 EU,Nice,NEW,19.83,1,ON-SITE,Nice Push-Control button black (FGPB-101-2 ZW5 EU)
45-0500-1432-00-6011,Yale,NEW,40.49,107,ON-SITE,Yale DDV 500 electronic door viewer
3800238070748,Shelly,NEW,21.69,100,ON-SITE,Shelly 2PM Gen4 dual WiFi relay with energy measurement
3800238072353,Shelly,NEW,28.3,96,ON-SITE,Shelly Dimmer Gen4 Smart Dimmer Wi-Fi Bluetooth Green
3800235269039,Shelly,NEW,23.46,73,ON-SITE,Shelly Qubino Wave 1 - 1-channel flush-mounted relay/Z-Wave controller 230 V
3800238072766,Shelly,NEW,130.32,40,ON-SITE,Shelly Display X2i 6.95 Wi-Fi Bluetooth Smart Home Control Panel Black
3800238070786,Shelly,NEW,13.82,25,ON-SITE,SHELLY 1 Mini Gen4 Smart switch 1P Blue
3800235269022,Shelly,NEW,19.73,21,ON-SITE,Shelly Qubino Wawe 1PM Smart switch Red
05/103210/SI,Yale,NEW,156.3,20,ON-SITE,Yale Linus Smart Door Lock L2 (EFIGS Silver)
3800235261958,Shelly,NEW,60.15,19,ON-SITE,SHELLY WiFi 3EM-63W Gen3 1/3-Channel Power and Energy Meter White
05/501000/SN,Yale,NEW,31.41,18,ON-SITE,Yale 05/501000/SN smart lock accessory
3800238070694,Shelly,NEW,29.98,18,ON-SITE,SHELLY 1 Gen4 Smart switch Blue 2 pcs
3800235262276,Shelly,NEW,41.54,17,ON-SITE,Shelly Gas CNG gas detector Natural gas
05/602000/MB,Yale,NEW,39.36,16,ON-SITE,Yale 05/602000/MB smart lock accessory Battery
3800235261873,Shelly,NEW,39.32,15,ON-SITE,Energy measurement controller Shelly EM gen3 1 x 50A
05/402100/WH,Yale,NEW,54.94,15,ON-SITE,Yale ConnectX Wi-Fi Bridge White
3800235261637,Shelly,NEW,22.19,14,ON-SITE,SHELLY 1L Gen3 WiFi relay without neutral wire
05/103210/MB,Yale,NEW,156.3,12,ON-SITE,Yale Linus Smart Door Lock L2 (EFIGS Black)
3800238071936,Shelly,NEW,22.42,10,ON-SITE,Shelly Wave 1PM Mini LR Smart Z-Wave Relay
3800238072773,Shelly,NEW,130.82,10,ON-SITE,Shelly Display X2i 6.95 Wi-Fi Bluetooth Smart Home Control Panel Silver
NAV,NETATMO,NEW,75.65,9,ON-SITE,Netatmo NAV single valve
45-4500-1440-00-6011,Yale,NEW,63.26,9,ON-SITE,Yale 45-4500-1440-00-6011 digital door viewer
NICE FGS-213 ZW5 EU,Nice,NEW,18.25,8,ON-SITE,Nice DoubleSmart-Control control module (FGS-224 EU)
"NICE Plug-Control E 868,4 MHz",Nice,NEW,30.16,8,ON-SITE,Nice Plug-Control E Smart Socket (Plug-Control E 868.4 MHz)
3800235261866,Shelly,NEW,31.18,7,ON-SITE,SHELLY Dali Dimmer Gen3 Built-in Black Lime
NTH,NETATMO,NEW,147.87,7,ON-SITE,Netatmo NTH Smart Thermostat
45-5800-1443-00-6011,Yale,NEW,86,6,ON-SITE,Yale 45-5800-1443-00-6011 digital door viewer
3800235269091,Shelly,NEW,34.33,5,ON-SITE,Shelly Qubino Wave Pro 1 electrical relay Blue
3800235261545,Shelly,NEW,27.49,5,ON-SITE,Shelly H&T Gen3 Black Temperature and Humidity Sensor
3800235269121,Shelly,NEW,124.2,5,ON-SITE,Shelly Qubino Wave Pro 2PM? electrical relay Black
WARM-CONTROL,Nice,NEW,80.1,5,ON-SITE,Nice Warm-Control White underfloor heating thermostat
NICE FGR-224 EU,Nice,NEW,28.64,5,ON-SITE,Nice Roll-Control 2 roller shutter controller (FGR-224 EU)
ETP-DC,NETATMO,NEW,120.55,5,ON-SITE,Wireless Thermostat ORIGINAL NETATMO ETP-DC
NAC,NETATMO,NEW,98.67,4,ON-SITE,Smart Air Conditioner Controller NETATMO NAC Black
NICE FGS-214 EU,Nice,NEW,18.25,4,ON-SITE,Nice SingleSmart-Control remote control module (FGS-214 EU)
NVP,NETATMO,NEW,162.12,4,ON-SITE,Netatmo NVP Valve Starter Kit
YSS/250/EB1,Yale,NEW,226.92,4,ON-SITE,Yale Smart Safe freestanding safe YSS/250/EB1 black
05/301000/BL,Yale,NEW,51.95,4,ON-SITE,Yale 05/301000/BL numeric keypad Bluetooth Black
05/109100/MB,Yale,NEW,95.28,4,ON-SITE,Yale Linus Smart Lock L2 Lite - smart door lock Black
3800235261941,Shelly,NEW,61.17,3,ON-SITE,Shelly 3EM-63T Gen3 single-channel energy meter
3800238071691,Shelly,NEW,211.35,3,ON-SITE,Shelly Wall Display XL Control Panel Grey
3800238073008,Shelly,NEW,210.14,3,ON-SITE,Shelly Display XL Wi-Fi Bluetooth Smart Home Control Panel Black
CLIMA-CONTROL,Nice,NEW,56.53,3,ON-SITE,Thermostat for controlling Nice Clima-Control air conditioners
NICE FGT-001 ZW5 ZWE EU,Nice,NEW,33.99,3,ON-SITE,Nice Heat-Control smart thermostatic head (FGT-001 ZW5 ZWE EU)
2 NAC,NETATMO,NEW,162.41,3,ON-SITE,NETATMO 2 NAC Set of 2 Air Conditioner Controllers
3800235261644,Shelly,NEW,25.8,2,ON-SITE,SHELLY 2L Gen3 Double WiFi relay without neutral wire
FAN2-CONTROL,Nice,NEW,62.87,2,ON-SITE,Nice Fan2-Control White temperature control thermostat
Smart_Lock_Ultra,Nuki,NEW,312.4,14,ON-SITE,NUKI Smart Lock ULTRA Smart door lock
Smart_Lock_Go,Nuki,NEW,128.81,8,ON-SITE,NUKI Smart Lock GO Smart door lock
MW2Q3ZM/A,Apple,NEW,8.69,79,ON-SITE,Apple USB-C to 3.5mm Headphone Jack Adapter
IADPVGA,IBOX,NEW,2.98,52,ON-SITE,iBox IADPVGA Display Port to VGA cable adapter
MW5L3ZM/A,Apple,NEW,16.12,46,ON-SITE,Apple MW5L3ZM/A USB cable USB C USB A White
IAUKEU,IBOX,NEW,1.63,45,ON-SITE,iBOX UK/EU power adapter
AIRB0,Vention,NEW,1.64,40,ON-SITE,Vention HDMI Female to Female Coupler Adapter Black
IADP4K,IBOX,NEW,3.71,40,ON-SITE,iBox IADP4K Display Port to HDMI cable adapter
IACRJ,IBOX,NEW,6.19,38,ON-SITE,IBox IACRJ Aluminum RJ45 to USB Type-C adapter 10/100/1000 Mb/s
ITVDPDVI012,IBOX,NEW,4.64,33,ON-SITE,iBox ITVDPDVI012 DisplayPort to DVI cable 4K 30Hz 2 m
IAARJ,IBOX,NEW,6.09,23,ON-SITE,IBox IAARJ Aluminum RJ45 to USB Type-A adapter 10/100/1000 Mb/s
X1B84AA,Hewlett-Packard,NEW,14.73,19,ON-SITE,HP HDMI to VGA Cable Adapter VGA (D-Sub) HDMI Type A (Standard) Black
AIOB0,Vention,NEW,1.56,18,ON-SITE,Vention HDMI 90 Degree Male to Female Adapter Black
Y-A025CGY,UNITEK,NEW,3.41,17,ON-SITE,UNITEK Y-A025CGY cable interface/gender adapter USB Type-C USB Type-A Metallic
Y-C476BK,UNITEK,NEW,5.27,15,ON-SITE,UNITEK Y-C476BK USB cable USB 3.2 Gen 1 (3.1 Gen 1) 0.2 m USB C USB A Black
BMBHA,Vention,NEW,6.23,15,ON-SITE,Vention Lightning male adapter 3.5mm jack 0.1m
ITVDP011,IBOX,NEW,2.59,12,ON-SITE,iBox ITVDP011 DisplayPort cable 4K 60Hz gold plug 1 m
V1152A,UNITEK,NEW,6.83,12,ON-SITE,Unitek V1152A Adapter miniDP - HDMI 4K 30Hz cable 2m
C476BK-1M,UNITEK,NEW,4.46,11,ON-SITE,Cable adapter Unitek (C476BK-1M) USB-C (M) - USB-A (F) 10Gbps 60 W
ITVDP012,IBOX,NEW,3.04,10,ON-SITE,iBox ITVDP012 DisplayPort cable 4K 60Hz gold plug 2 m
26027,Trust,NEW,10.18,10,ON-SITE,Trust 26027 interface cards/adapter Bluetooth
AIUH0,Vention,NEW,4.61,10,ON-SITE,Vention HDMI-HDMI connector 8K@60Hz Aluminium
Y-5118CA BOX,UNITEK,NEW,9.14,8,ON-SITE,UNITEK Y-5118CA video cable adapter 1.8 m HDMI Type A (Standard) DisplayPort Black
V1608A,UNITEK,NEW,10.86,8,ON-SITE,UNITEK CABLE DisplayPort 1.2 HDMI 4K@60HZ 1 8M V1608A
V1415A,UNITEK,NEW,13.59,8,ON-SITE,UNITEK ADAPTER USB-C DISPLAYPORT 1.4 8K@60HZ V1415A
AIQB0,Vention,NEW,2.2,8,ON-SITE,Vention HDMI 270 Degree Male to Female Vertical Flat Adapter Black
Y-105,UNITEK,NEW,8.57,8,ON-SITE,UNITEK Y-105 serial cable Black 1.5 m USB Type-A DB-9
U1309A,UNITEK,NEW,13.98,8,ON-SITE,UNITEK U1309A interface cards/adapter
ITVDP013,IBOX,NEW,3.62,6,ON-SITE,iBox ITVDP013 DisplayPort cable 4K 60Hz gold plug 3 m
2PC54AA,Hewlett-Packard,NEW,18.1,6,ON-SITE,HP 2PC54AA interface cards/adapter HDMI
NAJB0,Vention,NEW,10.36,6,ON-SITE,Vention Bluetooth 5.1 audio receiver
Y-1468,UNITEK,NEW,6.8,5,ON-SITE,UNITEK Y-1468 network card Ethernet 480 Mbit/s
BGMHA,Vention,NEW,5.85,5,ON-SITE,Vention USB-C Male to 3.5MM Earphone Jack With DAC Adapter 0.1M Gray Aluminum Alloy Type
U1323A,UNITEK,NEW,20.16,5,ON-SITE,Unitek USB-C - RJ45 adapter 1GBPS PD 100W
26221,Trust,NEW,9.36,4,ON-SITE,Trust 26221 USB graphics adapter Silver
AKOB0,Vention,NEW,7.68,4,ON-SITE,Vention 2-Port HDMI Bi-Direction 4K Switcher Black ABS Type
Y-105A,UNITEK,NEW,13.8,3,ON-SITE,UNITEK Y-105A serial cable Black 1.5 m USB Type-A DB-9
V1409A,UNITEK,NEW,11.79,3,ON-SITE,UNITEK V1409A cable gender changer USB-C DisplayPort Black Grey
25661,Trust,NEW,38.75,2,ON-SITE,Trust 25661 interface hub USB Type-C Aluminium
4Z534AA,Hewlett-Packard,NEW,18.91,2,ON-SITE,HP adapter 4Z534AA G2 USB-C to RJ45 adapter black
AKPH0,Vention,NEW,12.9,2,ON-SITE,Vention 2-Port Bi-Directional 8K HDMI Switcher Gray Aluminium Alloy Type
CEWHB,Vention,NEW,14.04,1,ON-SITE,Vention USB 3.0-A to Gigabit Ethernet Adapter Gray 0.15M Aluminum Alloy Type
U1343AGY01,UNITEK,NEW,24.29,1,ON-SITE,UNITEK USB-C TO RJ45 5GBPS M/F ADAPTER
V1423BGY01,UNITEK,NEW,21.03,1,ON-SITE,UNITEK USB-C to HDMI Cable – 8K USB 4 HDR10+ 1.8 m
Y-C609BK,UNITEK,NEW,7.88,15,ON-SITE,UNITEK Y-C609BK DisplayPort cable 3 m Black
C1626GY01-2M,UNITEK,NEW,11.28,11,ON-SITE,UNITEK C1626GY01-2M DisplayPort 2.1 Black
C1628GY01-1M,UNITEK,NEW,6.41,7,ON-SITE,UNITEK C1628GY01-1M DisplayPort cable Black Grey
C1628GY01-2M,UNITEK,NEW,9.4,6,ON-SITE,UNITEK C1628GY01-2M DisplayPort cable Black Grey
C1626GY01-1.5M,UNITEK,NEW,9.8,6,ON-SITE,UNITEK C1626GY01-1.5M DisplayPort cable Black Grey
C1628GY01-5M,UNITEK,NEW,15.75,4,ON-SITE,UNITEK C1628GY01-5M DisplayPort cable Black Grey
C1626GY01-1M,UNITEK,NEW,8.11,3,ON-SITE,UNITEK C1626GY01-1M DisplayPort 2.1 Black
Y-C607BK,UNITEK,NEW,4.07,3,ON-SITE,UNITEK Y-C607BK DisplayPort cable 1.5 m Black
Y-C608BK,UNITEK,NEW,5.98,2,ON-SITE,UNITEK Y-C608BK DisplayPort cable 2 m Black
V1610A01,UNITEK,NEW,25.9,2,ON-SITE,UNITEK CABLE DISPLAYPORT 1.4 TO HDMI 2.1 8K 1.8M
C1626GY01-3M,UNITEK,NEW,12.59,1,ON-SITE,UNITEK C1626GY01-3M DisplayPort 2.1 Black
HCCBI,Vention,NEW,10.41,1,ON-SITE,DisplayPort cable Vention 8K@60Hz 4K@144H 3m
AV-AHDMI-2.0,ALANTEC,NEW,2.19,89,ON-SITE,Alantec AV-AHDMI-2.0 HDMI cable 2m v2.0 High Speed with Ethernet - gold plated connectors
AV-AHDMI-5.0,ALANTEC,NEW,3.85,79,ON-SITE,Alantec AV-AHDMI-5.0 HDMI cable 5m v2.0 High Speed with Ethernet - gold plated connectors
ITVFHDDP012,IBOX,NEW,4.62,61,ON-SITE,IBox ITVFHDDP012 DisplayPort to HDMI cable 4K 30Hz 2 m
AV-AHDMI-3.0,ALANTEC,NEW,2.57,59,ON-SITE,Alantec AV-AHDMI-3.0 HDMI cable 3m v2.0 High Speed with Ethernet - gold plated connectors
ITVFHD0115,IBOX,NEW,1.39,57,ON-SITE,iBox ITVFHD0115 HDMI cable 1.5 m HDMI Type A (Standard) Black
AV-AHDMI-7.0,ALANTEC,NEW,4.8,47,ON-SITE,Alantec AV-AHDMI-7.0 HDMI cable 7m v2.0 High Speed with Ethernet - gold plated connectors
C138W,UNITEK,NEW,6.66,45,ON-SITE,UNITEK C138W HDMI cable 2 m HDMI Type A (Standard) Black Grey
C11093RGY01-1.5M,UNITEK,NEW,7.92,41,ON-SITE,UNITEK C11093RGY01-1.5M HDMI cable HDMI Type A (Standard) Black
AV-AHDMI-10.0,ALANTEC,NEW,7.75,40,ON-SITE,Alantec AV-AHDMI-10.0 HDMI cable 10m v2.0 High Speed with Ethernet - gold plated connectors
ITVFHD093,IBOX,NEW,3.31,39,ON-SITE,IBox ITVFHD093 HDMI 2.0 UHD 4K 60 Hz cable 3 m
AACBN,Vention,NEW,14.56,30,ON-SITE,Vention 15m HDMI cable
ITVFHD091,IBOX,NEW,2.24,29,ON-SITE,IBox ITVFHD091 HDMI 2.0 UHD 4K 60 Hz cable 1 m
AV-AHDMI-1.5,ALANTEC,NEW,1.92,29,ON-SITE,Alantec AV-AHDMI-1.5 HDMI cable 1 5m v2.0 High Speed with Ethernet - gold plated connectors
ITVFHD095,IBOX,NEW,4.57,26,ON-SITE,IBox ITVFHD095 HDMI 2.0 UHD 4K 60 Hz cable 5 m
ITVFHD0910,IBOX,NEW,7.8,19,ON-SITE,iBox ITVFHD0910 HDMI 2.0 UHD 4K 60Hz cable 10 m
C139W,UNITEK,NEW,13.84,19,ON-SITE,UNITEK 8K HDMI 2.1 Ultra Speed Cable
AACBK,Vention,NEW,8.82,17,ON-SITE,Vention HDMI Cable 8M Black
C137W,UNITEK,NEW,8.1,17,ON-SITE,UNITEK C137W HDMI cable 1.5 m HDMI Type A (Standard) Black
ITVFHDDVI012,IBOX,NEW,3.25,16,ON-SITE,IBox ITVFHDDVI012 HDMI to DVI cable FullHD 1080p 2 m black
ITVFHD08,IBOX,NEW,4.77,16,ON-SITE,HDMI cable I-BOX HD08 HDMI 2.1 8K 2M
AHCBI,Vention,NEW,4.77,15,ON-SITE,Vention HDMI-A Male to HDMI-A Female 4K HD Cable PVC Type 3M Black
C11099AWH03-2M,UNITEK,NEW,7.25,15,ON-SITE,UNITEK HDMI 2.1 8K HDR Cable White 2 m
C11099AWH03-0.5M,UNITEK,NEW,5.21,14,ON-SITE,UNITEK HDMI 2.1 8K HDR Cable White 0 5m
ITVFHD04,IBOX,NEW,3.83,14,ON-SITE,iBox ITVFHD04 HDMI cable 1.5 m HDMI Type A (Standard) Black Blue Gold
AACBH,Vention,NEW,3.13,13,ON-SITE,Vention HDMI Cable 2M Black
C11099AWH03-5M,UNITEK,NEW,12.39,13,ON-SITE,UNITEK HDMI 2.1 8K HDR Cable White 5m
C140W,UNITEK,NEW,16.09,12,ON-SITE,UNITEK C140W HDMI cable 5 m HDMI Type A (Standard) Black
C11068BK,UNITEK,NEW,13.06,11,ON-SITE,UNITEK CABLE HDMI 2.0 4K 60HZ C11068BK 7M
C11043BK,UNITEK,NEW,14.49,11,ON-SITE,UNITEK C11043BK HDMI cable 10 m HDMI Type A (Standard) Black
C11072BK-10M,UNITEK,NEW,24.45,10,ON-SITE,UNITEK HDMI CABLE 2.0 4K 60HZ AOC 10M
C11093RGY01-2M,UNITEK,NEW,8.55,10,ON-SITE,UNITEK 8K Braided Nylon 2M HDMI cable HDMI Type A (Standard) Grey
C11099AWH03-1.5M,UNITEK,NEW,6.39,10,ON-SITE,UNITEK HDMI 2.1 8K HDR Cable White 1.5 m
AACBI,Vention,NEW,4.01,9,ON-SITE,Vention HDMI Cable 3M Black
C11093RGY01-10M,UNITEK,NEW,26.14,9,ON-SITE,UNITEK C11093RGY01-10M HDMI cable HDMI Type A (Standard) Black
C11041BK,UNITEK,NEW,7.14,9,ON-SITE,UNITEK C11041BK HDMI cable 5 m HDMI Type A (Standard) Black
C11085GY01-30M,UNITEK,NEW,57.2,8,ON-SITE,Optical cable HDMI 2.1 AOC Unitek C11085GY01-30M
AACBJ,Vention,NEW,4.77,7,ON-SITE,Vention HDMI Cable 5M Black
C11093RGY01-3M,UNITEK,NEW,10.59,6,ON-SITE,UNITEK C11093RGY01-3M HDMI cable HDMI Type A (Standard) Black
C11093RGY01-5M,UNITEK,NEW,13.55,6,ON-SITE,UNITEK HDMI 2.1 8K LUX OPLOT CABLE 5M
C11063BK-2M,UNITEK,NEW,4.08,5,ON-SITE,UNITEK HDMI CABLE 2.0 4K60HZ FLAT 2M C11063BK-2M
CRBBH,Vention,NEW,13.73,4,ON-SITE,Vention USB-C to HDMI cable 4K@60Hz braided 2m GREY
AACBL,Vention,NEW,11.43,3,ON-SITE,Vention HDMI Cable 10M Black
ALGLH,Vention,NEW,10.75,3,ON-SITE,Vention Cotton Braided HDMI-A Male to Male HD Cable 8K 2M Blue Aluminum Alloy Type
C11093RGY01-1M,UNITEK,NEW,7.29,3,ON-SITE,UNITEK 8K Braided Nylon 1M HDMI cable HDMI Type A (Standard) Grey
V1439ABK01,UNITEK,NEW,10.23,3,ON-SITE,UNITEK V1439ABK01 USB graphics adapter 3840 x 2160 pixels Black
ITVFHD092,IBOX,NEW,2.79,3,ON-SITE,IBox ITVFHD092 HDMI 2.0 UHD 4K 60 Hz cable 2 m
C11061BK-0.3M,UNITEK,NEW,2.65,2,ON-SITE,UNITEK CABLE HDMI 2.0 4K 0 3M C11061BK
24028,Trust,NEW,10.03,2,ON-SITE,Trust GXT 731 Ruza HDMI cable 1.8 m HDMI Type A (Standard)
C11099AWH03-3M,UNITEK,NEW,9.65,2,ON-SITE,UNITEK HDMI 2.1 8K HDR Cable White 3M
AACBQ,Vention,NEW,25.36,1,ON-SITE,Vention HDMI Cable 20m Black
C11079BK-3M,UNITEK,NEW,3.74,1,ON-SITE,UNITEK HDMI CABLE 2.0 4K 60HZ C11079BK-3M
BCFBH,Vention,NEW,4.24,13,ON-SITE,Vention 3.5mm Male to 2RCA Male Audio Cable 2M Black Metal Type
BCFBI,Vention,NEW,4.66,11,ON-SITE,Vention 3.5mm Male to 2RCA Male Audio Cable 3M Black Metal Type
BGUHH,Vention,NEW,6.21,7,ON-SITE,Vention USB-C to 2RCA male audio cable 2 m
BCFBF,Vention,NEW,3.91,7,ON-SITE,Vention 3.5mm Male to 2RCA Male Audio Cable 1M Black Metal Type
BCFBJ,Vention,NEW,9.52,2,ON-SITE,Vention AALBF HDMI cable
BGUHF,Vention,NEW,5.59,2,ON-SITE,Vention USB-C to 2RCA male audio cable 1m
BAVHI,Vention,NEW,6.52,18,ON-SITE,Vention Optical Fiber Audio Cable Aluminum Alloy Type 3M Gray
MU2G3ZM/A,Apple,NEW,16.97,96,ON-SITE,Apple 240W USB-C Charge Cable (2m)
GX91V57058,Lenovo,NEW,13.81,53,ON-SITE,Lenovo USB cable USB 2.0 1.2 m USB C 0.48 Gbit/s 240 W Black
GX91V57059,Lenovo,NEW,13.81,19,ON-SITE,Lenovo GX91V57059 USB cable USB 2.0 1.2 m USB C 0.48 Gbit/s 240 W White
UC400,TP-LINK,NEW,4.98,17,ON-SITE,TP-Link UC400 USB cable 0.133 m USB A USB C White
Y-C418GBK,UNITEK,NEW,4.67,13,ON-SITE,UNITEK Y-C418GBK USB cable USB 2.0 5 m USB A Black
C14100ABK01-2M,UNITEK,NEW,22.29,10,ON-SITE,UNITEK C14100ABK01-2M USB cable USB4 Gen 2x2 USB C 40 Gbit/s 240 W Black
Y-C458GBK,UNITEK,NEW,3.54,6,ON-SITE,UNITEK Y-C458GBK USB cable USB 3.2 Gen 1 (3.1 Gen 1) 1.5 m USB A Black
U1335ABK01,UNITEK,NEW,22.36,3,ON-SITE,Cable - UNITEK U1335ABK01 USB-C - 2x USB-C 5 m
C14095BK-2M,UNITEK,NEW,4.07,2,ON-SITE,Unitek C14095BK USB-A to USB 3.0 Printer Cable 2m
Y-278,UNITEK,NEW,10.05,1,ON-SITE,UNITEK Y-278 USB cable USB 2.0 10 m 2 x USB A USB A Black
05-50148-03,BROADCOM,NEW,534.61,10,ON-SITE,Broadcom MegaRAID 9520-2M2 adapter 2x M.2 SATAx8 /NVMe x1 x2 x4; PCIe 4.0 05-50148-03
05-50077-00,BROADCOM,NEW,1522.3,4,ON-SITE,Broadcom MegaRAID 9560-16i RAID controller PCI Express x8 4.0 12 Gbit/s
CMT40A0 C00N10A,Gigabyte,NEW,59.87,3,ON-SITE,GIGABYTE CMT40A0 interface cards/adapter Internal M.2
90SC07P0-M0UAY0,ASUS,NEW,438.47,1,ON-SITE,ASUS RAID PIKE II 3108-8i-240PD/2G 90SC07P0-M0UAY0
BHR08TYGL,Xiaomi,NEW,29.24,25,ON-SITE,Xiaomi Mija Compact Portable Electric Air Compressor
VCNRTXPRO6000MQ-SB,PNY Technologies,NEW,16103.8,10,ON-SITE,PNY RTX PRO 6000 Blackwell Max-Q Workstation Edition NVIDIA 96 GB GDDR7
VCNRTX4000ADA-SB,PNY Technologies,NEW,1958.5,10,ON-SITE,Graphics card PNY NVIDIA RTX 4000 Ada Generation 20 GB GDDR6 160-bit PCIe 4.0 x16 Single Slot 4x DP 1.4a ATX - ATX bracket 1x 16-pin power supply cable small box
VCNRTX4000ADA-PB,PNY Technologies,NEW,2317.21,10,ON-SITE,Graphics card PNY NVIDIA RTX 4000 Ada Generation 20 GB GDDR6 160-bit PCIe 4.0 x16 Single Slot 4x Mini DP 1.4a ATX - ATX bracket 1x 16-pin power supply cable retial
VCNRTXPRO6000MQ-PB,PNY Technologies,NEW,17383.05,4,ON-SITE,PNY RTX PRO 6000 Blackwell Max-Q Workstation Edition NVIDIA 96 GB GDDR7
VCNRTX6000ADA-PB,PNY Technologies,NEW,8890.81,1,ON-SITE,PNY VCNRTX6000ADA-PB NVIDIA RTX 6000 ADA 48GB GDDR6 4X DISPLAYPORT PCI EXPRESS 4.0 DUAL SLOT ATX - ATX BRACKET RETAIL
MKB-U6-1,Q-LANTEC,NEW,1.34,200,ON-SITE,Alantec MKB-U6-1 keystone module
MKN-U5-1,Q-LANTEC,NEW,0.83,200,ON-SITE,Alantec MKN-U5-1 wire connector RJ45 White
MKN-U6-1,Q-LANTEC,NEW,1.09,200,ON-SITE,Q-LANTEC MKN-U6-1 wire connector RJ45 UTP Category 6 Unshielded White
MB003-1,A-LAN,NEW,2.37,200,ON-SITE,Alantec MB003-1 wire connector RJ45
MB005-1,ALANTEC,NEW,3.7,200,ON-SITE,Alantec MB005-1 RJ45 toolless STP cat.6A PoE+ keystone module ALANTEC Plus - Enhanced transmission performance
MB004-1,ALANTEC,NEW,3.31,200,ON-SITE,Alantec MB004-1 RJ45 toolless STP cat.6 PoE+ keystone module ALANTEC Plus - Enhanced transmission performance
MKB-S6-1,Q-LANTEC,NEW,2.26,200,ON-SITE,Alantec MKB-S6-1 wire connector RJ45 Silver
MB007-1,ALANTEC,NEW,2.95,200,ON-SITE,Alantec MB007-1 RJ45 toolless UTP cat.6A keystone module ALANTEC Plus - Enhanced transmission performance
WTM06,ALANTEC,NEW,1.61,200,ON-SITE,Alantec WTM06 network junction box Cat5e Black
WTM10,ALANTEC,NEW,0.53,200,ON-SITE,Alantec WTM10 wire connector RJ45 Black
WTM19,ALANTEC,NEW,0.93,192,ON-SITE,Alantec WTM19 wire connector RJ45 Black
WTM08,ALANTEC,NEW,1.8,127,ON-SITE,Alantec WTM08 terminal block Black
WTM09,ALANTEC,NEW,2.22,100,ON-SITE,Alantec WTM09 network junction box Cat6 Silver
GN001,ALANTEC,NEW,0.84,80,ON-SITE,Alantec GN001 wire connector RJ45 White
mb001,ALANTEC,NEW,1.26,71,ON-SITE,Alantec MB001 wire connector RJ45 Black White
WTM17,ALANTEC,NEW,0.86,53,ON-SITE,Alantec WTM17 wire connector RJ45 Black
WTM18,ALANTEC,NEW,1.03,21,ON-SITE,Alantec WTM18 wire connector RJ45 Grey
WTM20,ALANTEC,NEW,1.03,20,ON-SITE,Alantec WTM20 wire connector RJ45 Grey
WTM07,ALANTEC,NEW,1.87,20,ON-SITE,Alantec WTM07 network junction box Cat5e Silver
OS002,ALANTEC,NEW,0.31,19,ON-SITE,Alantec OS002 socket safety cover White 1 pc(s)
A1026BK,UNITEK,NEW,2.34,4,ON-SITE,UNITEK A1026BK cable gender changer RJ-45 Black
KKU5CZA0.25,ALANTEC,NEW,0.33,200,ON-SITE,Alantec KKU5CZA1 networking cable Black 0.25 m Cat5e U/UTP (UTP)
KKU5NIE0.25,ALANTEC,NEW,0.28,200,ON-SITE,Alantec KKU5CZA1 networking cable Blue 0.25 m Cat5e U/UTP (UTP)
KKU5ZOL0.25,ALANTEC,NEW,0.29,200,ON-SITE,Alantec KKU5CZA1 networking cable Yellow 0.25 m Cat5e U/UTP (UTP)
KKU6CZA0.5,ALANTEC,NEW,0.86,200,ON-SITE,AVIZIO KKU6CZA0.5 networking cable Black 0.5 m Cat6 U/UTP (UTP)
UACC-Cable-Patch-EL-0.15M-W,UBIQUITI,NEW,3.63,200,ON-SITE,Ubiquiti UACC-Cable-Patch-EL-0.15M-W networking cable Translucent White Cat6
KKU5NIE0.5,ALANTEC,NEW,0.33,200,ON-SITE,Alantec KKU5NIE0.5 networking cable Blue 0.5 m Cat5e U/UTP (UTP)
KKU5ZIE0.5,ALANTEC,NEW,0.35,200,ON-SITE,Alantec KKU5ZIE0.5 networking cable Green 0.5 m Cat5e U/UTP (UTP)
KKU5ZIE1,ALANTEC,NEW,0.42,200,ON-SITE,Alantec KKU5ZIE1 networking cable Yellow 1 m Cat5e U/UTP (UTP)
KKU5CZA2,ALANTEC,NEW,0.59,200,ON-SITE,Alantec KKU5CZA2 networking cable Black 2 m Cat5e U/UTP (UTP)
KKU5SZA2,ALANTEC,NEW,0.58,200,ON-SITE,Alantec KKU5SZA2 networking cable Grey 2 m Cat5e U/UTP (UTP)
KKU5SZA5,ALANTEC,NEW,1.11,200,ON-SITE,Alantec KKU5SZA5 networking cable Grey 5 m Cat5e U/UTP (UTP)
KKS6SZA3.0,ALANTEC,NEW,1.79,200,ON-SITE,A-LAN KKS6SZA3.0 networking cable Grey 3 m Cat6 F/UTP (FTP)
KKU5CZE1,ALANTEC,NEW,0.46,200,ON-SITE,Alantec KKU5CZE1 networking cable Red 1 m Cat5e U/UTP (UTP)
KKU5CZA3,ALANTEC,NEW,0.77,200,ON-SITE,Alantec KKU5CZA3 networking cable Black 3 m Cat5e U/UTP (UTP)
KKU5SZA0.5,ALANTEC,NEW,0.35,200,ON-SITE,Alantec KKU5SZA2 network cable 0.5 m Cat5e U/UTP (UTP) Gray
KKS6SZA0.5,ALANTEC,NEW,0.85,200,ON-SITE,A-LAN KKS6SZA0.5 networking cable Grey 0.5 m Cat6 F/UTP (FTP)
KKU5SZA1,ALANTEC,NEW,0.41,200,ON-SITE,Alantec KKU5SZA2 Network cable 1 m Cat5e U/UTP (UTP) Gray
KKU5NIE1,ALANTEC,NEW,0.41,195,ON-SITE,Alantec KKU5NIE1 networking cable Blue 1 m Cat5e U/UTP (UTP)
KKU5SZA7,ALANTEC,NEW,1.46,190,ON-SITE,Alantec KKU5SZA7 networking cable Grey 7 m Cat5e U/UTP (UTP)
U-Cable-Patch-1M-RJ45,UBIQUITI,NEW,2.53,190,ON-SITE,Ubiquiti UC-Patch-1M-RJ45 networking cable White Cat6
KKU5CZE0.25,ALANTEC,NEW,0.31,187,ON-SITE,Alantec KKU5CZA1 networking cable Red 0.25 m Cat5e U/UTP (UTP)
KKU5CZA1,ALANTEC,NEW,0.51,180,ON-SITE,Alantec KKU5CZA1 networking cable Black 1 m Cat5e U/UTP (UTP)
KKU5CZA0.5,ALANTEC,NEW,0.38,156,ON-SITE,A-LAN KKU5CZA0.5 networking cable Black 0.5 m Cat5e U/UTP (UTP)
KKU6SZA0.5,ALANTEC,NEW,0.75,129,ON-SITE,Alantec KKU6SZA0.5 networking cable Grey 0.5 m Cat6 U/UTP (UTP)
KKU5CZA5,ALANTEC,NEW,1.17,110,ON-SITE,Alantec KKU5CZA5 networking cable 5 m Cat5e U/UTP (UTP) Black
UACC-Cable-Patch-EL-0.3M-W,UBIQUITI,NEW,4.58,96,ON-SITE,Ubiquiti UACC-Cable-Patch-EL-0.3M-W networking cable Translucent White Cat6
KKS6ZIE2.0,ALANTEC,NEW,1.51,94,ON-SITE,A-LAN KKS6ZIE2.0 networking cable Green 2 m Cat6 F/UTP (FTP)
KKS6SZA2.0,ALANTEC,NEW,1.53,87,ON-SITE,A-LAN KKS6SZA2.0 networking cable Grey 2 m Cat6 F/UTP (FTP)
KKS6NIE0.5,ALANTEC,NEW,0.82,80,ON-SITE,AVIZIO KKS6NIE0.5 networking cable Blue 0.5 m Cat6 F/UTP (FTP)
UACC-Cable-Patch-EL-1M-W,UBIQUITI,NEW,5.31,59,ON-SITE,Ubiquiti UACC-Cable-Patch-EL-1M-W networking cable Translucent White Cat6
KKS6SZA1.0,ALANTEC,NEW,1.15,53,ON-SITE,A-LAN KKS6SZA1.0 networking cable Grey 1 m Cat6 F/UTP (FTP)
UACC-Cable-Patch-EL-2M-W,UBIQUITI,NEW,6.43,50,ON-SITE,Ubiquiti UACC-Cable-Patch-EL-2M-W networking cable Translucent White Cat6
KKU5SZA0.25,ALANTEC,NEW,0.29,48,ON-SITE,Alantec KKU5SZA0.25 networking cable Grey 0.25 m Cat5e U/UTP (UTP)
KKS6CZA1.0,ALANTEC,NEW,1.14,44,ON-SITE,AVIZIO KKS6CZA1.0 networking cable Black 1 m Cat6 F/UTP (FTP)
KKU5SZA10,ALANTEC,NEW,2.01,42,ON-SITE,Alantec KKU5SZA10 networking cable Grey 10 m Cat5e U/UTP (UTP)
KKU5ZOL0.5,ALANTEC,NEW,0.37,42,ON-SITE,A-LAN KKU5ZOL0.5 networking cable Yellow 0.5 m Cat5e U/UTP (UTP)
U-Cable-Patch-2M-RJ45,UBIQUITI,NEW,3.3,27,ON-SITE,Ubiquiti UC-Patch-2M-RJ45 networking cable White Cat6
KKU5SZA20,ALANTEC,NEW,3.59,24,ON-SITE,Alantec KKU5SZA20 networking cable Grey 20 m Cat5e U/UTP (UTP)
KKS6SZA10,ALANTEC,NEW,4.85,23,ON-SITE,A-LAN KKS6SZA10 networking cable Grey 10 m Cat6 U/UTP (UTP)
UACC-Cable-Patch-Outdoor-5M-W,UBIQUITI,NEW,7.45,17,ON-SITE,Ubiquiti UACC-CABLE-PATCH-OUTDOOR-5M-W networking cable White Cat5e S/UTP (STP)
UACC-Cable-Patch-EL-0.15M-W-24,UBIQUITI,NEW,76.73,13,ON-SITE,Ubiquiti UACC-Cable-Patch-EL-0.15M-W-24 networking cable Translucent White Cat6
UACC-Cable-Patch-Outdoor-1M-W,UBIQUITI,NEW,3.82,13,ON-SITE,Ubiquiti UACC-CABLE-PATCH-OUTDOOR-1M-W networking cable White Cat5e S/UTP (STP)
UACC-Cable-Patch-EL-3M-W,UBIQUITI,NEW,7.97,12,ON-SITE,Ubiquiti UACC-Cable-Patch-EL-3M-W networking cable Translucent White Cat6
KKS6SZA5.0,ALANTEC,NEW,3.01,10,ON-SITE,Alantec KKS6SZA5.0 networking cable Grey 5 m Cat6 F/UTP (FTP)
IKABL,Vention,NEW,14.34,10,ON-SITE,Vention Cat.8 SFTP Patch Cable 10M Black
UACC-Cable-Patch-Outdoor-3M-W,UBIQUITI,NEW,5.66,10,ON-SITE,Ubiquiti UACC-CABLE-PATCH-OUTDOOR-3M-W networking cable White Cat5e S/UTP (STP)
C18149AGY03-2M,UNITEK,NEW,4.49,9,ON-SITE,UNITEK ETHERNET CABLE RJ-45 LAN CAT.8 (S/FTP) 2M
C18149AGY03-1.5M,UNITEK,NEW,4.09,8,ON-SITE,UNITEK ETHERNET CABLE RJ-45 LAN CAT.8 (S/FTP) 1.5M
C1811GBK,UNITEK,NEW,1.85,7,ON-SITE,UNITEK Cat 6 UTP RJ45 (8P8C) Flat Ethernet Cable
UACC-Cable-Patch-Outdoor-8M-W,UBIQUITI,NEW,10.43,5,ON-SITE,Ubiquiti UACC-CABLE-PATCH-OUTDOOR-8M-W networking cable White Cat5e S/UTP (STP)
IKABI,Vention,NEW,5.88,4,ON-SITE,Vention Cat.8 SFTP Patch Cable 3M Black
KKS6CZA0.5,ALANTEC,NEW,0.84,4,ON-SITE,Alantec KKS6CZA0.5 Patch-cord F/UTP cat.6 PVC 0.5m black
IKABH,Vention,NEW,4.39,3,ON-SITE,Vention Cat.8 SFTP Patch Cable 2M Black
C18149AGY03-3M,UNITEK,NEW,7.08,2,ON-SITE,UNITEK ETHERNET CABLE RJ-45 LAN CAT.8 (S/FTP) 3M
C18149AGY03-1M,UNITEK,NEW,3.42,2,ON-SITE,UNITEK ETHERNET CABLE RJ-45 LAN CAT.8 (S/FTP) 1M
UACC-Cable-Patch-Outdoor-2M-W,UBIQUITI,NEW,3.23,1,ON-SITE,Ubiquiti UACC-CABLE-PATCH-OUTDOOR-2M-W networking cable White Cat5e S/UTP (STP)
OS009,A-LAN,NEW,1.65,111,ON-SITE,Alantec OS009 terminal block accessory Terminal block cover 1 pc(s)
GN002,ALANTEC,NEW,1.58,186,ON-SITE,Alantec GN002 wire connector 2xRJ45 White
GN011,A-LAN,NEW,1.97,47,ON-SITE,Alantec GN011 network junction box Cat6 White
GN004,ALANTEC,NEW,1.83,20,ON-SITE,Alantec GN004 wire connector RJ45 White
GN005,ALANTEC,NEW,1.01,15,ON-SITE,A-LAN GN005 network junction box Cat5e White
KIU6PVC305,ALANTEC,NEW,133.69,46,ON-SITE,A-LAN KIU6PVC305 networking cable Grey 305 m Cat6 U/UTP (UTP)
PFM920I-5EUN,DAHUA,NEW,67.4,41,ON-SITE,Dahua Technology PFM920I-5EUN networking cable White 305 m Cat5e U/UTP (UTP)
KIS6ALSOH100DQ,Q-LANTEC,NEW,74.36,39,ON-SITE,Q-LANTEC S/FTP cat.6A network cable twisted pair LSOH
KIU5PVC305,ALANTEC,NEW,96.06,37,ON-SITE,A-LAN KIU5PVC305 networking cable Grey 305 m Cat5e U/UTP (UTP)
KIU6PVC305Q,Q-LANTEC,NEW,120.91,31,ON-SITE,A-LAN KIU6PVC305Q networking cable 305 m Cat6 U/UTP (UTP) Grey
KIU5OUTS305,ALANTEC,NEW,112.64,27,ON-SITE,A-LAN KIU5OUTS305 networking cable Black 305 m Cat5e U/UTP (UTP)
KIU5PVC305Q,Q-LANTEC,NEW,85.89,21,ON-SITE,A-LAN KIU5PVC305NC networking cable 305 m Cat5e U/UTP (UTP) Grey
KIF5PVC305Q,Q-LANTEC,NEW,109.33,15,ON-SITE,Alantec KIF5PVC305Q networking cable Grey 305 m Cat5e F/UTP (FTP)
KIU6OUTS305,ALANTEC,NEW,154.19,12,ON-SITE,ALANTEC U/UTP cat.6 PE 4x2x23AWG 305m EXTERNAL DRY cable
KIU6PVC100Q,Q-LANTEC,NEW,40.16,10,ON-SITE,Q-LANTEC U/UTP cat.6A network cable twisted pair LSOH
KIF5OUTZ305,ALANTEC,NEW,187.47,9,ON-SITE,Alantec KIF5OUTZ305 networking cable Black 305 m Cat5e U/UTP (UTP)
KIU5OUTS305Q,Q-LANTEC,NEW,91.77,8,ON-SITE,Q-LANTEC KIU5OUTS305Q networking cable 305 m Cat5e U/UTP (UTP) Black
PFM920I-6UN-C-V2,DAHUA,NEW,107.51,7,ON-SITE,Dahua Technology PFM920I-6UN-C-V2 networking cable White 305 m Cat6 U/UTP (UTP)
KIF5OUT305,ALANTEC,NEW,154.2,6,ON-SITE,Alantec KIF5OUT305 networking cable Black 305 m Cat5e F/UTP (FTP)
KIU6LSOH305D,ALANTEC,NEW,145.42,4,ON-SITE,Alantec KIU6LSOH305D networking cable Grey Cat6 U/UTP (UTP)
KIU5OUTZ305,ALANTEC,NEW,134.09,4,ON-SITE,A-LAN KIU5OUTZ305 networking cable Grey 305 m Cat5e U/UTP (UTP)
KIU5STR305,ALANTEC,NEW,99.54,3,ON-SITE,Alantec KIU5STR305 networking cable Grey 305 m Cat5e U/UTP (UTP)
KIF6PVC305Q,Q-LANTEC,NEW,161.28,2,ON-SITE,Q-LANTEC F/UTP cat.6A network cable twisted pair LSOH
KIS6ALSOH500DQ,Q-LANTEC,NEW,371.93,2,ON-SITE,Q-LANTEC S/FTP cat.6A network cable twisted pair LSOH
KIU6LINKA305,ALANTEC,NEW,145.24,1,ON-SITE,A-LAN KIU6LINKA305 networking cable Grey 305 m Cat6 U/UTP (UTP)
KIU6ALSOH500D,ALANTEC,NEW,316.41,1,ON-SITE,Alantec KIU6ALSOH500D networking cable 500 m Cat6 U/UTP Grey
KIF6OUTZ305,ALANTEC,NEW,225.89,1,ON-SITE,ALANTEC F/UTP cat.6 PE 4x2x23AWG 305m EXTERNAL DRY cable
FOC-LCLC-9SMD-2,A-LAN,NEW,4.22,46,ON-SITE,Alantec FOC-LCLC-9SMD-2 InfiniBand/fibre optic cable 2 m LC Yellow
FOC-LCLC-5MMD-5-4,A-LAN,NEW,7.82,30,ON-SITE,Alantec FOC-LCLC-5MMD-5-4 InfiniBand/fibre optic cable 5 m LC Violet
FOC-LCLC-9SMD-1,A-LAN,NEW,3.23,28,ON-SITE,Alantec FOC-LCLC-9SMD-1 InfiniBand/fibre optic cable 1 m LC Yellow
FOC-LCLC-5MMD-2-4,A-LAN,NEW,5.33,18,ON-SITE,Alantec FOC-LCLC-5MMD-2-4 InfiniBand/fibre optic cable 2 m LC Violet
FOC-LCLC-5MMD-1-4,A-LAN,NEW,4.56,13,ON-SITE,Alantec FOC-LCLC-5MMD-1-4 InfiniBand/fibre optic cable 1 m LC Violet
FOC-LCLC-5MMD-2-3,A-LAN,NEW,4.42,12,ON-SITE,Alantec FOC-LCLC-5MMD-2-3 InfiniBand/fibre optic cable 2 m LC Violet
FOC-LCLC-9SMD-5,A-LAN,NEW,4.64,10,ON-SITE,Alantec FOC-LCLC-9SMD-5 InfiniBand/fibre optic cable 5 m LC Yellow
FOC-LCLC-5MMD-5-3,A-LAN,NEW,5.77,9,ON-SITE,Alantec FOC-LCLC-5MMD-5-3 InfiniBand/fibre optic cable 5 m LC Turquoise
FOC-LCLC-5MMD-3-3,A-LAN,NEW,4.88,4,ON-SITE,Alantec FOC-LCLC-5MMD-3-3 InfiniBand/fibre optic cable 3 m LC Turquoise
WT118,ALANTEC,NEW,4.58,62,ON-SITE,Alantec WT118 wire connector RJ-45 Transparent
WTR455,A-LAN,NEW,0.31,49,ON-SITE,Alantec Compression F-connector RG6
WT117,ALANTEC,NEW,5.72,46,ON-SITE,Alantec WT117 wire connector RJ-45 Transparent
WT001OP,A-LAN,NEW,4.6,30,ON-SITE,Alantec WT001 wire connector RJ45 Transparent
WT106,ALANTEC,NEW,12.01,26,ON-SITE,Alantec WT106 wire connector RJ45 Transparent
WT108,ALANTEC,NEW,0.9,4,ON-SITE,Alantec WT108 wire connector RJ-45 Stainless steel
WT003,A-LAN,NEW,9.71,1,ON-SITE,Alantec WT003 wire connector RJ45 Aluminium
8006363076296,BIALETTI,NEW,16.77,41,ON-SITE,Bialetti Pregiato 1 kg
8006363076319,BIALETTI,NEW,16.76,19,ON-SITE,Bialetti Intenso 1 kg
1295841E,YANKEE home,NEW,3.95,16,ON-SITE,Ultimate BLACK COCONUT YANKEE Car Air Freshener
2244833,YANKEE home,NEW,3.95,12,ON-SITE,Vent Sticks BLACK CHERRY YANKEE Car Air Freshener
1723623E,YANKEE home,NEW,3.95,11,ON-SITE,Vent Sticks BLACK CHERRY YANKEE Car Air Freshener
2244814,YANKEE home,NEW,2.15,10,ON-SITE,BLACK COCONUT YANKEE Scented Air Freshener
2244825,YANKEE home,NEW,4.26,10,ON-SITE,ULTIMATE BLACK COCONUT YANKEE Scented Air Freshener
2244826,YANKEE home,NEW,4.26,10,ON-SITE,ULTIMATE CLEAN COTTON YANKEE Scented Air Freshener
2244830,YANKEE home,NEW,4.26,10,ON-SITE,ULTIMATE RED RASPBERRY YANKEE Scented Air Freshener
1221000E,YANKEE home,NEW,3.96,10,ON-SITE,Ultimate BLACK CHERRY YANKEE Car Air Freshener
2244815,YANKEE home,NEW,2.16,9,ON-SITE,CLEAN COTTON YANKEE Scented Air Freshener
2244831,YANKEE home,NEW,4.26,9,ON-SITE,ULTIMATE SOFT BLANKET YANKEE Scented Air Freshener
2244832,YANKEE home,NEW,4.26,9,ON-SITE,ULTIMATE VANILLA CUPCAKE YANKEE Scented Air Freshener
1723597E,YANKEE home,NEW,3.96,9,ON-SITE,Ultimate PINK SANDS YANKEE Car Air Freshener
2244819,YANKEE home,NEW,2.15,8,ON-SITE,YANKEE VANILLA CUPCAKE Scented Air Freshener
2244835,YANKEE home,NEW,4.26,6,ON-SITE,VENT STICK CLEAN COTTON YANKEE Scented Air Freshener
2244822,YANKEE home,NEW,4.97,6,ON-SITE,bonus pack CLEAN COTTON YANKEE Scented Air Freshener
18CART6,Millefiori,NEW,6.01,5,ON-SITE,Car Air Freshener 1 pc WHITE ROSE ESPRESSO MILLEFIORI
18CAR50,Millefiori,NEW,6.01,5,ON-SITE,Car Air Freshener WHITE AMBRA & ROSA MILLEFIORI
18CART5,Millefiori,NEW,6.01,4,ON-SITE,Car air freshener WHITE MUSK MILLEFIORI
18CAR64,Millefiori,NEW,6.42,4,ON-SITE,Car Air Freshener PINK - MAGNOLIA BLOSSOM & WOOD MILLEFIORI
18CARVI1,Millefiori,NEW,6.01,4,ON-SITE,Car Air Freshener PURPLE - MAGNOLIA BLOSSOM & WOOD MILLEFIORI
18CARRD,Millefiori,NEW,6,3,ON-SITE,Car Air Freshener RED - VANILLA & WOOD MILLEFIORI
18CARYE,Millefiori,NEW,6,3,ON-SITE,Car Air Freshener YELLOW SANDALO BERGAMOTTO MILLEFIORI
18CAR84,Millefiori,NEW,6.01,3,ON-SITE,Car air freshener GOLD VANILLA & WOOD MILLEFIORI
18CART8,Millefiori,NEW,6,3,ON-SITE,Car Air Freshener ORANGE SANDALO BERGAMOTTO MILLEFIORI
2244821,YANKEE home,NEW,4.5,3,ON-SITE,Bonus Pack BLACK CHERRY YANKEE Car Air Freshener
77REMMB,Millefiori,NEW,9.69,10,ON-SITE,Refill for reed diffuser 250 ml WHITE MUSK MILLEFIORI
77REMDV,Millefiori,NEW,9.69,8,ON-SITE,Reed Diffuser Refill 250 ml VANILLA & WOOD MILLEFIORI
77MDNR,Millefiori,NEW,11.91,8,ON-SITE,Reed Diffuser 100 ml NERO MILLEFIORI
18RCMB,Millefiori,NEW,3.1,6,ON-SITE,Refill 1 piece WHITE MUSK MILLEFIORI
77MDMW,Millefiori,NEW,11.54,5,ON-SITE,Reed Diffuser 100 ml MAGNOLIA BLOSSOM & WOOD MILLEFIORI
77DDMW,Millefiori,NEW,17.34,5,ON-SITE,Reed Diffuser 250 ml MAGNOLIA BLOSSOM & WOOD MILLEFIORI
77DDMB,Millefiori,NEW,17.34,5,ON-SITE,Reed Diffuser 250 ml WHITE MUSK MILLEFIORI
77SRLG,Millefiori,NEW,6.9,5,ON-SITE,Home Fragrance 100 ml LEMON GRASS MILLEFIORI
77SRMB,Millefiori,NEW,6.9,5,ON-SITE,Room Fragrance Spray 100 ml WHITE MUSK MILLEFIORI
77SRDV,Millefiori,NEW,6.9,4,ON-SITE,Home Fragrance 100 ml VANILLA & WOOD MILLEFIORI
77SRMW,Millefiori,NEW,6.9,4,ON-SITE,Room Fragrance Spray 100 ml MAGNOLIA BLOSSOM & WOOD MILLEFIORI
77REMMW,Millefiori,NEW,9.69,4,ON-SITE,Reed Diffuser Refill 250 ml MAGNOLIA BLOSSOM & WOOD MILLEFIORI
77DIMB,Millefiori,NEW,30.03,4,ON-SITE,Reed Diffuser 500 ml WHITE MUSK MILLEFIORI
77DDLG,Millefiori,NEW,17.32,4,ON-SITE,Reed Diffuser 250 ml LEMON GRASS MILLEFIORI
7DDOM,Millefiori,NEW,15.94,3,ON-SITE,Reed Diffuser 250 ml OMBRA MILLEFIORI
77DDDV,Millefiori,NEW,17.35,3,ON-SITE,Reed Diffuser 250 ml VANILLA & WOOD MILLEFIORI
77DIMW,Millefiori,NEW,30.01,3,ON-SITE,Reed Diffuser 500 ml MAGNOLIA BLOSSOM & WOOD MILLEFIORI
77DIDV,Millefiori,NEW,30.02,3,ON-SITE,Reed Diffuser 500 ml VANILLA & WOOD MILLEFIORI
77SRNR,Millefiori,NEW,6.9,3,ON-SITE,Room Fragrance Spray 100 ml NERO MILLEFIORI
77MDDV,Millefiori,NEW,11.54,2,ON-SITE,Reed Diffuser 100 ml VANILLA & WOOD MILLEFIORI
77REMB,Millefiori,NEW,15.97,2,ON-SITE,Refill for reed diffuser 500 ml WHITE MUSK MILLEFIORI
77DILG,Millefiori,NEW,30.02,1,ON-SITE,Reed Diffuser 500 ml LEMON GRASS MILLEFIORI
77DDNR,Millefiori,NEW,17.33,1,ON-SITE,Reed Diffuser 250 ml NERO MILLEFIORI
77REDV,Millefiori,NEW,15.98,1,ON-SITE,Reed Diffuser Refill 500 ml VANILLA & WOOD MILLEFIORI
77MDLG,Millefiori,NEW,11.53,1,ON-SITE,Reed Diffuser 100 ml LEMON GRASS MILLEFIORI
DECO M4 1-PACK,TP-LINK,NEW,42.86,138,ON-SITE,TP-Link AC1200 Whole Home Mesh Wi-Fi System
TL-WA1801,TP-LINK,NEW,61.96,134,ON-SITE,TP-Link AX1800 Gigabit Wi-Fi 6 Access Point
TL-WA801N,TP-LINK,NEW,19.57,126,ON-SITE,TP-Link TL-WA801N wireless access point 300 Mbit/s White Power over Ethernet (PoE)
LocoM5,UBIQUITI,NEW,60.25,122,ON-SITE,Ubiquiti LocoM5 Network bridge 150 Mbit/s White
EAP723,TP-LINK,NEW,102,75,ON-SITE,TP-Link BE3600 Ceiling Mount Wi-Fi 7 Access Point
Deco E4(3-Pack),TP-LINK,NEW,95.26,66,ON-SITE,TP-Link AC1200 Whole Home Mesh Wi-Fi System 3-Pack
EAP223,TP-LINK,NEW,60.19,56,ON-SITE,TP-Link AC1350 Wireless MU-MIMO Gigabit Ceiling Mount Access Point
DECO M4 3-PACK,TP-LINK,NEW,129.63,52,ON-SITE,TP-Link AC1200 Deco Whole Home Mesh Wi-Fi System
DECO M4 2-PACK,TP-LINK,NEW,70.25,51,ON-SITE,TP-Link AC1200 Deco Whole Home Mesh Wi-Fi System
EAP650-Desktop,TP-LINK,NEW,105.93,41,ON-SITE,TP-Link Omada EAP650-DESKTOP wireless access point 2976 Mbit/s White Power over Ethernet (PoE)
TL-WA1201,TP-LINK,NEW,45.06,35,ON-SITE,TP-LINK TL-WA1201 wireless access point 867 Mbit/s Power over Ethernet (PoE) White
Halo H80X(3-pack),MERCUSYS,NEW,130.67,33,ON-SITE,Mesh system Mercusys Halo H80X(3-pack)
CUDY AP3000,CUDY,NEW,65.61,30,ON-SITE,Cudy AP3000 wireless access point 2976 Mbit/s White Power over Ethernet (PoE)
Halo H80X(2-pack),MERCUSYS,NEW,90.26,26,ON-SITE,Mercusys AX3000 Whole Home Mesh Wi-Fi System
EAP772,TP-LINK,NEW,192.74,23,ON-SITE,TP-Link Omada BE9300 Ceiling Mount Tri-Band Wi-Fi 7 Access Point
AP1300 WALL,CUDY,NEW,41.49,22,ON-SITE,CUDY AP1300 WALL Access Point
EAP110,TP-LINK,NEW,29.13,21,ON-SITE,TP-Link Omada 300Mbps Wireless N Ceiling Mount Access Point
Deco E4(1-Pack),TP-LINK,NEW,33.17,19,ON-SITE,TP-Link AC1200 Whole Home Mesh Wi-Fi System
Halo H30G(3-pack),MERCUSYS,NEW,61.75,15,ON-SITE,Mercusys AC1300 Whole Home Mesh Wi-Fi System
DecoBE25(3-pack),TP-LINK,NEW,322.37,15,ON-SITE,TP-Link BE3600 Whole Home Mesh Wi-Fi 7 System(3-Pack)
DECO M5 (3-PACK),TP-LINK,NEW,174.1,14,ON-SITE,TP-Link AC1300 Deco Whole Home Mesh Wi-Fi System 3-Pack
EAP650,TP-LINK,NEW,96.3,14,ON-SITE,TP-Link Omada AX3000 Ceiling Mount WiFi 6 Access Point
EAP653,TP-LINK,NEW,91.6,14,ON-SITE,TP-Link Omada AX3000 Ceiling Mount WiFi 6 Access Point
EAP683 UR,TP-LINK,NEW,170.03,14,ON-SITE,TP-Link Omada AX6000 Ceiling Mount WiFi 6 Access Point
AP1200,CUDY,NEW,23.92,13,ON-SITE,CUDY AP1200 Access Point
EAP225,TP-LINK,NEW,67.98,13,ON-SITE,TP-Link Omada EAP225 wireless access point 1350 Mbit/s White Power over Ethernet (PoE)
MERC-HaloH85X(3-pack),MERCUSYS,NEW,136.38,12,ON-SITE,Mercusys HaloH85X - mesh system (3-pack)
Deco X20 (3-pack),TP-LINK,NEW,182.97,11,ON-SITE,TP-Link AX1800 Whole Home Mesh Wi-Fi 6 System 3-Pack
EAP770,TP-LINK,NEW,169.8,10,ON-SITE,TP-Link Omada AX5400 Multi-Gigabit Ceiling Mount WiFi 6 Access Point
Deco BE22(2-pack),TP-LINK,NEW,231.19,9,ON-SITE,TP-LINK Deco BE22 Kit (2-pack)
O9,Tenda,NEW,53.05,8,ON-SITE,Tenda O9 wireless access point 867 Mbit/s White Power over Ethernet (PoE)
AP11000 1.0,CUDY,NEW,143.84,8,ON-SITE,Cudy AP11000 wireless access point 10777 Mbit/s White Power over Ethernet (PoE)
MERC-HaloH85X(2-pack),MERCUSYS,NEW,92.27,7,ON-SITE,Mercusys HaloH85X - mesh system (2-pack)
Deco BE22(3-pack),TP-LINK,NEW,209.23,7,ON-SITE,TP-LINK Deco BE22 Mesh System (3-pack)
EAP230-Wall,TP-LINK,NEW,56.1,6,ON-SITE,TP-Link Omada AC1200 Wireless MU-MIMO Gigabit Wall-Plate Access Point
i26,Tenda,NEW,43.22,5,ON-SITE,Access Point Tenda i26
EAP773,TP-LINK,NEW,232.34,4,ON-SITE,TP-Link Omada BE9300 Ceiling Mount Tri-Band Wi-Fi 7 Access Point
AP3000_P,CUDY,NEW,86.47,3,ON-SITE,Cudy AP3000_P wireless access point 2976 Mbit/s White Power over Ethernet (PoE)
M1200(2-Pack),CUDY,NEW,53.09,3,ON-SITE,Cudy M1200 2-PACK mesh wi-fi system Dual-band (2.4 GHz / 5 GHz) Wi-Fi 5 (802.11ac) White 1 Internal
M1300(2-Pack),CUDY,NEW,58.22,3,ON-SITE,Router CUDY M1300 Access Point Dual-band (2.4 GHz / 5 GHz) Wi-Fi 5 (802.11ac) 2-pack White
Deco XE75(3-pack),TP-LINK,NEW,354.31,3,ON-SITE,System mesh TP-LINK Deco XE75(3-pack)
AP3600,CUDY,NEW,86.29,2,ON-SITE,Cudy AP3600 wireless access point 3570 Mbit/s White Power over Ethernet (PoE)
EAP772-Outdoor,TP-LINK,NEW,249.16,2,ON-SITE,TP-Link Omada BE9300 Ceiling Mount Tri-Band Wi-Fi 7 Access Point
EAP650 D30-Outdoor,TP-LINK,NEW,168.89,2,ON-SITE,TP-Link Omada AX3000 Indoor/Outdoor WiFi 6 Access Point
H60X(3-pack),MERCUSYS,NEW,80.76,2,ON-SITE,Mercusys AX1500 Whole Home Mesh WiFi 6 System
AP1300 Outdoor,CUDY,NEW,58.96,1,ON-SITE,Cudy AP1300 Outdoor 1167 Mbit/s White Power over Ethernet (PoE)
Deco E4(3-Pack),TP-LINK,NEW,96.54,1,ON-SITE,TP-Link AC1200 Whole Home Mesh Wi-Fi System 3-Pack
MF258K1 ODU,ZTE Poland,NEW,61.11,49,ON-SITE,ZTE MF258K1 ODU cellular network device Cellular network router
OC200,TP-LINK,NEW,109.3,20,ON-SITE,TP-Link Omada Hardware Controller
OC200,TP-LINK,NEW,109.31,15,ON-SITE,TP-Link Omada Hardware Controller
E3372-325,Brovi,NEW,29.99,164,ON-SITE,Brovi E3372-325 White LTE Modem
E3372-325,Brovi,NEW,29.99,112,ON-SITE,Brovi E3372-325 White LTE Modem
E3372-325,Brovi,NEW,29.99,88,ON-SITE,Brovi E3372-325 White LTE modem
MF833N,ZTE Poland,NEW,23.21,52,ON-SITE,ZTE MF833N modem (white color)
MF833N,ZTE Poland,NEW,23.21,2,ON-SITE,ZTE MF833N modem (white color)
E3372-325,Brovi,NEW,29.99,2,ON-SITE,Brovi E3372-325 White LTE Modem
K-79,MikroTik,NEW,5.64,196,ON-SITE,Mikrotik 59852 Mounting kit
ETH-SP-G2,UBIQUITI,NEW,10.16,91,ON-SITE,Ubiquiti ETH-SP-G2 wireless access point accessory
MC889A Pro 5G,ZTE Poland,NEW,267.17,200,ON-SITE,ZTE MC889A Pro ODU - outdoor router
LT400_EU,CUDY,NEW,31.65,200,ON-SITE,Wireless router CUDY LT400 EU Wi-Fi 300 Mbps 2.4 GHz 4G LTE SIM Black
MB110-4G,MERCUSYS,NEW,32.1,162,ON-SITE,Mercusys MB110-4G wireless router Ethernet Single-band (2.4 GHz) White
MC888B,ZTE Poland,NEW,164.6,140,ON-SITE,Router ZTE MC888B 5G LTE KAT. 19
TL-MR100,TP-LINK,NEW,48.79,140,ON-SITE,TP-LINK TL-MR100 LTE wireless router Single-band (2.4 GHz) Black
LT500D_EU,CUDY,NEW,50.11,132,ON-SITE,Cudy LT500D wireless router Fast Ethernet Dual-band (2.4 GHz / 5 GHz) 4G Black
ZTE U10s Pro,ZTE Poland,NEW,30.02,117,ON-SITE,ZTE U10S Pro 4G Mobile WiFi6 Hotspot - router
TL-MR6400,TP-LINK,NEW,70.38,114,ON-SITE,TP-LINK TL-MR6400 wireless router Single-band (2.4 GHz) Fast Ethernet 3G 4G Black
MC8512,ZTE Poland,NEW,224.68,112,ON-SITE,Router ZTE G5 Ultra 5G
LT500_EU,CUDY,NEW,47.52,109,ON-SITE,Cudy LT500 wireless router Fast Ethernet Dual-band (2.4 GHz / 5 GHz) 4G Black
U50,ZTE Poland,NEW,132.94,103,ON-SITE,ZTE U50 5G mobile router
U30 Air,ZTE Poland,NEW,92.55,102,ON-SITE,Router ZTE U30 Air
B311-221,Huawei,NEW,51.04,102,ON-SITE,ROUTER HUAWEI B311-221 (WHITE)
U10,ZTE Poland,NEW,28.45,89,ON-SITE,Router ZTE U10 U10 pocket WiFi 6 device
U30 Air,ZTE Poland,NEW,92.55,85,ON-SITE,ZTE U30 Air mobile 5G LTE CAT.12 router
B535-235a,Huawei,NEW,83.71,83,ON-SITE,Huawei B535-235a wireless router Dual-band (2.4 GHz / 5 GHz) 4G White
TL-MR100,TP-LINK,NEW,47.21,81,ON-SITE,TP-Link TL-MR100 wireless router Fast Ethernet Single-band (2.4 GHz) 4G Black
MC8512,ZTE Poland,NEW,253.32,81,ON-SITE,ZTE G5 Ultra 5G Router (MC8512)
ZTE U10s Pro,ZTE Poland,NEW,30.01,79,ON-SITE,ZTE U10S Pro 4G Mobile WiFi6 Hotspot - router
B636-336,Huawei,NEW,80.79,70,ON-SITE,Huawei B636-336 4G CPE 5 - router
MU5250,ZTE Poland,NEW,216.34,69,ON-SITE,Router ZTE U60 Pro 5G WiFi7 (MU5250)
Archer MR600,TP-LINK,NEW,127.39,67,ON-SITE,TP-LINK 4G+ Cat6 AC1200 Wireless Dual Band Gigabit Router
U60 Pro,ZTE Poland,NEW,216.34,66,ON-SITE,ZTE U60 Pro
WR1200,CUDY,NEW,22.68,66,ON-SITE,Cudy WR1200 wireless router Fast Ethernet Dual-band (2.4 GHz / 5 GHz) White
U60,ZTE Poland,NEW,187.67,65,ON-SITE,Router ZTE U60
B311-221,Huawei,NEW,51.05,64,ON-SITE,Huawei B311-221 WiFi LAN 4G (LTE Cat.4 150Mbps/50Mbps) White
TL-MR100-Outdoor,TP-LINK,NEW,74.57,63,ON-SITE,TP-Link TL-MR100-OUTDOOR wireless router Fast Ethernet Single-band (2.4 GHz) 4G White
ZTE U10s Pro,ZTE Poland,NEW,30.02,63,ON-SITE,ZTE U10S Pro 4G Mobile WiFi6 Hotspot - router
MF79N,ZTE Poland,NEW,27.39,60,ON-SITE,Router ZTE MF79N
MC8520B,ZTE Poland,NEW,164.44,60,ON-SITE,Router ZTE G50 5G WiFi7 (MC8520B)
P2,CUDY,NEW,154.39,59,ON-SITE,Router CUDY P2 5G s Wi-Fi 6 AX3000 4×4 MIMO
U50,ZTE Poland,NEW,132.94,56,ON-SITE,Router ZTE U50
LT300_EU,CUDY,NEW,33.95,52,ON-SITE,Wireless router CUDY LT300_EU Wi-Fi 300 Mbps 2.4 GHz 4G LTE SIM
MB115-4G,MERCUSYS,NEW,32.38,52,ON-SITE,Mercusys MB115-4G wireless router Fast Ethernet Single-band (2.4 GHz) Black
TL-MR105,TP-LINK,NEW,42.64,49,ON-SITE,TP-Link 300 Mbps Wireless N 4G LTE Router
MF79N,ZTE Poland,NEW,27.38,48,ON-SITE,ZTE MF79N router USB LTE CAT.4 modem
MB113-4G,MERCUSYS,NEW,31.19,48,ON-SITE,Mercusys MB113-4G router
B636-336,Huawei,NEW,80.78,46,ON-SITE,Huawei B636-336 4G CPE 5 - router
MU5120,ZTE Poland,NEW,192.91,46,ON-SITE,Router ZTE MU5120 5G
T5400,ZTE Poland,NEW,65.27,44,ON-SITE,ZTE T5400 wireless router Gigabit Ethernet Dual-band (2.4 GHz / 5 GHz)
MT110,MERCUSYS,NEW,36.01,44,ON-SITE,Mercusys 4G LTE Mobile Wi-Fi
G5C,ZTE Poland,NEW,154.02,43,ON-SITE,ZTE G5C - Gigabit Ethernet dual-band (2.4 GHz / 5 GHz) Wi-Fi 6 4G/5G wireless router in white
G51F 5G MC7510,ZTE Poland,NEW,229.81,42,ON-SITE,Router ZTE G51F 5G MC7510
E5586-326,Huawei,NEW,36.53,40,ON-SITE,Huawei E5586-326 router (white color)
G5B2,ZTE Poland,NEW,156.51,39,ON-SITE,ZTE G5B2 router
MR202,TP-LINK,NEW,61.35,38,ON-SITE,TP-Link Archer MR202 wireless router Fast Ethernet Dual-band (2.4 GHz / 5 GHz) 4G Black
G5 Ultra Style,ZTE Poland,NEW,279.39,37,ON-SITE,ZTE G5 Ultra Style (MC8512) Router Grey
Archer MR400,TP-LINK,NEW,84.92,34,ON-SITE,TP-Link Archer AC1200 Wireless Dual Band 4G LTE Router
U30 Pro,ZTE Poland,NEW,126.42,33,ON-SITE,Router ZTE U30 Pro
U30 Air,ZTE Poland,NEW,92.55,33,ON-SITE,Router ZTE U30 Air
E5785-320a,Huawei,NEW,69.11,32,ON-SITE,Huawei E5785-320a router (white color)
M7005,TP-LINK,NEW,46.42,31,ON-SITE,TP-Link M7005 wireless router Single-band (2.4 GHz) 4G Black
U50,ZTE Poland,NEW,132.94,31,ON-SITE,Router ZTE U50
NX600,TP-LINK,NEW,309.41,30,ON-SITE,Router TP-Link ARCHER NX600 5G AX3600 Wireless Dual
LT400 OUTDOOR_EU,CUDY,NEW,56.35,30,ON-SITE,Cudy LT400 wireless router Fast Ethernet Single-band (2.4 GHz) 4G White
NE200-Outdoor,TP-LINK,NEW,315.56,29,ON-SITE,TP-Link 5G Outdoor Router Build-In 5G Modem 5G wireless router 2.5 Gigabit Ethernet White
MB118-4G,MERCUSYS,NEW,47.11,29,ON-SITE,Mercusys MB118-4G wireless router Fast Ethernet Single-band (2.4 GHz) White
MB130-4G,MERCUSYS,NEW,44.12,28,ON-SITE,Mercusys MB130-4G wireless router Ethernet Dual-band (2.4 GHz / 5 GHz) White
WR3000,CUDY,NEW,35.5,28,ON-SITE,Cudy WR3000 wireless router Gigabit Ethernet Dual-band (2.4 GHz / 5 GHz) Black
G5 Ultra Gaming,ZTE Poland,NEW,313,27,ON-SITE,ZTE G5 Ultra GAMING (MC8512) Router Black
MC7523,ZTE Poland,NEW,287.02,27,ON-SITE,Router ZTE G5 Max Pro 5G WiFi7 (MC7523)
ZTE U10,ZTE Poland,NEW,28.45,27,ON-SITE,ZTE U10 U10 pocket WiFi 6 device - router
E5785-320a,Huawei,NEW,69.11,23,ON-SITE,Huawei E5785-320a router (white color)
MB230-4G,MERCUSYS,NEW,62.61,22,ON-SITE,Mercusys 4G+ Cat6 AC1200 Wireless Dual Band Gigabit Router
H155-381,Brovi,NEW,221.86,22,ON-SITE,Router Brovi 5G CPE 5 (H155-381)
ARCHER NX200,TP-LINK,NEW,240.38,20,ON-SITE,TP-Link Archer 5G AX1800 Wireless Dual-Band Gigabit Router
LT700 Outdoor_EU,CUDY,NEW,114.97,20,ON-SITE,Cudy Indoor/Outdoor 4G Cat 6 AC1200 Wi-Fi Router LT700 Outdoor 1.0 wireless router Gigabit Ethernet Dual-band (2.4 GHz / 5 GHz) White
R700,CUDY,NEW,31.16,18,ON-SITE,Cudy Gigabit Multi-WAN VPN Router wired router Fast Ethernet Gigabit Ethernet Grey
P5_EU,CUDY,NEW,313.33,17,ON-SITE,Cudy P5 wireless router Gigabit Ethernet Dual-band (2.4 GHz / 5 GHz) 5G Black
H352-381,Brovi,NEW,248.72,17,ON-SITE,Router Brovi 5G CPE Max 5 (H352-381)
LT700_EU,CUDY,NEW,120.53,16,ON-SITE,Cudy LT700 wireless router Gigabit Ethernet Dual-band (2.4 GHz / 5 GHz) 4G Black
U30 Air,ZTE Poland,NEW,92.55,16,ON-SITE,Router ZTE U30 Air
H352-381,Brovi,NEW,248.71,15,ON-SITE,Router Brovi 5G CPE Max 5 (H352-381)
H352-381,Brovi,NEW,248.71,14,ON-SITE,Router Brovi 5G CPE Max 5 (H352-381)
MF920C,ZTE Poland,NEW,30.01,13,ON-SITE,ZTE MF920C cellular network device Cellular network router
M7750,TP-LINK,NEW,143.38,13,ON-SITE,TP-Link 600 Mbps LTE-Advanced Mobile Wi-Fi
LT500E,CUDY,NEW,31.27,10,ON-SITE,Cudy LT500E wireless router Fast Ethernet Dual-band (2.4 GHz / 5 GHz) 4G White
WR1300,CUDY,NEW,26.29,8,ON-SITE,Cudy WR1300 wireless router Gigabit Ethernet Dual-band (2.4 GHz / 5 GHz) White
MC8510D,ZTE Poland,NEW,185.37,6,ON-SITE,Router ZTE G5 Air (MC8510D)
M8550,TP-LINK,NEW,456.08,4,ON-SITE,TP-Link M8550(EU) cellular network device Cellular network router
MU5251D,ZTE Poland,NEW,187.67,2,ON-SITE,Router ZTE U60 (MU5251D)
KN-4910-01-EU,Keenetic,NEW,73.27,1,ON-SITE,Keenetic Explorer 4G (KN-4910) AC1200 Mesh Wi-Fi 5 4G Modem Router with a 4-Port Smart Switch
TL-WA850RE,TP-LINK,NEW,13.97,200,ON-SITE,TP-LINK 300Mbps Wi-Fi Range Extender
RE200,TP-LINK,NEW,19.48,200,ON-SITE,TP-Link RE200 network extender Network repeater White 10 100 Mbit/s
TL-WA855RE,TP-LINK,NEW,17.08,200,ON-SITE,TP-Link 300Mbps Wi-Fi Range Extender
TL-WA860RE,TP-LINK,NEW,19.17,186,ON-SITE,TP-LINK 300Mbps Wi-Fi Range Extender with AC Passthrough
TL-WA860RE,TP-LINK,NEW,19.17,163,ON-SITE,TP-Link TL-WA860RE network extender White 10 100 Mbit/s
TL-WA854RE,TP-LINK,NEW,13.95,147,ON-SITE,TP-Link 300Mbps Wi-Fi Range Extender
RE705X,TP-LINK,NEW,69.57,145,ON-SITE,TP-Link RE705X network extender Network transmitter & receiver White
ME30,MERCUSYS,NEW,17.13,141,ON-SITE,Mercusys AC1200 Wi-Fi Range Extender
RE505X,TP-LINK,NEW,45.85,127,ON-SITE,TP-LINK AX1500 Wi-Fi Range Extender
ME50G,MERCUSYS,NEW,30.16,125,ON-SITE,Repeater Mercusys ME50G
RE300,TP-LINK,NEW,27.52,65,ON-SITE,TP-Link AC1200 Mesh Wi-Fi Range Extender
MW300RE,MERCUSYS,NEW,12.45,54,ON-SITE,Mercusys MW300RE network extender Network transmitter & receiver White
RE450,TP-LINK,NEW,45.84,44,ON-SITE,TP-LINK AC1750 Wi-Fi Range Extender
Tapo P110,TP-LINK,NEW,13.58,32,ON-SITE,Tapo Mini Smart Wi-Fi Socket Energy Monitoring
ME80X,MERCUSYS,NEW,36.19,23,ON-SITE,Mercusys ME80X network extender White 100 1000 Mbit/s
RE1500,CUDY,NEW,28.47,19,ON-SITE,CUDY RE1500 Mesh Wi-Fi 6 Signal Booster
90IG09J0-MU0C00,ASUS,NEW,52.17,17,ON-SITE,ASUS RP-BE58 Dual-band (2.4 GHz / 5 GHz) Wi-Fi 7 (802.11be) White 1 Internal UK Plug
RE220BE,TP-LINK,NEW,75.8,5,ON-SITE,TP-Link RE220BE network extender Network repeater White 1000 Mbit/s
RE225BE,TP-LINK,NEW,77.91,4,ON-SITE,TP-Link RE225BE network extender Network repeater White
Archer C64,TP-LINK,NEW,30.01,200,ON-SITE,TP-LINK ARCHER C64 dual-band W-Fi router black
Archer C6,TP-LINK,NEW,33.55,200,ON-SITE,TP-LINK Archer C6 wireless router Fast Ethernet Dual-band (2.4 GHz / 5 GHz) 4G White
TL-WR844N,TP-LINK,NEW,12.89,200,ON-SITE,WIRELESS ROUTER TP-LINK TL-WR844N
MR80X,MERCUSYS,NEW,33.36,200,ON-SITE,Mercusys AX3000 Dual-Band Wi-Fi 6 Router
TL-WR841N/PL,TP-LINK,NEW,15.1,200,ON-SITE,TP-Link 300Mbps Wireless N WiFi Router
AX53,TP-LINK,NEW,50.91,200,ON-SITE,TP-LINK Archer AX53 wireless router Gigabit Ethernet Dual-band (2.4 GHz / 5 GHz) 4G Black
AC12G,MERCUSYS,NEW,25.38,196,ON-SITE,ROUTER MERCUSYS AC12G
Archer C24,TP-LINK,NEW,19.98,172,ON-SITE,TP-LINK ARCHER C24 wireless router Fast Ethernet Dual-band (2.4 GHz / 5 GHz) White
MR30G,MERCUSYS,NEW,20.66,171,ON-SITE,Mercusys MR30G wireless router Gigabit Ethernet Dual-band (2.4 GHz / 5 GHz) Black
TL-ER605,TP-LINK,NEW,52.19,148,ON-SITE,TP-Link Omada Gigabit VPN Router
MR50G,MERCUSYS,NEW,28.72,113,ON-SITE,Mercusys AC1900 Wireless Dual Band Gigabit Router
DECO X50(3-PACK),TP-LINK,NEW,207.26,111,ON-SITE,TP-Link AX3000 Whole Home Mesh WiFi 6 System 3-Pack
Archer C80,TP-LINK,NEW,40.82,109,ON-SITE,TP-Link Archer C80 wireless router Gigabit Ethernet Dual-band (2.4 GHz / 5 GHz) Black
Archer AX23,TP-LINK,NEW,53.55,96,ON-SITE,TP-Link Archer AX1800 Dual-Band Wi-Fi 6 Router
Archer AX55 Pro,TP-LINK,NEW,80.91,82,ON-SITE,TP-Link Archer AX3000 Multi-Gigabit Wi-Fi 6 Router with 2.5G Port
Deco X10(2-pack),TP-LINK,NEW,108.73,80,ON-SITE,TP-Link AX1500 Whole Home Mesh Wi-Fi 6 System
ZTE T3000 IDU,ZTE Poland,NEW,47.18,75,ON-SITE,Router ZTE T3000 Wi-Fi 6 router Wi-Fi IDU
Archer C54,TP-LINK,NEW,23.91,64,ON-SITE,TP-Link Archer C54 wireless router Fast Ethernet Dual-band (2.4 GHz / 5 GHz) Black
Archer AX73,TP-LINK,NEW,114.46,62,ON-SITE,TP-Link Archer AX5400 Dual-Band Gigabit Wi-Fi 6 Router Black
WR6500,CUDY,NEW,99.84,60,ON-SITE,CUDY WR6500 Gigabit Wi-Fi 7 Router
AC10,Tenda,NEW,21.2,59,ON-SITE,Tenda AC10 wireless router Gigabit Ethernet Dual-band (2.4 GHz / 5 GHz) Black
Deco X10(1-pack),TP-LINK,NEW,59.96,57,ON-SITE,TP-Link AX1500 Whole Home Mesh Wi-Fi 6 System
ARCHER VR300,TP-LINK,NEW,44.97,53,ON-SITE,TP-Link AC1200 Wireless VDSL/ADSL Modem Router
ER706W,TP-LINK,NEW,132.21,52,ON-SITE,TP-Link Omada AX3000 Gigabit VPN Router
Archer AX72 PRO,TP-LINK,NEW,127.99,51,ON-SITE,TP-Link Archer AX5400 Multi-Gigabit WiFi 6 Router
ARCHER AX72,TP-LINK,NEW,94.9,50,ON-SITE,TP-Link Archer AX72 wireless router Gigabit Ethernet Dual-band (2.4 GHz / 5 GHz) Black
FF.G2KTA.001,Acer,NEW,143.99,50,ON-SITE,Acer Connect X6E 5G CPE EU Plug wireless router Gigabit Ethernet Tri-band (2.4 GHz / 5 GHz / 6 GHz) White
Z1200,ZTE Poland,NEW,19,49,ON-SITE,ZTE Z1200 wireless access point 1200 Mbit/s White
Deco X10(3-pack),TP-LINK,NEW,165.72,49,ON-SITE,TP-Link AX1500 Whole Home Mesh Wi-Fi 6 System
TL-WR3002X,TP-LINK,NEW,65.58,47,ON-SITE,TP-Link TL-WR3002X wireless router Gigabit Ethernet Dual-band (2.4 GHz / 5 GHz) Black
WR1500,CUDY,NEW,31.38,46,ON-SITE,Cudy WR1500 wireless router Gigabit Ethernet Dual-band (2.4 GHz / 5 GHz) Black
MR47BE,MERCUSYS,NEW,120.33,45,ON-SITE,Mercusys BE9300 Tri-Band Wi-Fi 7 Router
WR3000S,CUDY,NEW,52.31,40,ON-SITE,Cudy WR3000S wireless router Gigabit Ethernet Dual-band (2.4 GHz / 5 GHz)
LT500 OUTDOOR_EU,CUDY,NEW,78.25,40,ON-SITE,Cudy LT500 wireless router Fast Ethernet Dual-band (2.4 GHz / 5 GHz) 4G White
MW325R,MERCUSYS,NEW,12.51,39,ON-SITE,Mercusys MW325R wireless router Single-band (2.4 GHz) Fast Ethernet White
G5C,ZTE Poland,NEW,154.03,39,ON-SITE,Router ZTE Router ZTE G5C
LT400V 1.0,CUDY,NEW,32.84,39,ON-SITE,CUDY LT400V Wi-Fi 4G N300 router with voice
DECO X50-POE(1-PACK),TP-LINK,NEW,110.68,38,ON-SITE,TP-Link AX3000 Whole Home Mesh Wi-Fi 6 Unit with PoE
TX12 PRO,Tenda,NEW,38.71,36,ON-SITE,Tenda TX12 PRO wireless router Fast Ethernet Dual-band (2.4 GHz / 5 GHz) Black
Deco X50(2-pack),TP-LINK,NEW,165.95,33,ON-SITE,TP-Link AX3000 Whole Home Mesh WiFi 6 System 2-Pack
EC225-G5,TP-LINK,NEW,31.9,30,ON-SITE,Router TP-LINK EC225-G5
VR400,TP-LINK,NEW,59.88,29,ON-SITE,TP-LINK AC1200 Wireless MU-MIMO VDSL/ADSL Modem Router
RT-AX52,ASUS,NEW,47.38,29,ON-SITE,ASUS RT-AX52 AX1800 AiMesh wireless router Gigabit Ethernet Dual-band (2.4 GHz / 5 GHz) Black
WR3600E,CUDY,NEW,54.88,29,ON-SITE,Router CUDY WR3600E BE3600 Gigabit Wi-Fi 7 Mesh
TX2L Pro,Tenda,NEW,23.8,27,ON-SITE,Tenda TX2L Pro wireless router Gigabit Ethernet Dual-band (2.4 GHz / 5 GHz) Black
P4 1.0,CUDY,NEW,185.63,26,ON-SITE,CUDY P4 Wi-Fi 6 5G SA/NSA AX3000 Router
WR6500H,CUDY,NEW,96.05,25,ON-SITE,CUDY WR6500H 2.5G Wi-Fi 7 Router
MERC-MR85X,MERCUSYS,NEW,50.44,25,ON-SITE,Mercusys MR85X Router
Z3460,ZTE Poland,NEW,128.09,22,ON-SITE,ZTE Z3460 Wi-Fi router 7 up to 15000Mbps 320MHz@6GHz
TR3000,CUDY,NEW,75.72,21,ON-SITE,Cudy AX3000 wireless router Gigabit Ethernet Dual-band (2.4 GHz / 5 GHz) Blue
AX12 Pro,Tenda,NEW,32.04,20,ON-SITE,Router bezprzewodowy Tenda AX12 Pro
MX3(2-pack),Tenda,NEW,57.53,20,ON-SITE,Tenda MX3 (2-PACK) mesh wi-fi system Dual-band (2.4 GHz / 5 GHz) Wi-Fi 6 (802.11ax) White 1 Internal
M3600(2-Pack),CUDY,NEW,135.43,20,ON-SITE,Cudy M3600 Dual-band (2.4 GHz / 5 GHz) Wi-Fi 7 (802.11be) White 3 Internal
GS-BE7200,ASUS,NEW,130.93,19,ON-SITE,ASUS GS-BE7200 wireless router 2.5 Gigabit Ethernet Dual-band (2.4 GHz / 5 GHz) White Black
EB210Pro,TP-LINK,NEW,100.17,18,ON-SITE,TP-Link EB210 PRO wireless router 2.5 Gigabit Ethernet Dual-band (2.4 GHz / 5 GHz) Black
ER603WP-4G-Outdoor,TP-LINK,NEW,130.77,17,ON-SITE,TP-Link Omada Gateway gateway/controller 10 100 1000 Mbit/s
Archer A8,TP-LINK,NEW,42.08,17,ON-SITE,TP-Link Archer A8 wireless router Gigabit Ethernet Dual-band (2.4 GHz / 5 GHz) Black
TX9 PRO,Tenda,NEW,39.68,17,ON-SITE,Tenda TX9 PRO wireless router Gigabit Ethernet Dual-band (2.4 GHz / 5 GHz) Black
WR1200E,CUDY,NEW,15.77,16,ON-SITE,Cudy WR1200E wireless router Fast Ethernet Dual-band (2.4 GHz / 5 GHz) White
WR3000E,CUDY,NEW,40,16,ON-SITE,Router CUDY WR3000E
WR11000,CUDY,NEW,120.73,15,ON-SITE,Cudy WR11000 wireless router 2.5 Gigabit Ethernet Tri-band (2.4 GHz / 5 GHz / 6 GHz) Black
C50,TP-LINK,NEW,25.78,14,ON-SITE,TP-Link AC1200 Wireless Dual Band WiFi Router
Archer BE400,TP-LINK,NEW,141.82,14,ON-SITE,TP-Link Archer BE400 Router
TE3L,Tenda,NEW,47.86,13,ON-SITE,Router Tenda TE3L Wi-Fi 7 BE3600
WR300S,CUDY,NEW,13.51,11,ON-SITE,CUDY WR300S Router
M3600(1-Pack),CUDY,NEW,66.95,10,ON-SITE,Cudy M3600 Dual-band (2.4 GHz / 5 GHz) Wi-Fi 7 (802.11be) White 3 Internal
WR300,CUDY,NEW,11.88,10,ON-SITE,Cudy WR300 wireless router Fast Ethernet Single-band (2.4 GHz) White
M1300(3-PACK),CUDY,NEW,86.09,10,ON-SITE,Cudy M1300 3-PACK mesh wi-fi system Dual-band (2.4 GHz / 5 GHz) Wi-Fi 5 (802.11ac) White 2 Internal
Archer C6U,TP-LINK,NEW,38.51,10,ON-SITE,TP-Link Archer C6U wireless router Gigabit Ethernet Dual-band (2.4 GHz / 5 GHz) Black
EC220-G5,TP-LINK,NEW,30.56,8,ON-SITE,TP-Link EC220-G5 wireless router Gigabit Ethernet Dual-band (2.4 GHz / 5 GHz) 4G White
Archer BE230,TP-LINK,NEW,102.15,8,ON-SITE,TP-Link Archer BE230 wireless router 2.5 Gigabit Ethernet Dual-band (2.4 GHz / 5 GHz) Black
Archer BE550,TP-LINK,NEW,233.67,8,ON-SITE,TP-Link Archer BE9300 Tri-Band Wi-Fi 7 Router
TR1200,CUDY,NEW,31.16,8,ON-SITE,Cudy AC1200 wireless router Fast Ethernet Dual-band (2.4 GHz / 5 GHz) Orange
XZ005-G6,TP-LINK,NEW,22.22,7,ON-SITE,TP-Link 1-Port XGS-PON Terminal
1747028,TP-LINK,NEW,217.09,7,ON-SITE,TP-Link Omada Multi-Gigabit VPN Router
Archer MR200,TP-LINK,NEW,78.67,7,ON-SITE,TP-Link Archer MR200 wireless router Fast Ethernet Dual-band (2.4 GHz / 5 GHz) 4G Black
ER701-5G-Outdoor,TP-LINK,NEW,545.16,6,ON-SITE,TP-Link Omada 5G Outdoor Gateway
Deco X10-4G(1-pack),TP-LINK,NEW,104.08,5,ON-SITE,TP-LINK DECO X10-4G mesh system
MR25BE,MERCUSYS,NEW,54.54,3,ON-SITE,Mercusys MR25BE wireless router Gigabit Ethernet Dual-band (2.4 GHz / 5 GHz) Black
M3000(3-PACK),CUDY,NEW,149.89,2,ON-SITE,Cudy AX3000 Wi-Fi 6 Mesh 2.5G Solution Dual-band (2.4 GHz / 5 GHz) Wi-Fi 6 (802.11ax) White Internal
TL-WR802N,TP-LINK,NEW,21.2,2,ON-SITE,TP-Link TL-WR802N wireless router Fast Ethernet Single-band (2.4 GHz) Blue White
4G06,Tenda,NEW,39.83,2,ON-SITE,Tenda N300 wireless router Fast Ethernet Single-band (2.4 GHz) 4G White
RT-BE90U,ASUS,NEW,138.97,2,ON-SITE,ASUS RT-BE90U BE9400 AiMesh wireless router 2.5 Gigabit Ethernet Tri-band (2.4 GHz / 5 GHz / 6 GHz) Black
TUF-BE9400,ASUS,NEW,157.15,2,ON-SITE,ASUS 90IG0A30-MO9C00 wireless router 2.5 Gigabit Ethernet Tri-band (2.4 GHz / 5 GHz / 6 GHz) Black
Z1200,ZTE Poland,NEW,19,2,ON-SITE,ZTE Z1200 wireless access point 1200 Mbit/s White
RT-BE82U,ASUS,NEW,156.71,1,ON-SITE,ASUS RT-BE82U BE6500 wireless router 2.5 Gigabit Ethernet Dual-band (2.4 GHz / 5 GHz) Black
MX12(2-pack),Tenda,NEW,115.11,1,ON-SITE,Tenda MX12 Dual-band (2.4 GHz / 5 GHz) Wi-Fi 6 (802.11ax) White 3 Internal
MX3(3-Pack),Tenda,NEW,83.79,1,ON-SITE,Tenda MX3(3-pack) Dual-band (2.4 GHz / 5 GHz) Wi-Fi 6 (802.11ax) White 1 Internal
M3600(3-Pack),CUDY,NEW,209.62,1,ON-SITE,Cudy M3600 Dual-band (2.4 GHz / 5 GHz) Wi-Fi 7 (802.11be) White 3 Internal
HX21,imou,NEW,48.9,1,ON-SITE,IMOU HX21 AX3000 Dual-Band Wi-Fi 6 Router
MS108G,MERCUSYS,NEW,11.29,200,ON-SITE,Mercusys 8-Port 10/100/1 000 Mbps Desktop Switch
TL-SF1005D,TP-LINK,NEW,7.65,200,ON-SITE,TP-Link TL-SF1005D Managed Fast Ethernet (10/100) White
LS1005,TP-LINK,NEW,5.54,200,ON-SITE,TP-Link LS1005 network switch Unmanaged Fast Ethernet (10/100) White
TL-SG1005D,TP-LINK,NEW,12.14,200,ON-SITE,TP-Link 5-Port Gigabit Desktop Network Switch
TL-SG105,TP-LINK,NEW,16.82,200,ON-SITE,TP-Link 5-Port 10/100/1000Mbps Desktop Network Switch
TL-LS108G,TP-LINK,NEW,18.5,200,ON-SITE,TP-Link 8-Port 10/100/1000Mbps Desktop Network Switch
LS1005G,TP-LINK,NEW,10.51,200,ON-SITE,TP-Link 5-Port 10/100/1000Mbps Desktop Network Switch
TL-LS1008G,TP-LINK,NEW,15.48,200,ON-SITE,TP-Link 8-Port 10/100/1000Mbps Desktop Network Switch
TL-SG105E,TP-LINK,NEW,17.08,200,ON-SITE,TP-Link 5-Port Gigabit Easy Smart Switch
TL-SG108E,TP-LINK,NEW,25,179,ON-SITE,TP-Link TL-SG108E network switch Managed L2 Gigabit Ethernet (10/100/1000) Black
TL-SG108,TP-LINK,NEW,22.39,178,ON-SITE,TP-Link TL-SG108 network switch Unmanaged L2 Gigabit Ethernet (10/100/1000) Black
TL-SG1008D,TP-LINK,NEW,18.16,176,ON-SITE,TP-Link 8-Port Gigabit Desktop Network Switch
MS105G,MERCUSYS,NEW,7.62,157,ON-SITE,Mercusys 5-Port 10/100/1 000 Mbps Desktop Switch
LS105GP,TP-LINK,NEW,24.57,127,ON-SITE,TP-Link LiteWave 5-Port Gigabit Desktop Switch with 4-Port PoE+
TL-SG116,TP-LINK,NEW,53.97,116,ON-SITE,TP-Link 16-Port Gigabit Desktop Network Switch
GS105,CUDY,NEW,11.78,112,ON-SITE,Cudy GS105 network switch Unmanaged Gigabit Ethernet (10/100/1000) Black
TL-SG108PE,TP-LINK,NEW,44.61,106,ON-SITE,TP-Link 8-Port Gigabit Easy Smart Switch with 4-Port PoE
TL-SG1008D,TP-LINK,NEW,18.16,102,ON-SITE,TP-Link 8-Port Gigabit Desktop Network Switch
LS1210GP,TP-LINK,NEW,46.13,93,ON-SITE,TP-Link LiteWave 10-Port Gigabit Desktop Switch with 8-Port PoE+
ES208G,TP-LINK,NEW,30.21,93,ON-SITE,TP-Link Omada ES208G network switch Managed L2 Gigabit Ethernet (10/100/1000) Black
Archer AX55,TP-LINK,NEW,70.49,92,ON-SITE,TP-Link Archer AX3000 Dual Band Gigabit Wi-Fi 6 Router
TL-SG1024D,TP-LINK,NEW,78.6,86,ON-SITE,TP-Link 24-Port Gigabit Desktop/Rackmount Network Switch
MS105,MERCUSYS,NEW,5.25,85,ON-SITE,Mercusys 5-Port 10/100Mbps Desktop Switch
TL-SG105PE,TP-LINK,NEW,34.97,75,ON-SITE,TP-Link 5-Port Gigabit Easy Smart PoE Switch with 4-Port PoE+
MS108GS,MERCUSYS,NEW,14.59,72,ON-SITE,Mercusys 8-Port Gigabit Desktop Switch
TL-LS105G,TP-LINK,NEW,12.94,63,ON-SITE,TP-Link 5-Port 10/100/1000Mbps Desktop Network Switch
TL-LS1008,TP-LINK,NEW,6.88,54,ON-SITE,TP-Link 8-Port 10/100Mbps Desktop Network Switch
TL-SG1016D,TP-LINK,NEW,52.5,50,ON-SITE,TP-Link 16-Port Gigabit Desktop/Rackmount Network Switch
SG3428,TP-LINK,NEW,186.2,50,ON-SITE,TP-Link Omada 24-Port Gigabit L2+ Managed Switch with 4 SFP Slots
TL-SG1024DE,TP-LINK,NEW,89.03,49,ON-SITE,TP-Link 24-Port Gigabit Easy Smart Switch
GS105U,CUDY,NEW,7.86,48,ON-SITE,Cudy GS105U network switch Unmanaged Gigabit Ethernet (10/100/1000) White
GS1005P,CUDY,NEW,29.92,43,ON-SITE,Cudy GS1005P network switch Unmanaged Gigabit Ethernet (10/100/1000) Power over Ethernet (PoE) Grey
MS105GP,MERCUSYS,NEW,21.01,42,ON-SITE,Mercusys 5-Port Gigabit Desktop Switch with 4-Port PoE+
GS105D,CUDY,NEW,7.35,42,ON-SITE,Cudy GS105D network switch Unmanaged Gigabit Ethernet (10/100/1000) Black
GS1016,CUDY,NEW,38.7,41,ON-SITE,Cudy GS1016 network switch Unmanaged Gigabit Ethernet (10/100/1000) Black
ES205GP,TP-LINK,NEW,43.58,40,ON-SITE,TP-Link Omada 5-Port Gigabit Easy Managed Switch with 4-Port PoE+
ES210GMP,TP-LINK,NEW,102.21,37,ON-SITE,TP-Link Omada 10-Port Gigabit Easy Managed Switch with 8-Port PoE+
GS1024,CUDY,NEW,47.76,36,ON-SITE,Cudy GS1024 network switch Unmanaged Gigabit Ethernet (10/100/1000) Black
TL-SG1024,TP-LINK,NEW,79.93,35,ON-SITE,TP-Link 24-Port Gigabit Rackmount Network Switch
LS105LP,TP-LINK,NEW,17.13,33,ON-SITE,TP-Link LiteWave LS105P Unmanaged Fast Ethernet (10/100) Power over Ethernet (PoE) Black
GS108D,CUDY,NEW,12.81,32,ON-SITE,Cudy GS108D network switch Unmanaged Gigabit Ethernet (10/100/1000) Black
TL-SG3452,TP-LINK,NEW,340.35,30,ON-SITE,TP-Link Omada 48-Port Gigabit L2+ Managed Switch with 4 SFP Slots
TL-SG1016D,TP-LINK,NEW,52.56,29,ON-SITE,TP-Link 16-Port Gigabit Desktop/Rackmount Network Switch
TL-SG1008P,TP-LINK,NEW,39.55,27,ON-SITE,TP-Link 8-Port Gigabit Desktop PoE Switch with 4-Port
MS108,MERCUSYS,NEW,5.81,25,ON-SITE,Mercusys 8-Port 10/100Mbps Desktop Switch
TL-SG116P,TP-LINK,NEW,102.32,23,ON-SITE,TP-Link 16-Port Gigabit Desktop Switch with 16-Port PoE+
HS105,CUDY,NEW,34.02,23,ON-SITE,CUDY HS105 unmanaged 5-port switch
FS105D,CUDY,NEW,5,21,ON-SITE,Cudy FS105D network switch Unmanaged Fast Ethernet (10/100) White
MS110CMP,MERCUSYS,NEW,33.9,19,ON-SITE,Mercusys MS110CMP Network Switch PoE Support Black
N-SW,UBIQUITI,NEW,32.62,18,ON-SITE,Ubiquiti NanoSwitch Gigabit Ethernet (10/100/1000) Power over Ethernet (PoE) White
SG3210X-M2,TP-LINK,NEW,219.82,15,ON-SITE,TP-Link Omada 8-Port 2.5G L2+ Managed Switch
GS108,CUDY,NEW,15.45,14,ON-SITE,Cudy GS108 network switch Unmanaged Gigabit Ethernet (10/100/1000) Black
MS105GS,MERCUSYS,NEW,10.08,13,ON-SITE,Mercusys MS105GS - Desktop switch 5 Gigabit ports black
TL-SG116,TP-LINK,NEW,53.91,13,ON-SITE,TP-Link 16-Port Gigabit Desktop Network Switch
TL-SF1009P,TP-LINK,NEW,34.32,12,ON-SITE,TP-Link 9-Port 10/100Mbps Desktop Switch with 8-Port PoE+
TL-SG1048,TP-LINK,NEW,249.38,11,ON-SITE,TP-Link TL-SG1048 Unmanaged Gigabit Ethernet (10/100/1000) 1U Black
TL-SG1218MP,TP-LINK,NEW,165.37,11,ON-SITE,TP-Link 18-Port Gigabit Rackmount Switch with 16 PoE+
TL-SG2218,TP-LINK,NEW,138.04,10,ON-SITE,TP-Link Omada 16-Port Gigabit Smart Switch with 2 SFP Slots
MERC-MS108GP,MERCUSYS,NEW,28.63,10,ON-SITE,Switch Mercusys MS108GP
PFS3211-8GT-120-V2,DAHUA,NEW,143.52,10,ON-SITE,Dahua Technology PFS3211-8GT-120-V2 network switch Unmanaged Gigabit Ethernet (10/100/1000) Power over Ethernet (PoE) Desktop/Wall-Mounting Black
SG2428LP,TP-LINK,NEW,244.29,9,ON-SITE,TP-Link Omada 28-Port Gigabit Smart Switch with 16-Port PoE+
MS116GS,MERCUSYS,NEW,38.44,9,ON-SITE,Mercusys MS116GS Network Switch Black
TL-SG1016PE,TP-LINK,NEW,118.11,9,ON-SITE,TP-Link TL-SG1016PE network switch Managed L2 Gigabit Ethernet (10/100/1000) Power over Ethernet (PoE) Black
TL-SG108,TP-LINK,NEW,22.42,8,ON-SITE,TP-Link 8-Port 10/100/1000Mbps Desktop Network Switch
TL-SG1428PE,TP-LINK,NEW,211.71,8,ON-SITE,TP-Link 28-Port Gigabit Easy Smart Switch with 24-Port PoE+
ES206GP,TP-LINK,NEW,46.96,8,ON-SITE,TP-Link Omada ES206GP network switch Managed Gigabit Ethernet (10/100/1000) Power over Ethernet (PoE) Black
TL-SG3452P,TP-LINK,NEW,562.69,7,ON-SITE,TP-Link Omada 52-Port Gigabit L2+ Managed Switch with 48-Port PoE+
SG3428XMP,TP-LINK,NEW,445.52,6,ON-SITE,TP-Link Omada 24-Port Gigabit and 4-Port 10GE SFP+ L2+ Managed Switch with 24-Port PoE+
TL-SG2218P,TP-LINK,NEW,230.39,5,ON-SITE,TP-Link JetStream 18-Port Gigabit Smart Switch with 16-Port PoE+
TL-SF1009P,TP-LINK,NEW,27.76,5,ON-SITE,TP-Link 9-Port 10/100Mbps Desktop Switch with 8-Port PoE+
LS1005,TP-LINK,NEW,5.28,4,ON-SITE,TP-LINK LS1005 Switch
FS1010PG,CUDY,NEW,31.35,4,ON-SITE,Cudy FS1010PG network switch Unmanaged Fast Ethernet (10/100) Power over Ethernet (PoE) Black
DS-3E0106HP-E,Hikvision,NEW,34.85,4,ON-SITE,Hikvision DS-3E0106HP-E Network Links Unmanaged Fast Ethernet (10/100) PoE Support Blue
TEF1024D,Tenda,NEW,40.58,4,ON-SITE,Tenda TEF1024D network switch Unmanaged Fast Ethernet (10/100) Beige
ES224G,TP-LINK,NEW,94.52,3,ON-SITE,TP-Link Omada ES224G network switch Managed L2 Gigabit Ethernet (10/100/1000) Black
TL-SL1226P,TP-LINK,NEW,121.05,3,ON-SITE,TP-Link 24-Port 10/100Mbps + 2-Port Gigabit Unmanaged PoE+ Switch
GS1016E,CUDY,NEW,49.91,2,ON-SITE,CUDY GS1016E 16-Port Gigabit Light Switch
TEG2216D,Tenda,NEW,50.04,2,ON-SITE,Switch Tenda TEG2216D 16GE Cloud
ES220GMP,TP-LINK,NEW,183.38,2,ON-SITE,TP-Link Omada ES220GMP network switch Managed L2 Gigabit Ethernet (10/100/1000) Power over Ethernet (PoE) Black
TEG2205D,Tenda,NEW,15.8,1,ON-SITE,Switch Tenda TEG2205D 5GE Cloud
TEG2208D 8GE Cloud,Tenda,NEW,19.01,1,ON-SITE,Switch Tenda TEG2208D 8GE Cloud
301803157,Hikvision,NEW,177.53,1,ON-SITE,DS-3E1326P-EI(B) Switch Hikvision
IF1005P,CUDY,NEW,32.74,1,ON-SITE,Cudy 5-Port 10/100 Mbps Industrial PoE+ Switch IF1005P 2.0 Fast Ethernet (10/100) Power over Ethernet (PoE) Black
TL-SG2218,TP-LINK,NEW,139.23,1,ON-SITE,TP-Link Omada 16-Port Gigabit Smart Switch with 2 SFP Slots
TL-SG3428MP,TP-LINK,NEW,355.51,1,ON-SITE,TP-Link Omada 28-Port Gigabit L2+ Managed Switch with 24-Port PoE+
EAH-8,UBIQUITI,NEW,970.37,1,ON-SITE,Ubiquiti EAH-8 security door controller Cabinet 8 door(s) Ethernet
UA-G3-W,UBIQUITI,NEW,138.7,10,ON-SITE,Ubiquiti UA-G3-W access control reader Basic access control reader White
UA-G3-SK-Pro,UBIQUITI,NEW,541.29,1,ON-SITE,Ubiquiti G3 Starter Kit Pro security access control system Grey White
B6ZC0ET,Hewlett-Packard,NEW,694.32,200,ON-SITE,HP ProOne 440 G9 AiO i5-12500T 23 8 FHD IPS 250nits LBL AG 16GB DDR5 4800 SSD512 Intel UHD 770 Cam5MP Kb+Mouse W11Pro 3Y OnSite
B6YL7ET,Hewlett-Packard,NEW,673.18,200,ON-SITE,HP ProOne 440 G9 AiO i5-12500T 23 8 FHD IPS 250nits AG 16GB DDR4 3200 SSD512 Intel UHD 770 Cam5MP Kb+Mouse W11Pro 3Y OnSite
936F3EA,Hewlett-Packard,NEW,736.69,188,ON-SITE,HP ProOne 440 G9 23.8 All-in-One PC Intel® Core™ i5-13500T 1920 × 1080 px 16 GB DDR4-SDRAM 512 GB SSD Windows 11 Pro Wi-Fi 6 (802.11ax) Black
F0JY0023PB,Lenovo,NEW,768.72,90,ON-SITE,Lenovo IdeaCentre AIO 24ILL11 Ultra 5 226V 23.8 FHD IPS 250 nits 100 Hz AG 16 GB LPDDR5X-8533 512 GB SSD Intel Arc Graphics 130V 5.0 MP webcam Windows 11 Cloud Grey
F0JW001WPB,Lenovo,NEW,800.79,80,ON-SITE,Lenovo IdeaCentre AIO 27ILL11 Ultra 5 226V 27 FHD IPS 300 nits LBL AG 16GB LPDDR5X-8533 512GB SSD Intel Arc Graphics 130V 5.0MP camera Windows 11 Cloud Grey
F0JW001XPB,Lenovo,NEW,716.06,30,ON-SITE,Lenovo IdeaCentre AIO 27ILL11 Ultra 5 226V 27 FHD IPS 300 nits LBL AG 16GB LPDDR5X-8533 512GB SSD Intel Arc Graphics 130V 5.0MP camera No OS Luna Grey
9L736EA,Hewlett-Packard,NEW,652.76,29,ON-SITE,HP 27-cr0204nw AMD Ryzen™ 7 7730U 68.6 cm (27 ) 1920 × 1080 px All-in-One PC 16 GB DDR4-SDRAM 512 GB SSD Free DOS Wi-Fi 6 (802.11ax) White
B6ZB7ET,Hewlett-Packard,NEW,733.7,25,ON-SITE,HP ProOne 245 G10 Desktop PC AMD Ryzen™ 7 7730U 60 5 cm (23.8 ) 1920 x 1080 px 16 GB DDR4-SDRAM 512 GB SSD Windows 11 Pro Wi-Fi 6 (802.11ax) Grey
Modern AM242P 1M-2274EU,MSI,NEW,757.98,22,ON-SITE,MSI AIO Modern AM242P 1M-2274EU Core 5 120U 23 8 IPS LED FHD Non-Touch AG 16GB SSD512 M.2 AX211 WiFi 6E W11Pro Black 3Y
C9TR0ET,Hewlett-Packard,NEW,1414.79,16,ON-SITE,HP EliteStudio 8 G1i AI PC Intel Core Ultra 5 235 27 2560 × 1440 px touchscreen All-in-One PC 16 GB DDR5-SDRAM 512 GB SSD Windows 11 Pro Wi-Fi 7 (802.11be) Silver
F0JW001VPB,Lenovo,NEW,890.18,15,ON-SITE,Lenovo IdeaCentre AIO 27ILL11 Ultra 5 226V 27 FHD IPS 300 nits LBL AG 16GB LPDDR5X-8533 1TB SSD Intel Arc Graphics 130V 5.0MP camera Windows 11 Cloud Grey
B6ZB4ET,Hewlett-Packard,NEW,882.24,14,ON-SITE,HP ProOne 240 G10 Desktop PC Intel Core Ultra 5 125U 60 5 cm (23.8 ) 1920 x 1080 px 16 GB DDR5-SDRAM 512 GB SSD Windows 11 Pro Wi-Fi 6 (802.11ax)
Modern AM272P 1M-855EU,MSI,NEW,885.89,13,ON-SITE,MSI Modern AM272P 1M-855EU Intel Core 5 120U 68.6 cm (27 ) 1920 x 1080 pixels All-in-One PC 16 GB DDR5-SDRAM 512 GB SSD Windows 11 Pro Wi-Fi 6E (802.11ax) Black
P440VAK-BPCH21X,ASUS,NEW,793.02,13,ON-SITE,ASUS AIO P440VAK-BPCH21X Core 5 210H 23.8 FHD 100Hz 250 nits AG 16GB DDR5 SSD512 Intel Graphics WLAN+BT Cam1080p W11Pro Black 3Y OnSite
BTO005_QC24251_EMEA,Dell,NEW,1036.77,13,ON-SITE,DELL Pro QC24251 Intel® Core™ i5 i5-14500T 61 cm (24 ) 1920 x 1080 pixels All-in-One PC 16 GB DDR5-SDRAM 512 GB SSD Windows 11 Pro Wi-Fi 6E (802.11ax) Black
PRO AP242P 14M-1096XEU,MSI,NEW,991.89,12,ON-SITE,MSI Pro AP242P 14M-813EU Intel® Core™ i7 i7-14700 60.5 cm (23.8 ) 1920 x 1080 pixels All-in-One PC 16 GB DDR5-SDRAM 1 TB SSD NoOS Wi-Fi 6E (802.11ax) Black
F0JY0024PB,Lenovo,NEW,665.14,10,ON-SITE,Lenovo IdeaCentre AIO 24ILL11 Ultra 5 226V 23.8 FHD IPS 250 nits 100 Hz AG 16 GB LPDDR5X-8533 512 GB SSD Intel Arc Graphics 130V 5.0 MP webcam No OS Cloud Grey
F0HN00SLPB+888015471,Lenovo,NEW,832.32,10,ON-SITE,Lenovo IdeaCentre AIO 24IRH9 i5-13420H 23.8 FHD IPS AG 250 nits 100 Hz 16 GB DDR5 5200 SSD 1 TB Intel UHD Graphics Windows 11 Cloud Grey + Lenovo Slim DVD Burner DB65 (888015471)
F0JY001XPB,Lenovo,NEW,973.4,10,ON-SITE,Lenovo IdeaCentre AIO 24ILL11 23.8 Non-touch Intel Core Ultra 7 256V 16GB 1TB SSD Windows 11 Home
D73RVET,Hewlett-Packard,NEW,1369.36,10,ON-SITE,HP EliteStudio 8 All-in-One G1i 23.8 desktop AI PC Intel Core Ultra 7 1920 × 1080 px 16 GB DDR5-SDRAM Windows 11 Pro Wi-Fi 7 (802.11be) silver
F0JY001WPB,Lenovo,NEW,1058.05,9,ON-SITE,Lenovo IdeaCentre AIO 24ILL11 23.8 Touch Intel Core Ultra 7 256V 16GB 1TB SSD Windows 11 Home
F0JY0021PB,Lenovo,NEW,919.33,9,ON-SITE,Lenovo IdeaCentre AIO 24ILL11 Ultra 5 226V 23.8 FHD Touch IPS 250 nits 100 Hz AG 16 GB LPDDR5X-8533 1 TB SSD Intel Arc Graphics 130V 5.0 MP camera Windows 11 Cloud Grey
F0JY0022PB,Lenovo,NEW,855.78,9,ON-SITE,Lenovo IdeaCentre AIO 24ILL11 Ultra 5 226V 23.8 FHD IPS 250 nits 100 Hz AG 16 GB LPDDR5X-8533 1 TB SSD Intel Arc Graphics 130V 5.0 MP webcam Windows 11 Cloud Grey
Modern AM272P 1M-1293XEU,MSI,NEW,769.54,9,ON-SITE,MSI Modern AM272P 1M-1293XEU All-in-One PC/workstation Intel Core 5 120U 68.6 cm (27 ) 1920 x 1080 pixels 16 GB DDR5-SDRAM 512 GB SSD Wi-Fi 6E (802.11ax) Black
F0JY0020PB,Lenovo,NEW,855.78,7,ON-SITE,Lenovo IdeaCentre AIO 24ILL11 Ultra 7 256V 23.8 FHD IPS 250 nits 100 Hz LBL AG 16 GB LPDDR5X 512 GB SSD Intel Arc Graphics 140V Windows 11 Cloud Grey
F0HQ0041PB,Lenovo,NEW,826.63,4,ON-SITE,Lenovo IdeaCentre AIO 27ARR9 AMD Ryzen™ 7 7735HS 68.6 cm (27 ) 1920 x 1080 pixels All-in-One PC 16 GB DDR5-SDRAM 512 GB SSD Wi-Fi 6 (802.11ax) Windows 11 Home Grey
BY6U4ET,Hewlett-Packard,NEW,1017.55,4,ON-SITE,HP ProOne 240 G10 Desktop PC Intel Core Ultra 7 155U 60.5 cm (23.8 ) 1920 x 1280 px All-in-One PC 16 GB DDR5-SDRAM 512 GB SSD Windows 11 Pro Wi-Fi 6 (802.11ax) White
12SD0020PB,Lenovo,NEW,973.83,3,ON-SITE,Lenovo ThinkCentre neo 50a 24 Gen 5 Intel® Core™ i7 i7-13620H 60.5 cm (23.8 ) 1920 x 1080 pixels Touchscreen All-in-One PC 16 GB DDR5-SDRAM 512 GB SSD Windows 11 Pro Wi-Fi 6 (802.11ax) Grey
13AY001JPB,Lenovo,NEW,1016.59,3,ON-SITE,Lenovo ThinkCentre M70a Gen 6 Intel Core Ultra 5 225T 60.5 cm (23.8 ) 1920 x 1080 pixels All-in-One PC 16 GB DDR5-SDRAM 512 GB SSD Windows 11 Pro Wi-Fi 6E (802.11ax) Black
9U2K4EA,Hewlett-Packard,NEW,746.5,3,ON-SITE,HP 27-cr0222nw AMD Ryzen™ 7 7730U 68.6 cm (27 ) 1920 x 1080 px All-in-One PC 16 GB DDR4-SDRAM 512 GB SSD Windows 11 Home Wi-Fi 6 (802.11ax) White
F0HM00RTPB,Lenovo,NEW,826.91,3,ON-SITE,Lenovo IdeaCentre AIO 27IRH9 Intel® Core™ i5 i5-13420H 68.6 cm (27 ) QHD All-in-One PC 16 GB DDR5-SDRAM 512 GB SSD Windows 11 Home Wi-Fi 6 (802.11ax) Grey
Modern AM242P 1M-2088XEU,MSI,NEW,641.9,2,ON-SITE,MSI Modern AM242P 1M-2088XEU Intel Core 5 120U 60.5 cm (23.8 ) 1920 x 1080 pixels All-in-One PC 16 GB DDR5-SDRAM 512 GB SSD Wi-Fi 6E (802.11ax) Black
13AT000VPB,Lenovo,NEW,1037.67,1,ON-SITE,Lenovo ThinkCentre M90a G6 AiO Ultra 5 235 23.8 FHD IPS 120Hz 250 nits LBL AG 16GB DDR5 5600 512GB SSD Intel Graphics 5MP camera + IR Windows 11 Pro Black 3-year On-site warranty
F0HM00RQPB,Lenovo,NEW,852.48,1,ON-SITE,Lenovo IdeaCentre AIO 27IRH9 Intel® Core™ i5 i5-13420H 68.6 cm (27 ) 1920 x 1080 pixels All-in-One PC 16 GB DDR5-SDRAM 1 TB SSD Windows 11 Home Wi-Fi 6 (802.11ax) Grey
12SD0060PB,Lenovo,NEW,902.99,1,ON-SITE,Lenovo ThinkCentre neo 50a 24 Gen 5 Intel Core 5 210H 60.5 cm (23.8 ) 1920 x 1080 pixels Touchscreen All-in-One PC 16 GB DDR5-SDRAM 512 GB SSD Windows 11 Pro Wi-Fi 6 (802.11ax) Grey
90YJ002JPL,Lenovo,NEW,1587.9,16,ON-SITE,Lenovo Legion T5 30AGB10 AMD Ryzen™ 7 7700X 32 GB DDR5-SDRAM 2 TB SSD NVIDIA GeForce RTX 5060 Ti Windows 11 Home Tower PC Black
MPG Infinite Z3 X3D 9NVVR7-685E,MSI,NEW,3318.35,13,ON-SITE,MSI MPG Infinite Z3 X3D 9NVVR7-685EU AMD Ryzen™ 7 9800X3D 32 GB DDR5-SDRAM 2 TB SSD NVIDIA GeForce RTX 5080 Windows 11 Home Desktop PC Black
MPG Infinite Z3 X3D 7NVRR7-875E,MSI,NEW,2343.72,12,ON-SITE,MSI MPG Infinite Z3 X3D 7NVRR7-875EU AMD Ryzen™ 7 7800X3D 32 GB DDR5-SDRAM 1 TB SSD NVIDIA GeForce RTX 5070 Windows 11 Home Desktop PC Black
MPG Trident AS AI 2NVM5-074EU,MSI,NEW,1384.65,10,ON-SITE,MSI MPG Trident AS AI 2NVM5-074EU Intel Core Ultra 5 225F 16 GB DDR5-SDRAM 1 TB SSD NVIDIA GeForce RTX 5060 Ti Windows 11 Home Desktop PC Black
90YA006EPL,Lenovo,NEW,1658.08,10,ON-SITE,Lenovo Legion T5 30IAS10 Ultra 5 225 32GB DDR5 5600 SSD1TB GeForce RTX 5060 8GB 500W Win11 Eclipse Black
MPG Trident AS AI 2NVP7-070EU,MSI,NEW,2041.97,9,ON-SITE,MSI MPG Trident AS AI 2NVP7-070EU Intel Core Ultra 7 265F 32 GB DDR5-SDRAM 1 TB SSD NVIDIA GeForce RTX 5070 Windows 11 Home Desktop PC Black
MPG Trident AS AI 2NVL5-064EU,MSI,NEW,1237.21,9,ON-SITE,MSI MPG Trident AS AI 2NVL5-040FR Intel Core Ultra 5 225F 16 GB DDR5-SDRAM 1 TB SSD NVIDIA GeForce RTX 5060 Windows 11 Home Desktop PC Black
MEG Vision X AI 2NVR7-290EU,MSI,NEW,3478.1,8,ON-SITE,MSI MEG Vision X AI 2NVR7-290EU Intel Core Ultra 7 265K 64 GB DDR5-SDRAM 1 TB SSD NVIDIA GeForce RTX 5070 Ti Windows 11 Home Desktop PC Black
90YA006DPL,Lenovo,NEW,1611.17,8,ON-SITE,Lenovo Legion T5 30IAS10 Ultra 5 225 32GB DDR5 5600 SSD1TB GeForce RTX 5060 8GB 500W NoOS Eclipse Black
MAG Infinite S3 14NVM5-2873EU,MSI,NEW,1280.91,7,ON-SITE,MSI MAG Infinite S3 14NVM5-2873EU Intel® Core™ i5 i5-14400F 16 GB DDR5-SDRAM 1 TB SSD NVIDIA GeForce RTX 5060 Ti Windows 11 Home Desktop PC Black
MAG Infinite S3 14NVP5-2822XEU,MSI,NEW,1492.66,6,ON-SITE,MSI MAG Infinite S3 14NVP5-2822XEU Core i5-14400F 16GB DDR5 1TB SSD GeForce RTX 5070 12GB SHADOW 2X AW-XB560NF (Wi-Fi 6E) Bluetooth 5.3 500W noOS Black 2Y
MPG Infinite X3 AI 2NVR7-641EU,MSI,NEW,2447.54,6,ON-SITE,MSI MPG Infinite X3 AI 2NVR7-641EU Intel Core Ultra 7 265KF 32 GB DDR5-SDRAM 1 TB SSD NVIDIA GeForce RTX 5070 Ti Windows 11 Home Desktop PC Black
MPG Infinite X3 AI 2NVV9-878EU,MSI,NEW,3401.24,5,ON-SITE,MSI MPG Infinite X3 AI 2NVV9-878EU Core Ultra 9 285K 32GB DDR5 2TB SSD GeForce RTX 5080 VENTUS 3X OC 16GB AX211 (Wi-Fi 6E) Bluetooth 5.3 850W Windows 11 Black 2Y
MAG Infinite S AI 2NVL5-012XEU,MSI,NEW,1196.02,3,ON-SITE,MSI MAG Infinite S AI 2NVL5-012XEU Core Ultra 5 225F 16GB DDR5 1TB SSD GeForce RTX 5060 8GB VENTUS 2X OC V1 AW-XB560NF (Wi-Fi 6E) Bluetooth 5.3 500W noOS Black 2Y
91DF004UPL,Lenovo,NEW,1728.16,2,ON-SITE,Lenovo LOQ Tower 26ADR10 Ryzen 7 8745HX 32GB DDR5 5200 1TB SSD GeForce RTX 5070 12GB Windows 11 Luna Grey / Eclipse Black
90YJ005KPL,Lenovo,NEW,1822.87,2,ON-SITE,Lenovo Legion T5 30AGB10 Ryzen 5 7600 32GB DDR5 5600 1TB SSD GeForce RTX 5070 12GB WLAN+BT Windows 11 Eclipse Black
90YE001BPL,Lenovo,NEW,1870.02,2,ON-SITE,Lenovo Legion T5 30IAX10 Ultra 9 275HX 32GB DDR5 5600 SSD2TB GeForce RTX 5060 Ti 8GB 850W Win11 Eclipse Black
90YA006CPL,Lenovo,NEW,1399.37,1,ON-SITE,Lenovo Legion T5 30IAS10 Ultra 5 225 32GB DDR5 5600 SSD1TB GeForce RTX 5060 Ti 8GB 500W NoOS Eclipse Black
90YJ002HPL,Lenovo,NEW,2013.51,1,ON-SITE,Lenovo Legion T5 30AGB10 Ryzen 7 7700X 32GB DDR5 5600 2TB SSD GeForce RTX 5070 12GB Windows 11 Eclipse Black
90AS00I1-M00090,ASUS,NEW,4041.62,32,ON-SITE,ASUS ROG NUC RNUC15JNK9X28AA2 Intel Core Ultra 9 275HX 32 GB DDR5-SDRAM 2 TB SSD NVIDIA GeForce RTX 5080 Windows 11 Home USFF Mini PC Black
PN54-S1-S50015AL,ASUS,NEW,963.86,32,ON-SITE,ASUS ExpertCenter PN54-S1-S50015AL AMD Ryzen™ 5 220 16 GB DDR5-SDRAM 512 GB SSD Windows 11 Pro Mini PC Black
JPT/L6/X600/65W,Asrock,NEW,197.84,22,ON-SITE,Asrock Jupiter X600 Mini PC
90MR01D2-M000E0,ASUS,NEW,465.81,21,ON-SITE,ASUS ExpertCenter PN54-BBR726MNS1 0.6L sized PC Black 260 3.8 GHz
NEX60-BK/BV,Blackview,NEW,563.14,10,ON-SITE,Blackview NEX60 Intel® Core™ i5 210H 16 GB DDR4 512 GB SSD Windows 11 Pro Small Desktop PC Black
MP20-BK/BV/V4,Blackview,NEW,317.71,9,ON-SITE,Blackview MP20 Mini PC with Ryzen 3 3300U 8GB RAM 256GB SSD Windows 11 Pro black
MP20-BK/BV/V3,Blackview,NEW,374.89,6,ON-SITE,Blackview MP20 16GB SSD 512 GB Win 11 Pro - Mini PC Black
90MS0371-M00030,ASUS,NEW,5816.07,5,ON-SITE,ASUS Ascent GX10 GX10-GG0003BN GB10 128 GB LPDDR5x-SDRAM Mini PC Grey
MP50-BK/BV,Blackview,NEW,402.54,4,ON-SITE,Mini PC Blackview MP50 AMD Ryzen 5 3500U/16GB/SSD 512GB/Win 11 Pro Black
MP100Pro-16GB/512GB-BK/BV/V6,Blackview,NEW,403.86,3,ON-SITE,Mini PC Blackview MP100 Pro Ryzen 5 7430U 16GB SSD512 W11Pro grey
PB63-B3203AH,ASUS,NEW,684.13,2,ON-SITE,ASUS PB63-B3203AH Intel® Core™ i3 i3-14100 8 GB DDR5-SDRAM 256 GB SSD Windows 11 Pro Mini PC Black
9H7N5ET,Hewlett-Packard,NEW,666.98,200,ON-SITE,HP Pro 400 G9 Intel® Core™ i5 i5-12500 16 GB DDR5-SDRAM 512 GB SSD DVD-RW Windows 11 Pro SFF PC Black
BTO101_QVS1260_EMEA,Dell,NEW,762.85,147,ON-SITE,DELL Pro QVS1260 Intel Core Ultra 5 225 16 GB DDR5-SDRAM 512 GB SSD Windows 11 Pro Slim PC PC Black
BTO005B_QVT1260_EMEA,Dell,NEW,703.09,118,ON-SITE,DELL Pro QVT1260 Intel® Core™ i5 i5-14500 16 GB DDR5-SDRAM 512 GB SSD Windows 11 Pro Desktop PC Black
12XD000CPB,Lenovo,NEW,778.5,94,ON-SITE,Lenovo ThinkCentre neo 50s Gen 5 Intel® Core™ i5 i5-14400 16 GB DDR5-SDRAM 512 GB SSD Windows 11 Pro SFF PC Black Grey
12UD001MPB,Lenovo,NEW,598.26,58,ON-SITE,Lenovo ThinkCentre neo 50t Intel® Core™ i3 i3-14100 8 GB DDR5-SDRAM 512 GB SSD Windows 11 Pro Tower PC Black Grey
91B20045PL,Lenovo,NEW,621.92,57,ON-SITE,Lenovo IdeaCentre Mini 01IRH10R Core 5 210H 16GB DDR5 5600 SSD512 Intel Graphics WLAN+BT LAN W11Pro Luna Grey 3Y OnSite
13BD0035PB,Lenovo,NEW,762.99,53,ON-SITE,Lenovo ThinkCentre neo 50t Gen 6 Intel Core Ultra 5 225 16 GB DDR5-SDRAM 512 GB SSD Windows 11 Pro Tower PC Black
BY7F0ET,Hewlett-Packard,NEW,636.88,46,ON-SITE,HP Pro Mini 400 G9 Intel® Core™ i5 i5-12500T 16 GB DDR5-SDRAM 512 GB SSD Windows 11 Pro Mini PC Black
91CF0034PL,Lenovo,NEW,719.53,45,ON-SITE,Lenovo IdeaCentre Tower 08IAS10 Ultra 5 225 16GB DDR5 5600 512GB SSD Intel Graphics WLAN+BT W11 Pro Cloud Grey 3-year On-site
BTO004B_QVT1260_EMEA,Dell,NEW,611.46,45,ON-SITE,DELL Pro QVT1260 Intel® Core™ i5 i5-14500 8 GB DDR5-SDRAM 512 GB SSD Windows 11 Pro Desktop PC Black
BTO001_QVT1260_EMEA,Dell,NEW,557.32,43,ON-SITE,DELL Pro QVT1260 Intel® Core™ i3 i3-14100 8 GB DDR5-SDRAM 512 GB SSD Windows 11 Pro Desktop PC Black
B6ZD0ET,Hewlett-Packard,NEW,628.74,40,ON-SITE,HP ProDesk 2 Tower G1i E Desktop PC Intel® Core™ i5 i5-14400 8 GB DDR5-SDRAM 512 GB SSD Windows 11 Pro
13DK000YPB,Lenovo,NEW,714.88,38,ON-SITE,Lenovo ThinkCentre neo 30s Gen 5 Intel® Core™ i5 i5-13420H 16 GB DDR5-SDRAM 512 GB SSD Windows 11 Pro SFF PC Black Grey
13B9001APB,Lenovo,NEW,869.95,32,ON-SITE,Lenovo ThinkCentre neo 50q Gen 5 Intel Core 7 240H 16 GB DDR5-SDRAM 1 TB SSD Windows 11 Pro Mini PC PC Black
12XD001WPB,Lenovo,NEW,597.12,28,ON-SITE,Lenovo ThinkCentre neo 50s Gen 5 Intel® Core™ i3 i3-14100 8 GB DDR5-SDRAM 256 GB SSD Windows 11 Pro SFF PC Black Grey
BTO101_QVT1260_EMEA,Dell,NEW,780.93,28,ON-SITE,DELL Pro QVT1260 Copilot+ PC Intel Core Ultra 5 225 16 GB DDR5-SDRAM 512 GB SSD Windows 11 Pro Desktop PC Black
12YH001WPB,Lenovo,NEW,847.79,27,ON-SITE,Lenovo ThinkCentre M70t Gen 6 Intel Core Ultra 5 235 16 GB DDR5-SDRAM 512 GB SSD Windows 11 Pro Tower PC Black
91CF0031PL,Lenovo,NEW,808.97,23,ON-SITE,Lenovo IdeaCentre Tower 08IAS10 Ultra 5 225 16GB DDR5 5600 1TB SSD Intel Graphics WLAN+BT W11Pro Cloud Grey 3-year On-site
13DM001VPB,Lenovo,NEW,1016.05,23,ON-SITE,Lenovo ThinkCentre neo 50s Gen 6 Intel Core Ultra 7 265 16 GB DDR5-SDRAM 1 TB SSD Windows 11 Pro SFF PC Black
B6ZA8ET,Hewlett-Packard,NEW,638.86,21,ON-SITE,HP Pro Tower 290 G9 PCI Intel® Core™ i5 i5-12400 16 GB DDR4-SDRAM 512 GB SSD Windows 11 Pro PC
12XD001KPB,Lenovo,NEW,1063.02,21,ON-SITE,Lenovo ThinkCentre neo 50s Gen 5 Intel® Core™ i7 i7-14700 16 GB DDR5-SDRAM 512 GB SSD Windows 11 Pro SFF PC Black Grey
D10FNET,Hewlett-Packard,NEW,827.27,19,ON-SITE,HP Pro SFF 290 G9 Desktop PC Intel® Core™ i7 i7-14700 16 GB DDR4-SDRAM 512 GB SSD Windows 11 Pro
91CF0033PL,Lenovo,NEW,882.05,18,ON-SITE,Lenovo IdeaCentre Tower 08IAS10 Ultra 5 225 32GB DDR5 5600 1TB SSD Intel Graphics WLAN+BT No OS Cloud Grey 3-year On-site
BTO003_QVS1260_EMEA+DW316,Dell,NEW,616.94,15,ON-SITE,Dell Pro Slim Essential QVS1260 i5-14400 8GB 4800 512GB SSD Intel UHD 730 WLAN+BT Keyboard+Mouse Windows 11 Pro + USB DVD Drive-DW316 3-year Pro Support
13DM0020PB,Lenovo,NEW,881.85,13,ON-SITE,Lenovo ThinkCentre neo 50s Gen 6 Intel Core Ultra 5 225 16 GB DDR5-SDRAM 512 GB SSD Windows 11 Pro SFF PC Black
12XD000RPB,Lenovo,NEW,702.98,12,ON-SITE,Lenovo ThinkCentre neo 50s Gen 5 Intel® Core™ i5 i5-13400 16 GB DDR5-SDRAM 512 GB SSD Windows 11 Pro SFF PC Black Grey
90XS006VPL,Lenovo,NEW,639.58,12,ON-SITE,Lenovo IdeaCentre Tower 08IRR9 i5-14400 16GB DDR5 4800 512GB SSD UHD Graphics 730 Windows 11 Pro Grey 3-year On-site warranty
9H7N2ET,Hewlett-Packard,NEW,637.34,12,ON-SITE,HP Pro 400 G9 Intel® Core™ i5 i5-14500 8 GB DDR5-SDRAM 512 GB SSD Windows 11 Pro SFF PC Black
13DM002APB,Lenovo,NEW,948.09,11,ON-SITE,Lenovo ThinkCentre Neo 50s SFF Ultra 7 265 16GB DDR5 5600 512GB SSD Intel Graphics DVD-RW Windows 11 Pro Raven Black 3-year On-site warranty
91CF0035PL,Lenovo,NEW,608.97,9,ON-SITE,Lenovo IdeaCentre Tower 08IAS10 Ultra 5 225 16GB DDR5 5600 512GB SSD Intel Graphics WLAN+BT No OS Cloud Grey 3-year On-site
BTO107_QCM1250_EMEA,Dell,NEW,1048.93,9,ON-SITE,DELL Pro QCM1250 Intel Core Ultra 7 265T 16 GB DDR5-SDRAM 512 GB SSD Windows 11 Pro Micro PC Mini PC Black
BTO001_QVT1260_EMEA,Dell,NEW,566.77,8,ON-SITE,DELL Pro QVT1260 Intel® Core™ i3 i3-14100 8 GB DDR5-SDRAM 512 GB SSD Windows 11 Pro Desktop PC Black
91CF0032PL,Lenovo,NEW,1004.4,8,ON-SITE,Lenovo IdeaCentre Tower 08IAS10 Ultra 5 225 32GB DDR5 5600 1TB SSD Intel Graphics WLAN+BT W11 Pro Cloud Grey 3-year On-site
13DK0016PB,Lenovo,NEW,780.76,7,ON-SITE,Lenovo ThinkCentre neo 30s Gen 5 Intel® Core™ i7 i7-13620H 16 GB DDR5-SDRAM 512 GB SSD Windows 11 Pro SFF PC Black Grey
91CF0036PL,Lenovo,NEW,948.02,5,ON-SITE,Lenovo IdeaCentre Tower 08IAS10 Ultra 7 265
91CF0037PL,Lenovo,NEW,872.48,4,ON-SITE,Lenovo IdeaCentre Tower 08IAS10 Ultra 5 225 16GB DDR5 5600 1TB SSD Intel Graphics No OS Cloud Grey 3-year On-site
G700TF-07265F421W,ASUS,NEW,1920.08,4,ON-SITE,ASUS G700TF-07265F421W Ultra 7 265F 32GB DDR5 SSD 1TB GeForce RTX 5070 PRIME 12GB Wi-Fi 6 Bluetooth 5.4 2.5GB LAN 850W Windows 11 Black 2-year on-site warranty
AuBox-X-P,CHUWI,NEW,603.88,4,ON-SITE,PC Chuwi AuBox-X-P Ultra 7 256V 16GB 1TB BT LAN W11Pro
QE-AP13620-16GB/512GB,Qoobe,NEW,540.34,4,ON-SITE,Mini PC Qoobe AP13620 i7-13620H/16GB/SSD 512GB/Win 11 Pro black
QE-AP12450-16GB/1TB,Qoobe,NEW,487.35,3,ON-SITE,Qoobe AP12450 Mini PC i5-12450H/16GB/1TB SSD/Win 11 Pro black
CWI601K2,CHUWI,NEW,462.28,3,ON-SITE,Chuwi CoreBox CWI601K2 I5-12450H 16GB SSD512 BT WIN11 Pro Black
91E7000VPL,Lenovo,NEW,1313.81,3,ON-SITE,Lenovo Yoga Mini 01IPH11 Ultra X7 358H 32GB LPDDR5X-8533 512GB SSD Intel Arc W11Pro Seashell 3-year OnSite warranty
91E7000WPL,Lenovo,NEW,965.53,3,ON-SITE,Lenovo Yoga Mini 01IPH11 Ultra 5 325 16GB grey
90W2008RPL+GX30L66303,Lenovo,NEW,598.28,2,ON-SITE,Lenovo IdeaCentre Mini 01IRH8 i5-13420H 16GB DDR4 3200 512GB SSD Intel UHD Graphics Windows 11 Pro Cloud Grey + Lenovo 100 Wireless Keyboard and Mouse Combo
Larkbox-X-P-K1,CHUWI,NEW,332.83,2,ON-SITE,PC Chuwi Larkbox-X-P-K1 i3-1220P 8GB SSD256 BT W11Pro
ATAGB10-9001,Gigabyte,NEW,5592.82,2,ON-SITE,Gigabyte AI TOP ATOM ATAGB10-9001 AI Supercomputer
9H7M7ET,Hewlett-Packard,NEW,617.51,2,ON-SITE,HP Pro Tower 400 G9 PCI Intel® Core™ i5 i5-14500 8 GB DDR5-SDRAM 512 GB SSD Windows 11 Pro PC Black
QE-AP13620-16GB/1TB,Qoobe,NEW,582.72,2,ON-SITE,Mini PC Qoobe AP13620 i7-13620H/16GB/SSD 1TB/Win 11 Pro black
QE-U155H-16GB/512GB,Qoobe,NEW,678.04,1,ON-SITE,Qoobe U155H Mini PC with Core Ultra 7 155H/16GB/512GB SSD/Windows 11 Pro black (branded as Morefine)
12YU0010PB,Lenovo,NEW,992.74,1,ON-SITE,Lenovo ThinkCentre M90s Gen 6 Intel Core Ultra 5 245 16 GB DDR5-SDRAM 512 GB SSD Windows 11 Pro SFF PC Black
13B9001FPB,Lenovo,NEW,900.61,1,ON-SITE,Lenovo ThinkCentre neo 50q Gen 5 Intel Core 5 210H 32 GB DDR5-SDRAM 1 TB SSD Windows 11 Pro Mini PC Black
13B9000MPB,Lenovo,NEW,764.03,1,ON-SITE,Lenovo ThinkCentre neo 50q Gen 5 Intel Core 5 210H 16 GB DDR5-SDRAM 1 TB SSD Windows 11 Pro Mini PC PC Black
13DM002LPB,Lenovo,NEW,660.77,1,ON-SITE,Lenovo ThinkCentre neo 50s G6 SFF Ultra 3 205 16GB DDR5 5600 512GB SSD Intel Graphics DVD-RW WLAN+BT Windows 11 Pro Raven Black 3-year OnSite
VAB-S17-B,Vention,NEW,4.62,12,ON-SITE,Vention USB External Sound Card Black Metal Type
Y-247A,UNITEK,NEW,8.84,7,ON-SITE,UNITEK Y-247A audio converter Silver
CDKHB,Vention,NEW,8.13,6,ON-SITE,Vention USB External Sound Card 0.15M Gray Metal Type
CDRBF,Vention,NEW,12,6,ON-SITE,Vention 1m USB 2.0 external sound card
85471,Medisana,NEW,11.86,4,ON-SITE,Medisana ND 880 UV/LED nail lamp White
88553,Medisana,NEW,27.62,26,ON-SITE,Medisana 2in1 standing cosmetic mirror CM 844
88551,Medisana,NEW,15.48,13,ON-SITE,Medisana CM 400 LED table mirror
23603,Medisana,NEW,8.06,7,ON-SITE,Ecomed 23603 makeup mirror Freestanding Round White
AD 2159,Adler,NEW,13.42,6,ON-SITE,Adler AD 2159 makeup mirror Freestanding Chrome
88554,Medisana,NEW,16.42,4,ON-SITE,Medisana 2-in-1 cosmetic mirror CM 835
PC-MPS 3004,PROFICARE,NEW,17.97,17,ON-SITE,Manicure/pedicure implement Set ProfiCare PC-MPS 3004
155160,CURVER,NEW,18.01,200,ON-SITE,Curver R034721 step stool Polypropylene (PP) Grey Red
Archer T4E,TP-LINK,NEW,20.96,169,ON-SITE,TP-Link Archer T4E Internal WLAN 867 Mbit/s
Archer TX55E,TP-LINK,NEW,24.88,149,ON-SITE,TP-Link ARCHER TX55E network card WLAN / Bluetooth 2402 Mbit/s
TL-WN781ND,TP-LINK,NEW,8.35,144,ON-SITE,TP-Link TL-WN781ND network card Internal WLAN 150 Mbit/s
Archer TX3000E,TP-LINK,NEW,40.46,127,ON-SITE,TP-Link Archer TX3000E Internal WLAN / Bluetooth 2402 Mbit/s
Archer TX20E,TP-LINK,NEW,33.65,108,ON-SITE,TP-Link AX1800 Wi-Fi 6 Bluetooth 5.2 PCIe Adapter
Archer TXE72E,TP-LINK,NEW,34,91,ON-SITE,TP-Link AXE5400 Wi-Fi 6E Bluetooth 5.3 PCIe Adapter
MA86XE,MERCUSYS,NEW,24.12,66,ON-SITE,Mercusys AXE5400 Wi-Fi 6E Bluetooth 5.2 PCIe Adapter
TL-WN881ND,TP-LINK,NEW,11.57,62,ON-SITE,TP-Link TL-WN881ND network card Internal WLAN 300 Mbit/s
WE9300 1.0,CUDY,NEW,37.91,45,ON-SITE,Cudy WE9300 network card Internal WLAN / Bluetooth 5765 Mbit/s
Archer T2E,TP-LINK,NEW,17.34,29,ON-SITE,TP-Link Archer T2E Internal WLAN 433 Mbit/s
TL-WN781ND,TP-LINK,NEW,8.98,26,ON-SITE,TP-Link TL-WN781ND network card Internal WLAN 150 Mbit/s
ARCHER TX50E,TP-LINK,NEW,27.48,19,ON-SITE,TP-LINK AX3000 Wi-Fi 6 Bluetooth 5.0 PCIe Adapter
WE9300S,CUDY,NEW,39.27,14,ON-SITE,Cudy WE9300S network card Internal WLAN / Bluetooth 5765 Mbit/s
TBE550E,TP-LINK,NEW,80.5,13,ON-SITE,TP-Link Archer BE9300 Wi-Fi 7 Bluetooth 5.4 PCIe Adapter
PCE-BE92BT,ASUS,NEW,49.75,1,ON-SITE,ASUS PCE-BE92BT WLAN / Bluetooth 5764 Mbit/s
Archer T2U,TP-LINK,NEW,8.92,200,ON-SITE,TP-LINK Archer T2U V3 WLAN 433 Mbit/s
Archer TX20U Plus,TP-LINK,NEW,25.16,200,ON-SITE,TP-Link AX1800 Dual Antennas High Gain Wireless USB Adapter
TL-WN722N,TP-LINK,NEW,9.24,200,ON-SITE,TP-Link TL-WN722N network card WLAN 150 Mbit/s
TL-WN725N,TP-LINK,NEW,5.92,200,ON-SITE,TP-Link TL-WN725N network card WLAN 150 Mbit/s
MA30H,MERCUSYS,NEW,10.29,200,ON-SITE,Drahtlose USB-Netzwerkkarte MERCUSYS MA30H AC1300 Dual Band Black
TL-WN725N,TP-LINK,NEW,5.93,200,ON-SITE,TP-Link TL-WN725N network card WLAN 150 Mbit/s
MU6H,MERCUSYS,NEW,8.13,190,ON-SITE,Mercusys AC650 High Gain Wireless Dual Band USB Adapter
MA72XH,MERCUSYS,NEW,14.37,128,ON-SITE,Mercusys MA72XH network card
TL-WN823N,TP-LINK,NEW,7.48,126,ON-SITE,TP-Link TL-WN823N network card WLAN 300 Mbit/s
TL-WN822N,TP-LINK,NEW,11.85,116,ON-SITE,TP-LINK TL-WN822N WLAN 300 Mbit/s
TX10UB Nano,TP-LINK,NEW,15.43,115,ON-SITE,TP-Link Archer TX10UB Nano Bluetooth 600 Mbit/s
T2U Nano,TP-LINK,NEW,9.18,112,ON-SITE,TP-Link Archer T2U Nano WLAN 433 Mbit/s
Archer TXE70UH,TP-LINK,NEW,37.9,96,ON-SITE,TP-Link Archer AXE5400 Wi-Fi 6E High Gain Wireless USB Adapter
USB-AC53 Nano,ASUS,NEW,13.12,95,ON-SITE,ASUS USB-AC53 Nano WLAN 867 Mbit/s
Archer TX35U Plus,TP-LINK,NEW,23.34,93,ON-SITE,TP-LINK ARCHER TX35U PLUS NETWORK CARD
ARCHER T4U Plus,TP-LINK,NEW,23.34,81,ON-SITE,TP-LINK Archer T4U Plus WLAN 1300 Mbit/s
MA14N,MERCUSYS,NEW,5.76,71,ON-SITE,Mercusys MA14N network card
Archer T3U Nano,TP-LINK,NEW,13.09,59,ON-SITE,TP-Link AC1300 Nano Wireless MU-MIMO USB Adapter
ARCHER T2U PLUS,TP-LINK,NEW,11.87,50,ON-SITE,TP-Link Archer T2U Plus Internal WLAN 600 Mbit/s
TX50UH,TP-LINK,NEW,35.56,49,ON-SITE,Outdoor network adapter TP-Link Archer TX50UH WLAN 3000 Mbit/s
Archer TX20U,TP-LINK,NEW,22.3,41,ON-SITE,TP-Link Archer AX1800 Dual Band Wi-Fi 6 Wireless USB Adapter
TL-WN821N,TP-LINK,NEW,7.64,40,ON-SITE,TP-Link TL-WN821N network card WLAN 300 Mbit/s
Archer TX20U Nano,TP-LINK,NEW,18.82,39,ON-SITE,TP-Link Archer AX1800 Nano Wi-Fi 6 Wireless USB Adapter
WU5400 1.0,CUDY,NEW,18.01,29,ON-SITE,CUDY WU5400 AC1300 Wi-Fi USB Adapter
Archer TBE400UH,TP-LINK,NEW,70.21,17,ON-SITE,TP-Link Archer TBE400UH WLAN 2882 Mbit/s
Archer T3U Nano,TP-LINK,NEW,13.08,13,ON-SITE,TP-Link AC1300 Nano Wireless MU-MIMO USB Adapter
MW300UM,MERCUSYS,NEW,5.78,12,ON-SITE,Mercusys N300 Wireless Mini USB Adapter
Archer TX1U Nano,TP-LINK,NEW,7.87,10,ON-SITE,TP-LINK ARCHER TX1U NANO NETWORK CARD
MW300UH,MERCUSYS,NEW,8.76,8,ON-SITE,Mercusys 300Mbps High Gain Wireless USB Adapter
USB-BE92,ASUS,NEW,49.53,6,ON-SITE,ASUS USB-BE92 Nano WLAN 2882 Mbit/s
BCM957412A4120AC,BROADCOM,NEW,195.24,4,ON-SITE,Broadcom BCM957412A4120AC network card Internal 10000 Mbit/s
XGN100Cv3-ZZ0101F,ZyXEL,NEW,72.88,2,ON-SITE,Zyxel XGN100C v3 10G RJ45 PCIe network card
E10M20-T1,Synology,NEW,241.11,1,ON-SITE,Synology E10M20-T1 interface cards/adapter Internal PCIe
E10G22-T1-Mini,Synology,NEW,135.73,1,ON-SITE,Synology E10G22-T1-Mini Internal Ethernet 10000 Mbit/s
TX201,TP-LINK,NEW,16.54,200,ON-SITE,TP-Link 2.5 Gigabit PCIe Network Adapter
TG-3468,TP-LINK,NEW,8.94,70,ON-SITE,TP-Link TG-3468 Internal Ethernet 2000 Mbit/s
WE3000S,CUDY,NEW,27.49,61,ON-SITE,Cudy WE3000S network card Internal WLAN / Bluetooth 2400 Mbit/s
PE25,CUDY,NEW,9.95,40,ON-SITE,Cudy PE25 network card Internal Ethernet 2500 Mbit/s
TX401,TP-LINK,NEW,73.12,39,ON-SITE,TP-Link TX401 network card Internal Ethernet 10000 Mbit/s
Archer T3U,TP-LINK,NEW,13.08,200,ON-SITE,TP-Link Archer T3U WLAN 867 Mbit/s
UE300,TP-LINK,NEW,9.67,200,ON-SITE,TP-Link UE300 network card Ethernet 1000 Mbit/s
UE306,TP-LINK,NEW,9.67,147,ON-SITE,TP-Link USB 3.0 to Gigabit Ethernet Network Adapter
UE300,TP-LINK,NEW,9.67,122,ON-SITE,TP-Link UE300 network card Ethernet 1000 Mbit/s
UE300C,TP-LINK,NEW,10.72,88,ON-SITE,TP-LINK UE300C network card Ethernet 10000 Mbit/s
WU650,CUDY,NEW,5.76,37,ON-SITE,Cudy WU650 network card WLAN 433 Mbit/s
WU1300S,CUDY,NEW,10.18,20,ON-SITE,Cudy WU1300S network card WLAN 867 Mbit/s
196388518234,Microsoft,NEW,48.19,200,ON-SITE,Microsoft Xbox Wireless Controller Blue Bluetooth/USB Gamepad Analogue / Digital Xbox One Xbox One S Xbox One X
196388518265,Microsoft,NEW,46.81,200,ON-SITE,Microsoft EP2-29944 Gaming Controller Black Bluetooth/USB Gamepad Analogue / Digital Android PC Xbox One Xbox Series S Xbox Series X iOS
4IK00002,Microsoft,NEW,113.05,137,ON-SITE,Microsoft Xbox Elite Wireless Series 2 – Core Black White Bluetooth/USB Gamepad Analogue / Digital PC Xbox One
196388518067,Microsoft,NEW,45.98,134,ON-SITE,Microsoft Xbox Wireless Controller Pink White Bluetooth Gamepad Analogue / Digital Xbox Series S Android Xbox Series X iOS PC
EP2-29930,Microsoft,NEW,46.58,126,ON-SITE,Microsoft Xbox Wireless Controller Black Bluetooth Gamepad Analogue / Digital Android PC Xbox One Xbox One S Xbox One X Xbox Series S Xbox Series X iOS
711719593072,Sony,NEW,171.92,116,ON-SITE,Sony Interactive Entertainment PS5 DualSense Edge Controller Black Bluetooth/USB Gamepad Analogue / Digital PlayStation 5
0196388601080,Microsoft,NEW,75.6,103,ON-SITE,Microsoft Forza Horizon 6 Limited Edition Xbox Controller Multicolour Bluetooth Gamepad Android PC Xbox One Xbox Series S Xbox Series X iOS
711719023074,Sony,NEW,57.25,75,ON-SITE,Wireless controller Sony PlayStation 5 DualSense gamepad Galactic Purple
9593973,Sony,NEW,85.39,69,ON-SITE,Wireless controller Sony PlayStation 5 DualSense gamepad FORTNITE V2
941-000112,Logitech,NEW,181.33,52,ON-SITE,Logitech G G29 Steering wheel + Pedals Playstation 3 PlayStation 4 Analogue USB 2.0 Black
EP2-29916,Microsoft,NEW,48.15,46,ON-SITE,Microsoft Xbox Wireless Controller Green
QAU-00012,Microsoft,NEW,46.74,41,ON-SITE,Microsoft Xbox Wireless Controller Red Bluetooth/USB Gamepad Analogue / Digital Xbox Xbox One Xbox Series S Xbox Series X
711719023012,Sony,NEW,57.95,41,ON-SITE,Sony DualSense PS5 Wireless controller Cosmic Red
941-000130,Logitech,NEW,36.51,29,ON-SITE,Logitech G Driving Force Shifter Black USB Special Analogue / Digital PC PlayStation 4 Xbox One
711719023104,Sony,NEW,59.39,24,ON-SITE,Sony DualSense PS5 Wireless controller Blue
711719027034,Sony,NEW,82.25,24,ON-SITE,Sony PlayStation 5 DualSense Wireless Controller Limited Edition – 007 First Light™ Gold
711719587576,Sony,NEW,61.65,23,ON-SITE,Wireless controller Sony PlayStation 5 DualSense gamepad Chrome Indigo
711719600992,Sony,NEW,84.84,17,ON-SITE,Sony PS5 DualSense Death Stranding 2 Edition Controller
711719023708,Sony,NEW,59.24,9,ON-SITE,Sony Interactive Entertainment DualSense Camouflage Bluetooth/USB Gamepad Analogue / Digital PlayStation 5
711719023715,Sony,NEW,61,7,ON-SITE,Sony DualSense V3 Wireless Controller Chrome Pearl
9590279,Sony,NEW,62.82,3,ON-SITE,Wireless controller Sony PlayStation 5 DualSense gamepad Chrome Indigo
EP2-29920,Microsoft,NEW,45.48,1,ON-SITE,Microsoft Xbox Wireless Controller – Mineral Camo Special Edition
045496337445,NINTENDO,NEW,520.52,178,ON-SITE,Nintendo Switch 2 & Pokemon Pokopia portable game console 20.1 cm (7.9 ) 256 GB Touchscreen Wi-Fi Black
045496453596,NINTENDO,NEW,255.91,122,ON-SITE,Nintendo Switch portable game console 15.8 cm (6.2 ) 32 GB Touchscreen Wi-Fi Blue Grey Red
045496321444,NINTENDO,NEW,460.5,86,ON-SITE,Nintendo Switch 2 portable game console 20.1 cm (7.9 ) 256 GB Touchscreen Wi-Fi Black
83N0000FPB,Lenovo,NEW,1225.03,50,ON-SITE,Lenovo Legion Go 8ASP2 portable game console 22.4 cm (8.8 ) 1 TB Touchscreen Wi-Fi Black
83N60012PB,Lenovo,NEW,612.69,36,ON-SITE,Lenovo Legion Go S 8APU1 Ryzen Z1 Extreme 8 WUXGA IPS 500nits Glossy 120Hz Touch 16GB LPDDR5x-7500 SSD512 Radeon Graphics 55.5Wh SteamOS Nebula Nocturne
4897025224902,No name,NEW,348.21,21,ON-SITE,Iconic Arcade Arcade Cabinet Wi-Fi Multicolour
VST-OLED-512GB,Valve,NEW,886.23,9,ON-SITE,Valve Steam Deck OLED 512GB
A2VM-254PL,MSI,NEW,1036.17,5,ON-SITE,MSI Claw 8 AI+ A2VM-254PL portable gaming console 20.3 cm (8 ) 1 TB touchscreen Wi-Fi Glacier Blue Edition
5949106280983,NINTENDO,NEW,503.38,1,ON-SITE,Nintendo Switch 2 + Assassin Creed Shadows
CFI-Y1016,Sony,NEW,213.97,1,ON-SITE,Sony Playstation Portal Remote player
8809669640433,bHaptics,NEW,315.57,11,ON-SITE,bHaptics TactSuit Air Onyx haptics waistcoat
711719598275,Sony,NEW,118.11,4,ON-SITE,PlayStation 5 Pluse Elite Headset Wireless Headphones + Case
5132,Salta,NEW,118.4,7,ON-SITE,Basketball basket - Salta Forward (5132)
5133,Salta,NEW,218.2,5,ON-SITE,Basketball basket - Salta Center (5133)
ADOBB,Vention,NEW,82.54,3,ON-SITE,Vention 4K 30Hz Wireless HDMI Transmitter
D1106AGY01,UNITEK,NEW,80.39,1,ON-SITE,UNITEK 4K KVM DOCKING STATION USB-C HDMI WITH STAND
RE550,TP-LINK,NEW,46.12,94,ON-SITE,TP-Link RE550 network extender Network transmitter & receiver White 10 100 1000 Mbit/s
MC220L,TP-LINK,NEW,15.86,60,ON-SITE,TP-LINK MC220L network converter 1000 Mbit/s
RE3000,CUDY,NEW,40.58,37,ON-SITE,Cudy RE3000 network extender Network repeater Black Red 10 100 1000 Mbit/s
TL-SM321A-2,TP-LINK,NEW,11.76,28,ON-SITE,TP-Link Gigabit Single-Mode WDM Bi-Directional SFP Module
TL-SM321B-2,TP-LINK,NEW,11.77,24,ON-SITE,TP-Link TL-SM321B-2 network transceiver module Fiber optic 1250 Mbit/s SFP
TL-PoE150S,TP-LINK,NEW,14.05,17,ON-SITE,TP-Link IEEE 802.3af PoE Injector
TL-POE170S,TP-LINK,NEW,40.89,11,ON-SITE,TP-Link PoE++ Injector Adapter
ISM321A-20,TP-LINK,NEW,20.89,4,ON-SITE,TP-Link ISM321A-20 network transceiver module Fiber optic 1250 Mbit/s SFP
SFP10G-SR-ZZ0101F,ZyXEL,NEW,110.89,4,ON-SITE,Zyxel SFP10G-SR network transceiver module Fiber optic 10000 Mbit/s SFP+ 850 nm
ISM321B-20,TP-LINK,NEW,10.47,1,ON-SITE,TP-Link ISM321B-20 network transceiver module Fiber optic 1250 Mbit/s SFP
IKZ2UK,IBOX,NEW,2.04,10,ON-SITE,iBOX Power Cable for Laptops (clover) VDE 1.8m UK plug
IKZ3UK,IBOX,NEW,1.72,8,ON-SITE,iBOX Euro 2-PIN Power Cable Audio-RTV VDE 1.8m UK Plug
G0A3LG1WWW,Lenovo,NEW,49.44,48,ON-SITE,Lenovo GO Lithium Polymer (LiPo) 10000 mAh Wireless charging Grey
BP100,VIOFO,NEW,166.7,37,ON-SITE,VIOFO powerbank BP100
FKBN0-C,Vention,NEW,18.15,30,ON-SITE,Powerbank Vention 20000mAh 2xUSB-C 1xUSB-A 22 5W
IPB20,IBOX,NEW,10.7,23,ON-SITE,Power Bank iBOX PB20 20000 mAh
YT-83082,YATO,NEW,49.09,13,ON-SITE,COMMISSIONING DEVICE 12000mA YT-83082 YATO
25883,Trust,NEW,19.63,12,ON-SITE,Trust 25883 power bank Lithium-Ion (Li-Ion) 20000 mAh Black
25196,Trust,NEW,62.85,11,ON-SITE,Trust Redoh XXL - 50 000 mAh power bank (black green)
FKBB0-C,Vention,NEW,23.74,10,ON-SITE,Powerbank Vention 20000mAh 2xUSB-C 1xUSB-A 22 5W BL
FKBL0-C,Vention,NEW,23.74,10,ON-SITE,Powerbank Vention 20000mAh 2xUSB-C 1xUSB-A 22 5W BL
25881,Trust,NEW,26.31,10,ON-SITE,Trust 25881 power bank Lithium-Ion (Li-Ion) 20000 mAh Black
40ALLG1WWW,Lenovo,NEW,54.09,8,ON-SITE,Lenovo 40ALLG1WWW power bank Lithium-Ion (Li-Ion) 10000 mAh Wireless charging Black
24679,Trust,NEW,9.44,5,ON-SITE,Trust Primo - 5000 mAh lithium-ion (Li-Ion) power bank (black)
25880,Trust,NEW,18.16,5,ON-SITE,Trust 25880 power bank Lithium-Ion (Li-Ion) 10000 mAh Black
FKAN0-C,Vention,NEW,12.91,5,ON-SITE,Vention 10000mAh Powerbank 2xUSB-C 1xUSB-A 22.5W beige
FKAP0-C,Vention,NEW,14.3,4,ON-SITE,Vention 10000mAh Powerbank 2xUSB-C 1xUSB-A 22.5W pink
26105,Trust,NEW,11.33,3,ON-SITE,Trust Pacto Lithium-Ion (Li-Ion) 5000 mAh White
FHWL0,Vention,NEW,13.83,2,ON-SITE,Powerbank Vention 20W USB-C Lightning 5000mAh
FKAB0-C,Vention,NEW,12.61,2,ON-SITE,Vention 10000mAh Powerbank 2xUSB-C 1xUSB-A 22.5W black
FHEH0,Vention,NEW,19.97,2,ON-SITE,Vention 10000mAh 35W - power bank with USB-C cable (grey)
FHZP0,Vention,NEW,18.13,2,ON-SITE,Vention 10000mAh power bank with LED display USB-C + Lightning + USB-A 22.5W (pink)
FKFH0,Vention,NEW,61.93,2,ON-SITE,Vention Powerhive 20000mAh 165W power bank + cable
26104,Trust,NEW,11.33,2,ON-SITE,Trust Mobile Pacto Lithium-Ion (Li-Ion) 5000 mAh Black
24676,Trust,NEW,21.65,2,ON-SITE,Trust Primo - 20.000 mAh powerbank (black)
IPB10,IBOX,NEW,7.86,2,ON-SITE,iBox IPB10 power bank Lithium-Ion (Li-Ion) 10000 mAh White
25882,Trust,NEW,15.73,1,ON-SITE,Trust 25882 power bank Lithium-Ion (Li-Ion) 10000 mAh Black
FKGH0,Vention,NEW,88.97,1,ON-SITE,Vention Powerhive 27000mAh 200W power bank + cable
FKBP0-C,Vention,NEW,23.74,1,ON-SITE,Powerbank Vention 20000mAh 2xUSB-C 1xUSB-A 22 5W BL
PG38C06448,Motorola,NEW,10.48,200,ON-SITE,Motorola TurboPower 33W EU Universal Black AC Fast charging Indoor
MUVV3ZM/A,Apple,NEW,16.54,200,ON-SITE,Apple 20W USB-C Power Adapter
MD3J4ZM/A,Apple,NEW,16.75,200,ON-SITE,Apple 20W USB-C Power Adapter
MW2G3ZM/A,Apple,NEW,30.55,200,ON-SITE,Apple 30W USB-C Power Adapter
SP18WASYQM10L0CW,Silicon Power,NEW,7.87,183,ON-SITE,Silicon Power SP18WASYQM10L0CW mobile device charger White Indoor
PG38C06281,Motorola,NEW,22.31,177,ON-SITE,Motorola TurboPower 68W Universal Black AC Fast charging Indoor
MW2K3ZM/A,Apple,NEW,39.01,167,ON-SITE,Apple 35W Dual USB-C Port Power Adapter
ILUC41W,IBOX,NEW,2.47,156,ON-SITE,Power charger iBOX C-41 USB 2A 1 USB port microUSB cable White
ILUC37W,IBOX,NEW,3.47,141,ON-SITE,Wall charger iBOX C-37 GaN PD20W white
MHJE3ZM/A,Apple,NEW,16.33,137,ON-SITE,Apple MHJE3ZM/A mobile device charger White Indoor
EP-T2510NBEGEU,Samsung,NEW,9.89,130,ON-SITE,Samsung EP-T2510 Universal Black USB Fast charging Indoor
SP20WASYQM162PAW,Silicon Power,NEW,7.91,84,ON-SITE,Silicon Power Boost Charger QM16 Universal White AC Fast charging Indoor
ILUC38CW,IBOX,NEW,5.21,46,ON-SITE,Wall charger I-BOX C-38 PD30W white
FEQB0-EU,Vention,NEW,9.1,40,ON-SITE,Vention Charger 1x USB-A 1x USB-C GaN 30W
MW2G3ZM/A,Apple,NEW,34.58,37,ON-SITE,Apple 30W USB-C Power Adapter
P1128ABK01-EU,UNITEK,NEW,7.09,30,ON-SITE,UNITEK Zeno Universal Black AC Fast charging Indoor
ILUC42W,IBOX,NEW,6.17,27,ON-SITE,iBOX C-42 GaN PD33W Wall charger White
EP-T2510NWEGEU,Samsung,NEW,9.89,26,ON-SITE,Samsung EP-T2510 Universal White USB Fast charging Indoor
EP-T5020XBEGEU,Samsung,NEW,29.13,26,ON-SITE,Samsung EP-T5020 Laptop Smartphone Tablet Black AC Fast charging Indoor
ILUC38W,IBOX,NEW,5.06,23,ON-SITE,Wall charger I-BOX C-38 PD30W white
FEWH0-EU,Vention,NEW,10.07,21,ON-SITE,Vention 30W - charger with GaN technology 1x USB-A 1x USB-C (black)
EP-T4511XBEGEU,Samsung,NEW,23.07,18,ON-SITE,Samsung EP-T4511 Universal Black AC Fast charging Indoor
ILUC65W,IBOX,NEW,13.8,18,ON-SITE,iBOX C-65 White GaN 65W universal charger
EP-T4511XWEGEU,Samsung,NEW,20.17,17,ON-SITE,Samsung EP-T4511 Universal White AC Fast charging Indoor
ILUC65B,IBOX,NEW,14.11,14,ON-SITE,iBOX C-65 Black GaN 65W universal charger
EP-T1510XBEGEU,Samsung,NEW,8.55,13,ON-SITE,Samsung EP-T1510XBEGEU mobile device charger Universal Black AC Fast charging Indoor
EP-T1510XWEGEU,Samsung,NEW,8.81,13,ON-SITE,Samsung EP-T1510XWEGEU mobile device charger Universal White AC Fast charging Indoor
EP-T1510NWEGEU,Samsung,NEW,5.31,12,ON-SITE,Samsung EP-T1510NWEGEU mobile device charger Universal White AC Fast charging Indoor
EP-T6530NBEGEU,Samsung,NEW,29.27,12,ON-SITE,Power charger SAMSUNG Trio EP-T6530 65W PD 1x USB-A 2x USB-C (EP-T6530NBEGEU) Black
ILUC65BUK,IBOX,NEW,11.63,10,ON-SITE,iBOX C-65 Black GaN 65W universal charger UK plug
FEQW0-EU,Vention,NEW,6.88,10,ON-SITE,Vention 30W - charger with GaN technology 1x USB-A 1x USB-C (white)
FEXH0-EU,Vention,NEW,18.14,9,ON-SITE,Vention 70W GaN PD Charger 1x USB-A 2x USB-C BK
EP-T1510NBEGEU,Samsung,NEW,5.73,9,ON-SITE,Samsung EP-T1510NBEGEU mobile device charger Universal Black AC Fast charging Indoor
P1129ABK01-EU,UNITEK,NEW,14.13,7,ON-SITE,UNITEK P1129ABK01-EU mobile device charger Universal Black AC Fast charging Indoor
25722,Trust,NEW,17.05,6,ON-SITE,Trust Maxo 45W Universal Black AC Fast charging Indoor
FEFB0-EU,Vention,NEW,13.83,6,ON-SITE,Vention 45W PD - GaN technology charger 2x USB-C (black)
EP-T2510XWEGEU,Samsung,NEW,11.56,6,ON-SITE,Samsung EP-T2510 Smartphone White AC USB Fast charging Indoor
ILUC36W,IBOX,NEW,4.2,5,ON-SITE,Wall charger iBOX C-36 GaN PD20W white
ILUC65WUK,IBOX,NEW,12.53,5,ON-SITE,iBOX C-65 White GaN 65W universal charger UK plug
P1113A-EU,UNITEK,NEW,3.21,5,ON-SITE,Unitek P1113A-EU - charger 2X USB-A 12W white
Y-2190,UNITEK,NEW,72.19,4,ON-SITE,Unitek Y-2190 Charging Station
P1117B,UNITEK,NEW,19.39,4,ON-SITE,UNITEK P1117B mobile device charger Black
P1229AWH01-EU,UNITEK,NEW,26.38,4,ON-SITE,GaN network charger - Unitek P1229AWH01-EU | 100W 2x USB-C 2x USB-A
P1132ABK01-EU,UNITEK,NEW,48.62,4,ON-SITE,UNITEK GAN CHARGER WITH DISPLAY 140W 3xUSB-C
ILUC42B,IBOX,NEW,6.17,4,ON-SITE,iBOX C-42 GaN PD33W Wall charger Black
25721,Trust,NEW,17.05,4,ON-SITE,Trust Maxo 45W Universal White AC Fast charging Indoor
TZ-FETH0-EU,Vention,NEW,33.8,3,ON-SITE,Vention 100W charger 1xUSB-A 3xUSB-C + cable
FEPW0-EU,Vention,NEW,4.59,3,ON-SITE,Vention USB-C 20W GaN Charger
EP-P5400BBEGEU,Samsung,NEW,28.21,3,ON-SITE,Samsung EP-P5400 Headphones Smartphone Smartwatch Grey USB Wireless charging Indoor
Y-2190A,UNITEK,NEW,55.22,3,ON-SITE,UNITEK Y-2190A mobile device charger
P1131ABK01-EU,UNITEK,NEW,40.78,2,ON-SITE,UNITEK GAN CHARGER WITH DISPLAY 100W 3xUSB-C
25525,Trust,NEW,33.7,2,ON-SITE,Trust Maxo 65W 2-Port USB-C GaN Charger
26067,Trust,NEW,46.7,2,ON-SITE,Trust Maxo 65W Universal Black AC Fast charging Indoor
25527,Trust,NEW,31.35,1,ON-SITE,Trust Maxo 100W 2-Port USB-C GaN Charger
EP-T2510XBEGEU,Samsung,NEW,11.46,1,ON-SITE,Samsung EP-T2510 Smartphone Black AC USB Fast charging Indoor
FEPB0-EU,Vention,NEW,4.37,1,ON-SITE,Vention USB-C 20W GaN Charger
P1122ABK01,UNITEK,NEW,25.32,1,ON-SITE,Power charger - Unitek 65W Universal Travel Adapter (P1122ABK01) | 1xUSB-A 3xUSB-C 1xAC
P1228AWH01-EU,UNITEK,NEW,18.55,1,ON-SITE,GaN network charger - Unitek P1228AWH01-EU | 70W 2x USB-C 2x USB-A
P1228ABK01-EU,UNITEK,NEW,24.49,1,ON-SITE,GaN network charger - Unitek P1228ABK01-EU | 70W 2x USB-C 2x USB-A
26068,Trust,NEW,24.68,1,ON-SITE,Trust Maxo 65W Universal White AC Fast charging Indoor
AS340011,ANKER,NEW,522.31,4,ON-SITE,Anker Solix PS400 400W Bifacial Folding Solar Panel
AS320011,ANKER,NEW,345.37,2,ON-SITE,Anker Solix PS200 200W Bifacial Folding Solar Panel
B5552411,ANKER,NEW,651.29,1,ON-SITE,Anker Solix FS20 900W flexible solar panel (225W - 4 pcs )
AS310011,ANKER,NEW,217.75,1,ON-SITE,Anker SOLIX PS100 solar panel 100 W Monocrystalline silicon
PZO50M,VERTEX,NEW,25.23,34,ON-SITE,VERTEX PZO50M Retractable extension cable 50 m 3x2 5 mm
T/LZ08-OPT015/0000,Ever,NEW,10.39,53,ON-SITE,Ever OPTIMA surge protector 1.5 m (6 x UTE; 10 A; black) (T/LZ08-OPT015/0000)
B0620SC0-FR,CyberPower,NEW,8.28,42,ON-SITE,CyberPower Tracer III B0620SC0-FR surge protector 6 AC outlet(s) 200 - 250 V 1.8 m Black
T/LZ09-CLA015/0000,Ever,NEW,9.12,32,ON-SITE,Ever CLASSIC Black 5 AC outlet(s) 250 V 1.5 m
P0820SUF0-FR,CyberPower,NEW,15.52,29,ON-SITE,CyberPower Tracer III P0820SUF0-FR surge protector Black 8 AC outlet(s) 200 - 250 V 1.8 m
T/LZ08-OPT050/0000,Ever,NEW,12.8,11,ON-SITE,Ever Optima 5m Black 6 AC outlet(s) 250 V
T/LZ09-CLA050/0000,Ever,NEW,12,10,ON-SITE,Ever T/LZ09-CLA050/0000 Surge protector Power strip Black 5 sockets
P0420SUD0-FR,CyberPower,NEW,11.44,6,ON-SITE,CyberPower Tracer III P0420SUD0-FR surge protector Black 4 AC outlet(s) 200 - 250 V 1.8 m
PZ081U,A-LAN,NEW,15.01,34,ON-SITE,Alantec Power bar 19 - 8x230V
PZ09U,A-LAN,NEW,14.99,27,ON-SITE,Alantec PZ09U power extension 1.8 m 9 AC outlet(s) Indoor Black
PZ09,A-LAN,NEW,15.01,12,ON-SITE,Alantec PZ09 power extension 1.8 m 9 AC outlet(s) Indoor Black
PZ010,A-LAN,NEW,15.26,9,ON-SITE,Alantec PZ010 power extension 1.8 m 9 AC outlet(s) Indoor Black
PZ071U,A-LAN,NEW,14.97,4,ON-SITE,Alantec PZ071U power extension 1.8 m 7 AC outlet(s) Indoor Black
CR 1041,Adler,NEW,28.97,4,ON-SITE,Camry CR 1041 Foldable Portable Toilet Black
CR 1035,Adler,NEW,63.03,3,ON-SITE,Portable toilet CAMRY CR 1035 Grey
LUYASPPF06STR,SHIMANO,NEW,3.41,13,ON-SITE,Wobler Shimano Yasei Pure Pop F 60mm Perch
LUYASPPF06PER,SHIMANO,NEW,3.74,9,ON-SITE,Wobler Shimano Yasei Pure Pop F 60mm Perch
BTRST4000FB,SHIMANO,NEW,53.75,11,ON-SITE,Fishing reel Shimano Baitrunner ST-FB4000
ULT14000XTE,SHIMANO,NEW,154.99,11,ON-SITE,Shimano Ultegra XTE reel
SN4000FG,SHIMANO,NEW,26.06,6,ON-SITE,Fishing reel Shimano Sienna FG 4000
CAT2500FE,SHIMANO,NEW,33.33,5,ON-SITE,Shimano Catana FE fishing reel
SPM14000XTD,SHIMANO,NEW,125.45,4,ON-SITE,Shimano Speedmaster XTD fishing reel
BMBP14000XC,SHIMANO,NEW,77.19,3,ON-SITE,Shimano Beastmaster 14000 fishing reel
BBTRXTBLC,SHIMANO,NEW,213.94,1,ON-SITE,Fishing reel Shimano Baitrunner XTB Big Longcast
SHMMCMBBM,SHIMANO,NEW,20.34,7,ON-SITE,Shimano Polarized Eyewear Technium
SHMGFMBBM,SHIMANO,NEW,19.82,6,ON-SITE,Shimano Polarized Eyewear Antares
SHMMCDGC,SHIMANO,NEW,21.91,6,ON-SITE,Shimano Technium polarised sunglasses matte dark grey/copper
010-02551-01,Garmin,NEW,502.51,68,ON-SITE,Garmin Striker Vivid 5cv fish finder 12.7 cm (5 ) 500 W
010-02550-01,Garmin,NEW,159.02,50,ON-SITE,Garmin STRIKER Vivid 4cv fish finder 10.2 cm (4 ) 300 W
010-01550-01,Garmin,NEW,131.76,38,ON-SITE,Garmin STRIKER 4 fish finder 8.89 cm (3.5 ) 200 W 6 m
010-02552-01,Garmin,NEW,371.24,17,ON-SITE,Garmin STRIKER Vivid 7cv fish finder 17.8 cm (7 ) 500 W
010-02553-01,Garmin,NEW,443.95,17,ON-SITE,Garmin STRIKER Vivid 7cv fish finder 17.8 cm (7 ) 500 W
TX2A13INT,SHIMANO,NEW,86.4,10,ON-SITE,Fishing Rod Shimano Tribal TX-2A 13-INT 3.96 m 3.50 lb + 50 mm Guide
AEX1ACF10,SHIMANO,NEW,38.89,8,ON-SITE,Shimano AERO X1A FEEDER Fishing rod 3 05m 60g 2 cz.+tips
TX1B12INT3,SHIMANO,NEW,45.69,2,ON-SITE,Shimano Tribal TX1-1B 12-INT 3 66m 3 50lb+ P. 50mm 3 cz.
AEX1ACF11,SHIMANO,NEW,39.57,2,ON-SITE,Shimano AERO X1A CARP FEEDER Fishing rod 3 35m 70g 2 cz.+tips
TX1B123003,SHIMANO,NEW,39.56,1,ON-SITE,Shimano Tribal TX-1B 12-300 fishing rod
59WPLA58R00,SHIMANO,NEW,9.66,7,ON-SITE,Braid Shimano Kairiki 8 0 060mm 150m 5 3kg M. Green
59WPLA58R03,SHIMANO,NEW,9.92,6,ON-SITE,Braid Shimano Kairiki 8 0 160mm 150m 10 3kg M. green
EVGC01,Green Cell,NEW,461.2,6,ON-SITE,Green Cell Habu EVGC01 Mobile EV charger for electric vehicles 11 kW 7 m Type 2 CEE Wallbox Black
6AGC128172,ABB,NEW,656.95,15,ON-SITE,ABB Terra AC W22-G5-R-C-V2-0 wallbox Typ 2 22kW Black Grey
EV15RFID,Green Cell,NEW,314.93,10,ON-SITE,GREEN CELL WALLBOX EV POWERBOX 22KW WITH SOCKET & RFID
WEV-EVCORE,AC,NEW,479.75,8,ON-SITE,STAG EV CORE Charging Station (Charging Cable) White Graphite
WEV-EVCORE-BZK,AC,NEW,448.29,5,ON-SITE,STAG EV CORE Charging Station (without charging cable)
WEV-EVCORE-BZK-230,AC,NEW,490.51,5,ON-SITE,STAG EV CORE Charging Station (without charging cable/230V)
EVGC021B2250,Green Cell,NEW,526.69,4,ON-SITE,Wallbox Green Cell HabuDen 22kW 32A - 5m cable with NFC
WEV-EVCORE-PLUS,AC,NEW,469.15,4,ON-SITE,STAG EV CORE Charging Station (Charging Cable) White Graphite
WEV-EVCORE-230,AC,NEW,575.34,3,ON-SITE,STAG EV CORE Charging Station (charging cable / 230 V socket)
EV14,Green Cell,NEW,345.3,3,ON-SITE,Green Cell EV Powerbox 22kW with Plug-In cable
YT-54400,YATO,NEW,44.29,25,ON-SITE,PNEUMATIC WALL PLASTERER YT-54400 YATO
YT-2341,YATO,NEW,13.4,2,ON-SITE,Yato YT-2341 pneumatic paint sprayer 0.6 L
NAIHG,Vention,NEW,10.75,16,ON-SITE,Vention Bluetooth USB audio receiver for cars
FFLB0,Vention,NEW,17.8,4,ON-SITE,Vention 3-Port USB (C + A + A) Car Charger with FM Transmitter (30W/18W/5W) Black ABS Type
1299803030,ROSIWIT,NEW,15.7,40,ON-SITE,External charging adapter Pilot One Rosiwit
1201203081,ROSIWIT,NEW,55.65,16,ON-SITE,Disc brush Pilot One Rosiwit
6151912878875,ROSIWIT,NEW,2559.65,9,ON-SITE,Rosiwit Skywalker 50 Docking station Grey
1200301021,ROSIWIT,NEW,286.87,7,ON-SITE,Rosiwit Pilot One Lite Battery for the cleaner
1201203043,ROSIWIT,NEW,11.21,6,ON-SITE,Cleaning pad Pilot One Rosiwit
6153754685659,ROSIWIT,NEW,1894.62,13,ON-SITE,Cleaning robot Rosiwit Pilot One Neo
SkyWalker 50-C,ROSIWIT,NEW,17792.64,5,ON-SITE,Rosiwit Skywalker 50 Professional scrubber robot + cylindrical brush Grey
6151902153166,ROSIWIT,NEW,17792.64,4,ON-SITE,Rosiwit Skywalker 50 Professional scrubber robot + disc brush Grey
KAABI,Vention,NEW,3.18,12,ON-SITE,Vention Cable Tie 3M Black
KBRB0,Vention,NEW,1.88,10,ON-SITE,Vention 5 Ports Desktop Cable Manager Black
KBSB0,Vention,NEW,2.78,3,ON-SITE,Vention 7 Ports Desktop Cable Manager Black
KBTB0-2,Vention,NEW,2.88,2,ON-SITE,Vention 5-port cable organiser 2 pcs black
KAABJ,Vention,NEW,4.78,1,ON-SITE,Vention Cable Tie 5M Black
OT155SL,UNITEK,NEW,10,27,ON-SITE,UNITEK OT155SL laptop stand Silver
888015471,Lenovo,NEW,33.28,11,ON-SITE,Lenovo DB65 optical disc drive DVD±RW Black
D1137AGY01,UNITEK,NEW,35.03,8,ON-SITE,UNITEK D1137AGY01 laptop dock/port replicator Docking USB 3.2 Gen 1 (3.1 Gen 1) Type-C Silver
D1109B01,UNITEK,NEW,54.35,3,ON-SITE,Adjustable laptop stand + USB-C HDMI hub Unitek D1109B01 PD 100W
83VS0027PB,Lenovo,NEW,684.43,92,ON-SITE,Lenovo IdeaPad Slim 3 17IWC11 laptop with Core 5 320 17.3 FHD
83VA002EPB,Lenovo,NEW,928.86,61,ON-SITE,Lenovo LOQ Essential 15ARP11 Ryzen 5 150 15.6 FHD IPS 300 nits 144Hz AG 16GB DDR5 4800 512GB SSD GeForce RTX 5050 8GB 720p webcam 60Wh Windows 11 Luna Grey
83Q60080PB,Lenovo,NEW,1531.39,10,ON-SITE,Lenovo Legion 5 15AGP11 Ryzen AI 7 450 15.3 WQXGA OLED 165Hz 500 nits Glossy 16GB DDR5 5600 512GB SSD GeForce RTX 5060 8GB Wi-Fi 7 + Bluetooth 5MP camera + IR 80Wh No OS Glacier White
83SN003RPB,Lenovo,NEW,1978.28,9,ON-SITE,Lenovo Yoga Pro 7i Aura Edition Ultra 7 356H 15.3 2.5K WQXGA OLED 500 nits 165 Hz AG 32 GB LPDDR5X-8533 1 TB SSD GeForce RTX 5050 8 GB 5.0 MP camera + IR 84 Wh Windows 11 Pro Luna Grey
GX651AX-U9322X,ASUS,NEW,4874.15,6,ON-SITE,ASUS ROG Zephyrus Duo 16 GX651AX-U9322X Ultra 9 386H 2x16.0 3K Touch OLED 120Hz 1100nits AG 32GB LPDDR5X SSD2TB GeForce RTX 5090 24GB Cam1080p + IR 90WHrs W11Pro Aluminum Stellar Grey
82XQ01PHPB,Lenovo,NEW,535.46,5,ON-SITE,Lenovo IdeaPad Slim 3 15AMN8 Ryzen 5 40 15.6 FHD IPS 300 nits AG 16GB LPDDR5-5500 512GB SSD Radeon 610M Wi-Fi 6 + Bluetooth 720p webcam 47Wh No OS Arctic Grey
83Q6002KPB,Lenovo,NEW,1449.1,5,ON-SITE,Lenovo Legion 5 15AGP11 Ryzen AI 7 450 15.3 WQXGA OLED 500 nits 165 Hz Glossy 16 GB DDR5 5600 512 GB SSD GeForce RTX 5060 8 GB 5.0 MP + IR 80 Wh Windows 11 Glacier White
83Q8001KPB,Lenovo,NEW,2204.25,4,ON-SITE,Lenovo Legion 7 16AGP11 Ryzen AI 7 450 16-inch WQXGA OLED 240Hz 500 nits LBL Glossy 32GB LPDDR5X-8533 1TB SSD GeForce RTX 5060 8GB 5.0MP camera + IR 84Wh Windows 11 Pro Glacier White
83V90001PB,Lenovo,NEW,2754.93,4,ON-SITE,Lenovo Legion 7 15ASH11 15.3 Ryzen AI Max+ 392 64GB 1TB SSD Windows 11 AMD
A2XWFKG-075XPL,MSI,NEW,1713.89,4,ON-SITE,MSI Crosshair 18 HX AI A2XWFKG-075XPL Ultra 7 251HX 18 QHD+ 240Hz IPS-level panel 16GB DDR5 1TB SSD GeForce RTX 5060 8GB No OS
83Q8002WPB,Lenovo,NEW,2882.05,4,ON-SITE,Lenovo Legion 7 16AGP11 Ryzen AI 9 HX 470 laptop
B2WH-211PL,MSI,NEW,2014.12,3,ON-SITE,MSI Raider 16 HX B2WH-211PL Ultra 7 251HX 16.0 QHD+ 240Hz IPS-level panel 16GB DDR5 1TB SSD GeForce RTX 5070 Ti 12GB Windows 11
B2HWEKG-250XPL,MSI,NEW,962.83,2,ON-SITE,MSI Cyborg A15 AI B2HWEKG-250XPL Ryzen 7 260 15.6 FHD 144Hz IPS-level 16GB DDR5 512GB SSD GeForce RTX 5050 8GB No OS
83LY00W1PB,Lenovo,NEW,1272.33,2,ON-SITE,Lenovo Legion 5i i7-13645HX 15.3 WUXGA IPS 300 nits 165 Hz AG 16 GB DDR5 4800 512 GB SSD GeForce RTX 5060 8 GB 720p webcam 60 Wh No OS Eclipse Black
83F5005BPB,Lenovo,NEW,4123.35,2,ON-SITE,Lenovo Legion Pro 7 16IAX10H Intel Core Ultra 9 275HX Laptop 40.6 cm (16 ) WQXGA 64 GB DDR5-SDRAM 1 TB SSD NVIDIA GeForce RTX 5090 Wi-Fi 7 (802.11be) Black
83NN000UPB,Lenovo,NEW,1505.36,2,ON-SITE,Lenovo Legion Pro 5 16IRX10 Intel® Core™ i7 i7-14650HX Laptop 40.6 cm (16 ) WQXGA 16 GB DDR5-SDRAM 1 TB SSD NVIDIA GeForce RTX 5060 Wi-Fi 6 (802.11ax) NoOS Black
83VA000VPB,Lenovo,NEW,1155.34,1,ON-SITE,Lenovo LOQ Essential 15ARP11 Ryzen 7 170 laptop
B2WH-237XPL,MSI,NEW,2109.44,1,ON-SITE,MSI Raider 16 HX B2WH-237XPL Ultra 7 251HX 16.0 QHD+ 240Hz IPS-level panel 16GB DDR5 1TB SSD GeForce RTX 5070 Ti 12GB No OS
A2XWGXKG-078PL,MSI,NEW,2095.04,1,ON-SITE,MSI Crosshair 18 HX AI A2XWGXKG-078PL Ultra 9 275HX 18 QHD+ 240Hz IPS-level panel 32GB DDR5 1TB SSD GeForce RTX 5070 12GB Windows 11
4Z10P40247,Lenovo,NEW,3.2,7,ON-SITE,Lenovo 4Z10P40247 cable lock Black 1.8 m
C1LX9EA,Hewlett-Packard,NEW,772.33,121,ON-SITE,HP OmniBook 7 Next Gen AI 17-dc0219nw Copilot+ PC Intel Core Ultra 5 226V laptop 43.9 cm (17.3 ) touchscreen Full HD 16 GB LPDDR5x-SDRAM 1 TB SSD Wi-Fi 7 (802.11be) Windows 11 Home Silver
PM1503CDA-S70269W,ASUS,NEW,636.19,95,ON-SITE,ASUS ExpertBook PM1503CDA-S70269W Ryzen 5 150 15.6 FHD 300 nits 60 Hz AG 16 GB DDR5 512 GB SSD Radeon 660M 720p webcam 50 Wh Windows 11 3-year on-site warranty Misty Grey
21U2007SPB,Lenovo,NEW,1003.66,83,ON-SITE,Lenovo ThinkPad E14 Gen 7 (Intel) Copilot+ PC Intel Core Ultra 5 226V Laptop 35.6 cm (14 ) WUXGA 16 GB LPDDR5x-SDRAM 512 GB SSD Wi-Fi 6E (802.11ax) Windows 11 Pro English Black
P1503CVA-S72255W,ASUS,NEW,668.37,78,ON-SITE,ASUS ExpertBook P1503CVA-S72255W Core 5 210H 15.6 FHD 300 nits Wide View AG 16GB DDR5 512GB SSD Intel Graphics 720p webcam 50 Wh Win11 Misty Grey 3-year on-site warranty
B1503CVA-S78164X,ASUS,NEW,1038.97,73,ON-SITE,ASUS ExpertBook B1503CVA-S78164X Core 7 240H 15.6 FHD 300 nits 60 Hz AG 16 GB DDR5 1 TB SSD Intel Graphics 1080p webcam 50 Wh W11 Pro Gentle Grey 3-year on-site warranty
83VS0051PB,Lenovo,NEW,627.58,73,ON-SITE,Lenovo IdeaPad Slim 3i 17IWC11 Core 5 320 17.3 FHD IPS 300 nits AG 16GB DDR5 5600 512GB SSD Intel Graphics 720p webcam 60Wh No OS Cosmic Blue
3400018152067.3_PV14250 PlatSil,Dell,NEW,589.34,69,ON-SITE,Dell Pro 14 Essential PV14250 Core i5 1200U 14.0 WUXGA 300 nits AG 16GB DDR5 5200 512GB SSD Intel Graphics FGRPR WLAN+BT Backlit Keyboard 4-cell 65W Windows 11 Pro EDU Platinum Silver 4-year warranty
83UR004UPB,Lenovo,NEW,606.53,64,ON-SITE,Lenovo IdeaPad Slim 3i Ultra 5 322 15.3 WUXGA IPS 400 nits 60 Hz AG 16 GB DDR5 5600 512 GB SSD Intel Graphics 1080p webcam 60 Wh No OS Cosmic Blue
F1605VA-WS74,ASUS,NEW,571.12,64,ON-SITE,ASUS Vivobook 16 F1605VA-WS74 Intel® Core™ i7 i7-1355U Laptop 40.6 cm (16 ) WUXGA 16 GB DDR4-SDRAM 512 GB SSD Wi-Fi 6E (802.11ax) Windows 11 Home Black New Repack/Repacked
22AY0089PB,Lenovo,NEW,1357.04,64,ON-SITE,Lenovo ThinkPad E16 Gen 3 (Intel) Copilot+ PC Intel Core Ultra 7 258V Laptop 40.6 cm (16 ) WUXGA 32 GB LPDDR5x-SDRAM 1 TB SSD Wi-Fi 6E (802.11ax) Windows 11 Pro English Black
21SJ0089PB,Lenovo,NEW,1071.85,61,ON-SITE,Lenovo ThinkBook 14 G8 IAL Intel Core Ultra 7 255H Laptop 35.6 cm (14 ) WUXGA 16 GB DDR5-SDRAM 512 GB SSD Wi-Fi 6E (802.11ax) Windows 11 Pro English Grey
C51MLET,Hewlett-Packard,NEW,1068.52,53,ON-SITE,HP ProBook 4 G1i AI Intel Core Ultra 7 255U laptop 16 WUXGA 16 GB DDR5-SDRAM 512 GB SSD Wi-Fi 6E (802.11ax) Windows 11 Pro AI PC silver
PV15250_RPLU_001_P,Dell,NEW,514.15,50,ON-SITE,DELL Pro 15 Essential PV15250 Intel® Core™ i5 i5-1334U Laptop 39.6 cm (15.6 ) Full HD 8 GB DDR5-SDRAM 512 GB SSD Wi-Fi 6 (802.11ax) Windows 11 Pro Black
DC16251_RPLU-R_002,Dell,NEW,1064.98,50,ON-SITE,DELL DC16251 Intel Core 7 150U Laptop 40.6 cm (16 ) Full HD+ 16 GB DDR5-SDRAM 1 TB SSD NVIDIA GeForce MX570A Wi-Fi 6E (802.11ax) Windows 11 Pro Platinum Silver
3400017785948.1_PV14250 PlatSil,Dell,NEW,589.26,50,ON-SITE,Dell Pro 14 Essential PV14250 Core 5 120U 14.0 WUXGA 16GB DDR5 SSD512 Intel Iris Xe Graphics WLAN+BT Backlit Keyboard 4-cell 65W Windows 11 Pro EDU 4-year warranty Platinum Silver
83UR004VPB,Lenovo,NEW,669.61,48,ON-SITE,Lenovo IdeaPad Slim 3 15IPH11 Ultra 5 322 15.3 WUXGA IPS 60Hz 400 nits AG 16GB DDR5 5600 512GB SSD Intel Graphics 1080p+IR webcam 60Wh Windows 11 Cosmic Blue
B1503CVA-S77277X,ASUS,NEW,816.5,47,ON-SITE,ASUS ExpertBook B1503CVA-S77277X Core i5-210H 15.6 FHD 300 nits 60Hz AG 16GB DDR5 512GB SSD Intel Graphics WLAN + Bluetooth LAN 1080p webcam 50Wh battery Windows 11 Pro Gentle Grey 3-year on-site warr
21SG009APB,Lenovo,NEW,918.92,45,ON-SITE,Lenovo ThinkBook 14 G8 IRL Intel Core 7 240H Laptop 35.6 cm (14 ) WUXGA 16 GB DDR5-SDRAM 512 GB SSD Wi-Fi 6 (802.11ax) Windows 11 Pro English Grey
22AY0088PB,Lenovo,NEW,1220.26,44,ON-SITE,Lenovo ThinkPad E16 Gen 3 (Intel) Copilot+ PC Intel Core Ultra 7 258V Laptop 40.6 cm (16 ) WUXGA 32 GB LPDDR5x-SDRAM 512 GB SSD Wi-Fi 6E (802.11ax) Windows 11 Pro English Black
22AY001WPB,Lenovo,NEW,1006.11,42,ON-SITE,Lenovo ThinkPad E16 Gen 3 (Intel) Copilot+ PC Intel Core Ultra 5 226V Laptop 40.6 cm (16 ) WUXGA 16 GB LPDDR5x-SDRAM 512 GB SSD Wi-Fi 6E (802.11ax) Windows 11 Pro English Black
83VS004XPB,Lenovo,NEW,585.16,40,ON-SITE,Lenovo IdeaPad Slim 3i 17IWC11 Core 5 320 17.3 FHD IPS 300 nits AG 8GB DDR5 5600 512GB SSD Intel Graphics 720p webcam 60Wh No OS Cosmic Blue
P1503CVA-S72319X,ASUS,NEW,806.02,37,ON-SITE,ASUS ExpertBook P1503CVA-S72319X Core 5 210H 15.6 FHD Wide View 60Hz 300 nits AG 16GB DDR5 512GB SSD Intel Graphics 720p webcam 50 Wh W11 Pro Misty Grey 3-year on-site warranty
21UY007EPB,Lenovo,NEW,885.82,35,ON-SITE,Lenovo ThinkBook 14 G9 IRL Intel Core 5 210H Laptop 35.6 cm (14 ) Full HD 16 GB DDR5-SDRAM 512 GB SSD Wi-Fi 7 (802.11be) Windows 11 Pro English Grey
DC15250_RPLU_02_P+460-BDST,Dell,NEW,465.38,33,ON-SITE,Dell 15 DC15250 Core 3 100U 15.6 IPS 250 nits 120 Hz 8 GB DDR4 512 GB SSD Intel UHD Graphics Pro WLAN + Bluetooth Backlit Keyboard 3-cell 65 W Windows 11 Pro 3-year ProSupport + Dell EcoLoop Essential
X1704MA-AU011,ASUS,NEW,784.67,26,ON-SITE,ASUS Vivobook 17 X1704MA-AU011 Core 5 320 17.3 FHD IPS-level panel 60Hz 250 nits AG 16GB DDR5 512GB SSD Intel Graphics WLAN + Bluetooth 720p webcam 50 Wh No OS Cool Silver
21SK008PPB+GX41H70101,Lenovo,NEW,997.75,26,ON-SITE,Lenovo ThinkBook 16 G8 IAL Ultra 5 225U 16 WUXGA IPS 300 nits AG 16GB DDR5 5600 512GB SSD Intel Graphics 1080p webcam 45Wh Windows 11 Pro Arctic Grey 3-year OnSite warranty + Lenovo IdeaPad Gaming Mod
X1704MA-AU038,ASUS,NEW,826.89,20,ON-SITE,ASUS Vivobook 17 X1704MA-AU038 Intel Core 5 350 Laptop 43.9 cm (17.3 ) Full HD 16 GB DDR5-SDRAM 512 GB SSD Wi-Fi 6 (802.11ax) NoOS Silver
D95MCEA,Hewlett-Packard,NEW,729.21,20,ON-SITE,HP OmniBook 3 16-by0030nwx 16 laptop AMD Ryzen™ 5 40 2K 16 GB LPDDR5-SDRAM 256 GB SSD Wi-Fi 6 (802.11ax) Windows 11 Home black/grey
D95MBEA,Hewlett-Packard,NEW,432.65,19,ON-SITE,HP OmniBook 3 Laptop 16-by0028nwx AMD Ryzen™ 5 40 40.6 cm (16 ) 2K 8 GB LPDDR5-SDRAM 256 GB SSD Wi-Fi 6 (802.11ax) Windows 11 Home Black Grey
D89RZET,Hewlett-Packard,NEW,538.86,18,ON-SITE,HP 250R G9 15.6-inch Notebook PC Intel Core 5 120U 39.6 cm (15.6 ) Full HD 8 GB DDR4 SDRAM 512 GB SSD Wi-Fi 6 (802.11ax) Windows 11 Pro Black
83TN006BPB,Lenovo,NEW,1121.73,18,ON-SITE,Lenovo LOQ 15AHP11 Ryzen 7 2500 15.3 WUXGA IPS 300 nits 165Hz LBL AG 16GB DDR5 5600 512GB SSD GeForce RTX 5050 8GB 5.0MP camera 60Wh Win11 Surge Green
D95M9EA,Hewlett-Packard,NEW,623.38,18,ON-SITE,HP OmniBook 3 16-bv0003nwx Ryzen AI 5 430 16.0 2K IPS 300 nits matt 16GB DDR5 512GB SSD Radeon 840M 2MP camera 41Wh Windows 11 Glacier Silver 2-year warranty
82YU00XQPB+GX41H70101,Lenovo,NEW,614.1,18,ON-SITE,Lenovo V15 G4 AMN Ryzen 5 7520U 15.6 FHD 250 nits AG 16GB LPDDR5-5500 512GB SSD Radeon 610M 720p webcam 38Wh Windows 11 Pro Business Black 3-year OnSite warranty + Lenovo IdeaPad Gaming Modern Backpac
D89RZET_16,Hewlett-Packard,NEW,581.45,17,ON-SITE,HP 250 G9 Core 5 120U 15.6 FHD 250 nits AG 16GB DDR4 512GB SSD Windows 11 Pro Dark Ash Silver (REPACK) 2Y New Repack/Repacked
F1605VA-WS96,ASUS,NEW,708.79,16,ON-SITE,ASUS Vivobook 16 F1605VA-WS96 Intel® Core™ i9 i9-13900H Laptop 40.6 cm (16 ) WUXGA 16 GB DDR4-SDRAM 1 TB SSD Wi-Fi 6E (802.11ax) Windows 11 Home Silver New Repack/Repacked
21R30040PB,Lenovo,NEW,1585.2,15,ON-SITE,Lenovo ThinkPad T14s 2-in-1 Gen 1 Intel Core Ultra 5 225U Hybrid (2-in-1) 35.6 cm (14 ) Touchscreen WUXGA 16 GB LPDDR5x-SDRAM 512 GB SSD Wi-Fi 6E (802.11ax) Windows 11 Pro English Black
21SK009RPB,Lenovo,NEW,1272.1,14,ON-SITE,Lenovo ThinkBook 16 G8 IAL Intel Core Ultra 7 255H Laptop 40.6 cm (16 ) WUXGA 32 GB DDR5-SDRAM 1 TB SSD Wi-Fi 6E (802.11ax) Windows 11 Pro English Grey
PV15255_MDO_851,Dell,NEW,436.51,14,ON-SITE,DELL PV15255 AMD Ryzen™ 3 7320U Laptop 39.6 cm (15.6 ) Full HD 8 GB LPDDR5-SDRAM 512 GB SSD Wi-Fi 5 (802.11ac) Windows 11 Pro Black
3400018152015.1_PV14250 Alu,Dell,NEW,601.11,14,ON-SITE,Dell Pro 14 Essential PV14250 Core i5 1200U 14.0 WUXGA 300 nits AG 16GB DDR5 5200 512GB SSD Intel Graphics FGRPR WLAN+BT Backlit Keyboard 4-cell 65W Windows 11 Pro EDU Aluminium Platinum Silver 4-year
D2JT3EA,Hewlett-Packard,NEW,793.01,13,ON-SITE,HP OmniBook 3 AI Laptop 17-dn0000nw AMD Ryzen™ 7 250 43.9 cm (17.3 ) Full HD 24 GB DDR5-SDRAM 512 GB SSD Wi-Fi 7 (802.11be) Windows 11 Home AI PC Black Gray
C0CL9UA,Hewlett-Packard,NEW,443.63,12,ON-SITE,HP 15-FC0146DDX Ryzen 5 7520U 15.6 WUXGA Touch IPS 8GB 512GB SSD Bluetooth Windows 11 Natural Silver (REPACK) 2-year warranty New Repack/Repacked
CX4P1EA,Hewlett-Packard,NEW,771.9,12,ON-SITE,HP OmniBook X Flip Next Gen AI 14-fk0020nw Copilot+ PC 2-in-1 14 AMD Ryzen AI 5 340 2K touchscreen 16 GB LPDDR5x-SDRAM 512 GB SSD Wi-Fi 7 (802.11be) Windows 11 Home silver
21US007PPB,Lenovo,NEW,980.37,11,ON-SITE,Lenovo ThinkBook 16 G9 IRL Intel Core 7 240H Laptop 40.6 cm (16 ) WUXGA 16 GB DDR5-SDRAM 512 GB SSD Wi-Fi 7 (802.11be) Windows 11 Pro English Grey
D4TJ1ET,Hewlett-Packard,NEW,613,11,ON-SITE,HP 250R G10 Intel Core 5 120U Laptop 39.6 cm (15.6 ) Full HD 16 GB DDR5-SDRAM 512 GB SSD Wi-Fi 6 (802.11ax) Windows 11 Pro Silver
21M5000HUS,Lenovo,NEW,729.85,10,ON-SITE,Lenovo ThinkPad E16 Gen 2 (AMD) AMD Ryzen™ 5 7535U Laptop 40.6 cm (16 ) WUXGA 8 GB DDR5-SDRAM 256 GB SSD Wi-Fi 6E (802.11ax) Windows 11 Pro English Black New Repack/Repacked
X1607AA-MB010W,ASUS,NEW,615.16,10,ON-SITE,ASUS Vivobook 16 X1607AA-MB010W Ultra 5 325 16.0 WUXGA IPS-level panel 60Hz 300 nits AG 16GB DDR5 512GB SSD Intel Graphics WLAN + Bluetooth 1080p webcam 42Wh battery Windows 11 Cool Silver
16250-7278BLK,Dell,NEW,687.62,10,ON-SITE,Dell 16250-7278BLK Core 7 150U 16 WUXGA Touch AG 16GB SSD 1TB BT BLKB Win11 Black (REPACK) 2Y New Repack/Repacked
21SK00JPPB,Lenovo,NEW,848.41,10,ON-SITE,Lenovo ThinkBook 16 G8 IAL Intel Core Ultra 5 135H Laptop 40.6 cm (16 ) WUXGA 16 GB DDR5-SDRAM 512 GB SSD Wi-Fi 6E (802.11ax) Windows 11 Pro English Grey
21SK008PPB,Lenovo,NEW,919.29,10,ON-SITE,Lenovo ThinkBook 16 G8 IAL Intel Core Ultra 5 225U Laptop 40.6 cm (16 ) WUXGA 16 GB DDR5-SDRAM 512 GB SSD Wi-Fi 6E (802.11ax) Windows 11 Pro English Grey
UM5606GA-SR223X,ASUS,NEW,1992.84,9,ON-SITE,ASUS ZenBook S 16 UM5606GA-SR223X Ryzen AI 9 465 16.0 3K 120Hz 500 nits AGLR 32GB LPDDR5X 1TB SSD AMD Radeon Graphics 1080p camera + IR 83 Wh Windows 11 Pro Aluminium Scandinavian White
C51HCET,Hewlett-Packard,NEW,1267.36,8,ON-SITE,HP EliteBook 8 G1a Next Gen AI PC Copilot+ PC 14 AMD Ryzen AI 7 PRO 350 WUXGA 32 GB DDR5-SDRAM 1 TB SSD Wi-Fi 6E (802.11ax) Windows 11 Pro silver
TNV-00009,Microsoft (OEM),NEW,506.72,8,ON-SITE,Microsoft Surface Laptop Go Intel® Core™ i5 i5-1035G1 31.6 cm (12.4 ) Touchscreen 8 GB LPDDR4x-SDRAM 256 GB SSD Wi-Fi 6 (802.11ax) Windows 10 Pro Platinum
83TF0011PB,Lenovo,NEW,1293.73,7,ON-SITE,Lenovo Yoga 7 2-in-1 16AGP11 16 AMD Ryzen AI 7 445 16GB 512GB SSD Windows 11 Home Seashell
3400016759432.1_Latitude5455,Dell,NEW,777.51,7,ON-SITE,Dell Latitude 5455 Snapdragon X Plus X1P-42-100 14.0 FHD+ 16GB DDR5 512GB SSD Qualcomm Adreno Graphics FHD IR Camera Mic WLAN+BT Backlit Keyboard Windows 11 Pro 2-year warranty
CWI570-P-K3,CHUWI,NEW,371.35,7,ON-SITE,Chuwi Corebook X CWI570-P-K3 i3-1220P 14 QHD 16GB 512GB SSD Bluetooth Black Windows 11 Pro Grey
B5605CCA-MB0535X,ASUS,NEW,1017.46,7,ON-SITE,ASUS ExpertBook B5 B5605CCA-MB0535X Ultra 5 vPro 235H 16.0 WUXGA Wide View 60Hz 300 nits AG 16GB DDR5 1TB SSD Intel Arc Graphics 1080p webcam 63 WHrs Windows 11 Pro Aluminium Gentle Grey 3-year on-sit
GPD-WinMini-HX37032002B,GPD,NEW,1313.42,6,ON-SITE,GPD-WinMini-HX37032002B Ryzen AI 9 HX370/7 FHD Touchscreen 120Hz/32GB/SSD 2TB/BT/BLKB/AMD Radeon 890M 8GB/Win 11 Black Laptop
D0ZJ8UA,Hewlett-Packard,NEW,475.81,6,ON-SITE,HP OmniBook 3 16-BZ0019WM Snapdragon X X1-26-100 AI 16 WUXGA AG 16GB SSD512 BT BLKB Win11 Mica Silver (REPACK) 2Y
SENTRYN14_2N1_RPLR_2600_1346_HO,Dell,NEW,839.72,5,ON-SITE,DELL Inspiron 7440 2-in-1 Intel Core 7 150U Hybrid (2-in-1) 35.6 cm (14 ) Touchscreen Full HD+ 16 GB DDR5-SDRAM 1 TB SSD Windows 11 Home Blue
3400018911679.1_DellPro14,Dell,NEW,1027.03,5,ON-SITE,Dell Pro 14 PC14250 Ultra 5 120U 14-inch FHD+ 300 nits 16GB DDR5 512GB SSD Intel Graphics Windows 11 Pro 3-year Pro Support
83A000PDUS,Lenovo,NEW,560.04,5,ON-SITE,Lenovo V14 G4 IRU i7-13620H 14 FHD AG 8GB SSD256 BT LAN Win11 (REPACK) 2Y New Repack/Repacked
21SHS02P00,Lenovo,NEW,571.46,5,ON-SITE,Lenovo ThinkBook 16 G8 Core 3 100U 16 WUXGA 16GB SSD (256+256) Windows 11 Pro EDU (REPACK) 1Y New Repack/Repacked
HN7306EA-LX003X,ASUS,NEW,2225.48,5,ON-SITE,ASUS ProArt PX13 HN7306EA-LX003X Ryzen AI MAX+ 388 13.3 3K Touch 60Hz 400 nits AR LBL 32GB LPDDR5X 1TB SSD Radeon Graphics 8060S FHD camera 73 WHrs Windows 11 Pro Aluminium Nano Black
21JK0053US,Lenovo,NEW,992.24,5,ON-SITE,Lenovo ThinkPad E14 Gen 5 (Intel) Intel® Core™ i7 i7-1355U Laptop 35.6 cm (14 ) Touchscreen WUXGA 16 GB DDR4-SDRAM 512 GB SSD Wi-Fi 6 (802.11ax) Windows 11 Pro US English Graphite Black New Repack/Rep
A3ZS3ET,Hewlett-Packard,NEW,2129.49,4,ON-SITE,HP ZBook Ultra G1a Copilot+ PC AMD Ryzen AI Max PRO 390 Mobile workstation 35.6 cm (14 ) WUXGA 32 GB LPDDR5x-SDRAM 1 TB SSD Wi-Fi 7 (802.11be) Windows 11 Pro AI Workstation AI PC Silver
C85G0UA,Hewlett-Packard,NEW,708.32,4,ON-SITE,HP EliteBook 840 G10 i5-1335U 14 WUXGA 16GB 512GB SSD No OS (REPACK) 2-year warranty New Repack/Repacked
22AY001SPB,Lenovo,NEW,1157.08,4,ON-SITE,Lenovo ThinkPad E16 Gen 3 (Intel) Copilot+ PC Intel Core Ultra 7 256V Laptop 40.6 cm (16 ) WUXGA 16 GB LPDDR5x-SDRAM 512 GB SSD Wi-Fi 6E (802.11ax) Windows 11 Pro English Black
GZ302EA-RU089,ASUS,NEW,2267.62,4,ON-SITE,ASUS ROG Flow Z13 GZ302EA-RU089 Ryzen AI MAX+ 395 13.4 2.5K Touch 180Hz IPS-level 500nits Glossy 64GB LPDDR5X 8000 SSD1TB Radeon 8060S Graphics WLAN+BT Cam 13MP + 5MP IR 70WHrs NoOS Off Black
BTO212_PB14250_EMEA_400NIT,Dell,NEW,1318.91,3,ON-SITE,Dell Pro 14 Plus PB14250 Ultra 5 236V 14.0 FHD+ IPS 400 nits matt 16GB LPDDR5X 512GB SSD Arc Graphics 130V FgrPr & SmtCd IR camera & mic 55Wh WLAN BcklKb vPro Windows 11 Pro 3-year Pro Support
DC15255_MDO_850+460-BDST,Dell,NEW,458.42,3,ON-SITE,Dell 15 DC15255 Ryzen 5 7520U 15.6 FHD 250 nits AG 8GB DDR5 512GB SSD Radeon 610M FgrPr WLAN+BT BcklKb 41Wh Windows 11 Pro 3-year Pro Support + Dell EcoLoop Essential Briefcase 14-16 ­ CC3624
GPD07-WMini884016001B,GPD,NEW,995.68,3,ON-SITE,GPD WIN Mini (2025) Mini Laptop 16GB/SSD 1TB WIN 11 Home Black
UM5606GA-SR206X,ASUS,NEW,1992.82,3,ON-SITE,ASUS ZenBook S 16 UM5606GA-SR206X Ryzen AI 9 465 16.0 3K OLED touchscreen 120Hz 500 nits AG 32GB LPDDR5X 1TB SSD Radeon graphics 1080p+IR camera 83 Wh W11 Pro Aluminium Antrim Grey
F1605VA-WS96,ASUS,NEW,708.7,3,ON-SITE,ASUS Vivobook 16 F1605VA-WS96 Intel® Core™ i9 i9-13900H Laptop 40.6 cm (16 ) WUXGA 16 GB DDR4-SDRAM 1 TB SSD Wi-Fi 6E (802.11ax) Windows 11 Home Silver New Repack/Repacked
M1807GA-S8002W,ASUS,NEW,700.25,3,ON-SITE,ASUS Vivobook 18 M1807GA-S8002W Copilot+ PC AMD Ryzen™ AI 5 430 Laptop 45.7 cm (18 ) WUXGA 16 GB DDR5-SDRAM 512 GB SSD Wi-Fi 6 (802.11ax) Windows 11 Home Blue
H7606WR-SE058X,ASUS,NEW,3179.33,3,ON-SITE,ASUS ProArt P16 H7606WR-SE058X Ryzen AI 9 HX 370 16.0 4K 120Hz 1600nits AR LBL 32GB LPDDR5X SSD1TB GeForce RTX 5070 Ti 12GB CamFHD 90WHrs W11Pro Aluminum Nano Black
BX7L6UT,Hewlett-Packard,NEW,886.06,3,ON-SITE,HP ZBook 8 G1 Ryzen AI 7 PRO 350 14 WUXGA 16GB 512GB SSD Black FPR Windows 11 Pro Meteor Silver (REPACK) 2-year warranty New Repack/Repacked
B9ZY3ET,Hewlett-Packard,NEW,2051.09,2,ON-SITE,HP EliteBook X G1i 14' Notebook Next Gen AI PC Copilot+ PC Intel Core Ultra 7 268V Laptop 35 6 cm (14 ) WUXGA 32 GB LPDDR5x-SDRAM 1 TB SSD Wi-Fi 7 (802.11be) Windows 11 Pro
21QE00A2PB,Lenovo,NEW,1903.2,2,ON-SITE,Lenovo ThinkPad T16 Gen 4 (Intel) Intel Core Ultra 7 255U Laptop 40.6 cm (16 ) WUXGA 16 GB DDR5-SDRAM 512 GB SSD Wi-Fi 6E (802.11ax) Windows 11 Pro Black English
21S6008JPB,Lenovo,NEW,1559.06,2,ON-SITE,Lenovo ThinkPad L14 Gen 6 (Intel) Intel Core Ultra 7 255U Laptop 35.6 cm (14 ) WUXGA 16 GB DDR5-SDRAM 512 GB SSD Wi-Fi 6E (802.11ax) Windows 11 Pro Black English
21SA0067PB,Lenovo,NEW,1390.05,2,ON-SITE,Lenovo ThinkPad L16 Gen 2 (Intel) Intel Core Ultra 5 225U Laptop 40.6 cm (16 ) WUXGA 16 GB DDR5-SDRAM 512 GB SSD Wi-Fi 6E (802.11ax) Windows 11 Pro Black English
21U200AAPB,Lenovo,NEW,1446.1,2,ON-SITE,Lenovo ThinkPad E14 Gen 7 (Intel) Copilot+ PC Intel Core Ultra 7 258V Laptop 35.6 cm (14 ) WUXGA 32 GB LPDDR5x-SDRAM 1 TB SSD Wi-Fi 6E (802.11ax) Windows 11 Pro Black English
DA14250_ARLH_101,Dell,NEW,1855.94,2,ON-SITE,DELL 14 Premium DA14250 Intel Core Ultra 7 255H Laptop 36.8 cm (14.5 ) WUXGA 16 GB LPDDR5x-SDRAM 512 GB SSD Wi-Fi 7 (802.11be) Windows 11 Pro UK International Platinum
21B-00067,Microsoft (OEM),NEW,506.65,2,ON-SITE,Microsoft Surface Go i5 10th Gen/8GB/256GB Win10 PRO Pla
PRE0159752-R0024398,Dell,NEW,698.75,1,ON-SITE,Dell Precision P16-56800024398SA i5-13600H 16 WUXGA AG 16GB SSD256 BT BLKB FPR W11P (REPACK) 2Y New Repack/Repacked
BTO504_PB13255_EMEA,Dell,NEW,1114.11,1,ON-SITE,DELL Pro 13 Plus PB13255 AMD Ryzen™ 5 PRO 230 Laptop 33.8 cm (13.3 ) Full HD+ 16 GB LPDDR5x-SDRAM 512 GB SSD Wi-Fi 7 (802.11be) Windows 11 Pro Aluminium
B3605CCA-MB2007X,ASUS,NEW,890.5,1,ON-SITE,ASUS ExpertBook B3605CCA-MB2007X Ultra 5 225H 16.0 WUXGA 300 nits 60 Hz Wide View AG 16 GB DDR5 512 GB SSD Intel Graphics WLAN + Bluetooth 4G LTE 1080p webcam 50 Wh battery Windows 11 Pro Gentle Grey 
G3MG-010PL,MSI,NEW,930.81,1,ON-SITE,MSI Modern 16S AI+ G3MG-010PL Ultra 7 355 16 FHD+ 120Hz 16GB DDR5 512GB SSD Intel Graphics Windows 11
GPD-WinMax2-8840U32001,GPD,NEW,1016.97,1,ON-SITE,GPD-WinMax2-8840U32001 laptop Ryzen 7 8840U/10.1 WQXGA (2560x1600) touchscreen/32GB/1TB SSD/BT/BLKB/FPR/AMD Radeon 780M 6GB/Win 11 Graphite
C51MNET,Hewlett-Packard,NEW,1047.28,1,ON-SITE,HP ProBook 4 G1i AI Intel Core Ultra 7 255U Laptop 40.6 cm (16 ) WUXGA 16 GB DDR5-SDRAM 512 GB SSD Wi-Fi 6E (802.11ax) Windows 11 Pro AI PC Silver
9C585AV/KPL+U85RZE,Hewlett-Packard,NEW,1452.14,1,ON-SITE,HP ZBook Fury 16 G11 Intel® Core™ i5 i5-13600HX Mobile Workstation 40.6 cm (16 ) WUXGA 32 GB DDR5-SDRAM 1 TB + 512 GB SSD Wi-Fi 7 (802.11be) Windows 11 Pro Grey
21WT000TPB+4X41C12468,Lenovo,NEW,2374.62,1,ON-SITE,Lenovo ThinkPad T16 G5 Ultra 5 325 16.0 WUXGA IPS + Lenovo TP Essential Plus 16 Backpack
21WN0087PB+4X41C12468,Lenovo,NEW,2565.14,1,ON-SITE,Lenovo ThinkPad T14 Gen 7 (Intel) Copilot+ PC Intel Core Ultra 5 325 Laptop 35.6 cm (14 ) Touchscreen WUXGA 32 GB LPDDR5x-SDRAM 1 TB SSD Wi-Fi 7 (802.11be) Windows 11 Pro Black English
21TD0002PB+4Z10P40247,Lenovo,NEW,3347.16,1,ON-SITE,Lenovo ThinkPad T1g G8 Ultra 7 255H 16.0 Workstation WUXGA 500 nits AG 32GB LPDDR5X-7467 1TB SSD RTX 5060 8GB 5MP+IR camera 90Wh Windows 11 Pro Black 3-year On-Site+Lenovo Adapter ACC_PARTS Kensington
A6UQ2UT,Hewlett-Packard,NEW,1110.89,1,ON-SITE,HP ZBook Power G11 Ultra 7 155U 16 WUXGA 16GB 512GB SSD Black FPR RTX 500_4GB Windows 11 (REPACK) 2-year warranty New Repack/Repacked
210-BRFQ,Dell,NEW,158.13,200,ON-SITE,DELL WD25 Wired USB 3.2 Gen 2 (3.1 Gen 2) Type-C Black
40AY0090EU,Lenovo,NEW,136.64,200,ON-SITE,Lenovo 40AY0090EU notebook dock/port replicator Wired USB 3.2 Gen 1 (3.1 Gen 1) Type-C Black
210-BRFN,Dell,NEW,329.93,62,ON-SITE,DELL SD25TB5 Wired Thunderbolt 5 Black
GX90T77924,Lenovo,NEW,45.6,13,ON-SITE,Lenovo GX90T77924 notebook dock/port replicator USB 3.2 Gen 1 (3.1 Gen 1) Type-C Grey
90XB099N-BDS020,ASUS,NEW,105.19,12,ON-SITE,ASUS USB-C Stand Dock DC310 Wired USB 3.2 Gen 2 (3.1 Gen 2) Type-C Black
90XB08CN-BDS090,ASUS,NEW,114.6,10,ON-SITE,ASUS Triple Display USB-C Dock DC300 Docking USB 3.2 Gen 2 (3.1 Gen 2) Type-C Black
6G842AA,Hewlett-Packard,NEW,31.6,9,ON-SITE,HP 4K USB-C Multiport Hub
9X481UT,Hewlett-Packard,NEW,186.85,9,ON-SITE,HP Thunderbolt 4 Ultra 180W G6 Dock
6G843AA,Hewlett-Packard,NEW,26.06,2,ON-SITE,HP 4K USB-C Multiport Hub
86T46AA,Hewlett-Packard,NEW,48.56,1,ON-SITE,HP USB-C Travel Hub G3
TQVHB,Vention,NEW,57.07,1,ON-SITE,Vention 9-in-1 MST USB-C 4K 100W 5Gbps docking station
GX41C86982,Lenovo,NEW,38.16,200,ON-SITE,LENOVO ACC Legion Active Backpack GX41C86982
4X41C12469,Lenovo,NEW,21.19,172,ON-SITE,Lenovo ThinkPad Essential 16-inch Topload (Eco) 40.6 cm (16 ) Toploader bag Black
GX40V10007,Lenovo,NEW,56.91,131,ON-SITE,Lenovo GX40V10007 notebook case 43.9 cm (17.3 ) Backpack Black
GX40Q75215,Lenovo,NEW,20.52,131,ON-SITE,Lenovo B515 39.6 cm (15.6 ) Backpack Black Red
ITN6020,IBOX,NEW,4.63,79,ON-SITE,iBox TN6020 notebook case 39.6 cm (15.6 ) Briefcase Black
4X41C12468,Lenovo,NEW,22.03,75,ON-SITE,Lenovo ThinkPad Essential 16-inch Backpack (Eco) 40.6 cm (16 ) Black
2F2K5AA,Hewlett-Packard,NEW,11.51,55,ON-SITE,HP Reversible Protective 15.6-inch Silver Laptop Sleeve 15.6 Sleeve case Black Silver
4U9G9AA,Hewlett-Packard,NEW,13.17,42,ON-SITE,HP Mobility 14-inch Laptop Case
9J4C3AA,Hewlett-Packard,NEW,17.22,41,ON-SITE,HP 15.6-inch Modular Laptop Sleeve
6B8U4AA,Hewlett-Packard,NEW,32.98,37,ON-SITE,HP Travel 25 Liter 15.6 Iron Grey Laptop Backpack
9C2H0AA,Hewlett-Packard,NEW,38.25,30,ON-SITE,HP 14-inch Convertible Laptop Backpack Tote
2F1X4AA,Hewlett-Packard,NEW,12.28,22,ON-SITE,HP Reversible Protective 14.1-inch Blue Laptop Sleeve
2Z8P4AA,Hewlett-Packard,NEW,14.5,22,ON-SITE,HP Prelude 15.6-inch Laptop Bag 15.6 Briefcase Black
3E2P1AA,Hewlett-Packard,NEW,21.93,21,ON-SITE,HP Prelude Pro 17.3-inch Laptop Bag 17.3 Messenger case Black
4X41M69796,Lenovo,NEW,38.33,21,ON-SITE,Lenovo ThinkPad Professional 14-inch Topload Gen 2 35.6 cm (14 ) Toploader bag Black
ITNB10,IBOX,NEW,11.21,20,ON-SITE,iBox NB10 notebook case 39.6 cm (15.6 ) Briefcase Black
6M5S4AA,Hewlett-Packard,NEW,20.59,19,ON-SITE,HP Creator 13.3-inch Laptop Sling 13.3 Sling case Navy Yellow
7J596AA,Hewlett-Packard,NEW,15.57,18,ON-SITE,HP Campus Backpack Blue
7J594AA,Hewlett-Packard,NEW,20.84,18,ON-SITE,HP Campus XL Tartan Plaid Backpack
GX40Q17231,Lenovo,NEW,14.79,15,ON-SITE,Lenovo Casual Toploader T210 39.6 cm (15.6 ) Toploader bag Grey
2F2L4AA,Hewlett-Packard,NEW,12.84,15,ON-SITE,HP Reversible Protective 14.1-inch Geo Laptop Sleeve
34Y64AA,Hewlett-Packard,NEW,16.77,15,ON-SITE,HP Prelude 17.3-inch Laptop Bag 17.3 Toploader bag Black
2Z8A3AA,Hewlett-Packard,NEW,28.69,14,ON-SITE,HP Renew Travel 15.6-inch Backpack
GX40Q17230,Lenovo,NEW,14.58,14,ON-SITE,Lenovo GX40Q17230 laptop case 39.6 cm (15.6 ) Toploader bag Blue
9J498AA,Hewlett-Packard,NEW,11.53,14,ON-SITE,HP 15.6-inch Modular Laptop Sleeve
GX40Q17232,Lenovo,NEW,14.18,12,ON-SITE,Lenovo GX40Q17232 laptop case 39.6 cm (15.6 ) Toploader bag Green
9J4C2AA,Hewlett-Packard,NEW,41.53,11,ON-SITE,HP 15.6-inch Modular Laptop Bag
7J597AA,Hewlett-Packard,NEW,15.54,10,ON-SITE,HP Campus Lavender Backpack
7J595AA,Hewlett-Packard,NEW,15.86,10,ON-SITE,HP Campus Green Backpack
GX41T08941,Lenovo,NEW,62.91,10,ON-SITE,Lenovo GB900 40.6 cm (16 ) Backpack Black
4Z514AA,Hewlett-Packard,NEW,21.65,9,ON-SITE,HP Prelude Pro 15.6-inch Laptop Bag
2F2J1AA,Hewlett-Packard,NEW,11.76,8,ON-SITE,HP Reversible Protective 14.1-inch Silver Laptop Sleeve 14.1 Sleeve case Black
4Z513AA,Hewlett-Packard,NEW,25.76,8,ON-SITE,HP Prelude Pro 15.6-inch Laptop Bag
GX40Q17228,Lenovo,NEW,12.83,8,ON-SITE,Lenovo B210 notebook case 39.6 cm (15.6 ) Backpack Green
GX41U39300,Lenovo,NEW,49.5,7,ON-SITE,Lenovo Legion 17 Backpack GB800 (Light Grey) GX41U39300
7J593AA,Hewlett-Packard,NEW,22.1,7,ON-SITE,HP Campus XL Tie Dye Backpack
A08JXAA#000,Hewlett-Packard,NEW,18.26,6,ON-SITE,HP Everyday 16-inch Laptop Backpack
1X645AA,Hewlett-Packard,NEW,17.61,5,ON-SITE,HP Prelude Pro 15.6-inch Recycled Top Load
4X41H03365,Lenovo,NEW,21.15,4,ON-SITE,Lenovo 4X41H03365 notebook case 33 cm (13 ) Sleeve case Grey
9J4C1AA,Hewlett-Packard,NEW,64.52,3,ON-SITE,HP 15.6-inch Modular Laptop Backpack
2Z8P3AA,Hewlett-Packard,NEW,17.75,3,ON-SITE,HP Prelude 15.6-inch Backpack
500S8AA,Hewlett-Packard,NEW,22.19,2,ON-SITE,HP Professional 14.1-inch Laptop Bag 14.1 Messenger case Black
7J592AA,Hewlett-Packard,NEW,19.88,2,ON-SITE,HP Campus XL Marble Stone Backpack
4X40T84058,Lenovo,NEW,12.49,2,ON-SITE,Lenovo B210 39.6 cm (15.6 ) Backpack Grey
A08JVAA#000,Hewlett-Packard,NEW,16.43,2,ON-SITE,HP Everyday 14-inch Laptop Bag
460-BDXV,Dell,NEW,42.05,1,ON-SITE,DELL Pro 14-16 Premium EcoLoop Slim Backpack? - CP7625S
6B8U5AA,Hewlett-Packard,NEW,30.78,1,ON-SITE,HP Travel 25 Liter 15.6 Blue Laptop Backpack
500S7AA,Hewlett-Packard,NEW,24.17,1,ON-SITE,HP Professional 15.6-inch Laptop Bag
KRKB0,Vention,NEW,17.52,1,ON-SITE,Vention KRK 20l BK waterproof laptop backpack
KRLB0,Vention,NEW,18.96,1,ON-SITE,Vention KRL 27l BK waterproof laptop backpack
VG257Q5A,ASUS,NEW,108.61,84,ON-SITE,ASUS TUF Gaming VG257Q5A computer monitor 62.2 cm (24.5 ) 1920 x 1080 pixels Full HD LCD Black
90LM0510-B03E70,ASUS,NEW,165.52,63,ON-SITE,ASUS TUF Gaming VG27VQM computer monitor 68.6 cm (27 ) 1920 x 1080 pixels Full HD LED Black
VG27VQM1B,ASUS,NEW,143.95,48,ON-SITE,ASUS VG27VQM1B computer monitor 68.6 cm (27 ) 1920 x 1080 pixels Full HD LCD Black
90LM0BW0-B01371,ASUS,NEW,808.01,29,ON-SITE,ASUS ROG Strix XG32UCWMG computer monitor 80 cm (31.5 ) 3840 x 2160 pixels 4K Ultra HD OLED Black
PG27FFS2E-W,Asrock,NEW,139.79,27,ON-SITE,ASROCK 27 PG27FFS2E-W Monitor
PG27FFS1A,Asrock,NEW,120.21,25,ON-SITE,ASROCK 27 PG27FFS1A Monitor
90LM0CC0-B01171,ASUS,NEW,419.46,24,ON-SITE,ASUS ROG Strix OLED XG27AQDMGR computer monitor 67.3 cm (26.5 ) 2560 x 1440 pixels Quad HD Black
XG27JCG,ASUS,NEW,550.34,23,ON-SITE,ASUS ROG Strix XG27JCG computer monitor 68.6 cm (27 ) 5120 x 2880 pixels 5K Ultra HD LCD Black
XG27ACDNG,ASUS,NEW,566.34,20,ON-SITE,ASUS ROG Strix OLED XG27ACDNG computer monitor 67.3 cm (26.5 ) 2560 x 1440 pixels Quad HD QD-OLED Black
VG328QA1A,ASUS,NEW,168.73,19,ON-SITE,ASUS TUF Gaming VG328QA1A computer monitor 80 cm (31.5 ) 1920 x 1080 pixels Full HD LED Black
PG27QRT2A,Asrock,NEW,142.64,17,ON-SITE,Asrock PG27QRT2A Phantom Gaming computer monitor 68.6 cm (27 ) 2560x1440 px QHD Black
PG27QFT2A,Asrock,NEW,169.46,15,ON-SITE,ASROCK Phantom Gaming PG27QFT2A 27 monitor
90LM0BX0-B01371,ASUS,NEW,641.23,14,ON-SITE,ASUS ROG Strix OLED XG32UCWG computer monitor 80 cm (31.5 ) 3840 x 2160 pixels 4K Ultra HD Black
90LM0C50-B01971,ASUS,NEW,682.35,12,ON-SITE,ASUS ROG Strix OLED XG27AQDPG computer monitor 67.3 cm (26.5 ) 2560 x 1440 pixels Wide Quad HD QD-OLED Black
XG27UCG,ASUS,NEW,343.33,9,ON-SITE,ASUS ROG Strix XG27UCG computer monitor 68.6 cm (27 ) 3840 x 2160 pixels 4K Ultra HD LCD Black
PG34WCDN,ASUS,NEW,1173.47,7,ON-SITE,ASUS ROG Swift OLED PG34WCDN computer monitor 86.4 cm (34 ) 3440 x 1440 pixels Wide Quad HD QD-OLED Black
PG32UCDP,ASUS,NEW,807.46,6,ON-SITE,ASUS ROG Swift PG32UCDP computer monitor 80 cm (31.5 ) 3840 x 2160 pixels 4K Ultra HD OLED Black
VG259QM5A,ASUS,NEW,130.78,4,ON-SITE,ASUS TUF Gaming VG259QM5A computer monitor 62.2 cm (24.5 ) 1920 x 1080 pixels Full HD LCD Black
TT25F400F,RAMPAGE,NEW,190.25,2,ON-SITE,RAMPAGE TITAN 25-inch FHD 400Hz Fast IPS 0.5ms HDR Gaming Monitor
CR27R200,RAMPAGE,NEW,145.13,2,ON-SITE,RAMPAGE CRIMSON 27-inch FHD 200 Hz 0.5 ms Fast IPS Gaming Monitor
MC27RQ180,RAMPAGE,NEW,157.47,2,ON-SITE,RAMPAGE MIRACLE 27-inch 180Hz 1ms QHD 2K Gaming Monitor
CR25R200,RAMPAGE,NEW,105.23,2,ON-SITE,RAMPAGE CRIMSON 245 200Hz MONITOR
VG249QE5A,ASUS,NEW,103.05,2,ON-SITE,ASUS VG249QE5A computer monitor 60.5 cm (23.8 ) 1920 x 1080 pixels Full HD LCD Black
VY249HGR,ASUS,NEW,85.71,2,ON-SITE,ASUS EyeCare VY249HGR computer monitor 60.5 cm (23.8 ) 1920 x 1080 pixels Full HD LED Black
PG27FFT1A,Asrock,NEW,102.03,1,ON-SITE,Asrock Phantom Gaming computer monitor 68.6 cm (27 ) 1920 x 1080 pixels Full HD Black
NSD-4303,AG Neovo,NEW,512.69,5,ON-SITE,AG Neovo NSD-4303 - UHD 4K digital advertising display
QM-5503,AG Neovo,NEW,1032.51,3,ON-SITE,AG Neovo QM-5503 Flat panel monitor Digital Signage 55 500 cd/m2 4K Ultra HD Black
IFP-7502,AG Neovo,NEW,1050.04,1,ON-SITE,AG Neovo IFP-7502 Interactive flat panel 189.2 cm (74.5 ) LCD Wi-Fi 350 cd/m2 4K Ultra HD Black Touchscreen Built-in processor Android 8.0
QM-4303,AG Neovo,NEW,809.98,1,ON-SITE,AG Neovo QM-4303 Flat panel monitor Digital Signage 43 500 cd/m2 4K Ultra HD Black
68C6GAC4EU,Lenovo,NEW,165.52,200,ON-SITE,Lenovo Legion 27Q-10 computer monitor 68.6 cm (27 ) 2560 x 1440 pixels Quad HD LED Black
64B5KAT1EU,Lenovo,NEW,76.5,200,ON-SITE,Lenovo ThinkVision S24-4e Monitor
67D4GAC3EU,Lenovo,NEW,114.32,140,ON-SITE,Lenovo Legion 25-10 computer monitor 62.2 cm (24.5 ) 1920 x 1080 pixels Full HD LCD Black
PRO MP272PMG,MSI,NEW,108.92,137,ON-SITE,MSI PRO MP272PMG computer monitor 68.6 cm (27 ) 1920 x 1080 pixels Full HD LCD Black
64BCMAT4EU,Lenovo,NEW,109.84,132,ON-SITE,Lenovo ThinkVision E27-40 Monitor
68F2GACBEU,Lenovo,NEW,102.84,109,ON-SITE,Lenovo LOQ 27-10 Monitor
68C4GAC4EU,Lenovo,NEW,96.83,104,ON-SITE,Lenovo Legion 24-10 computer monitor 60.5 cm (23.8 ) 1920 x 1080 pixels Full HD LCD Black
64B2GAT1EU,Lenovo,NEW,185.14,96,ON-SITE,Lenovo ThinkVision P24Q-40 Monitor
67E3KAC6EU,Lenovo,NEW,81.51,81,ON-SITE,Lenovo L24-45 23.8 FHD 144Hz 250 nits 4 ms AG HDMI VGA Cloud Grey
67DCUAC6EU,Lenovo,NEW,142.79,78,ON-SITE,Lenovo L24D-4C computer monitor 60.5 cm (23.8 ) 1920 x 1080 pixels Full HD LCD Grey
CL27FFB,Asrock,NEW,78.27,73,ON-SITE,Monitor Asrock Challenger CL27FFB 27
67E4KAC1EU,Lenovo,NEW,102.38,72,ON-SITE,Lenovo L27-45 computer monitor 68.6 cm (27 ) 1920 x 1080 pixels Full HD LED Grey
LA-2403,AG Neovo,NEW,65.74,66,ON-SITE,AG Neovo LA-2403 - flicker-free LED monitor HDMI DP VGA
68CEGACBEU,Lenovo,NEW,466.79,64,ON-SITE,Lenovo Legion Pro 27UD-10 computer monitor 67.3 cm (26.5 ) 3840 x 2160 pixels 4K Ultra HD QD-OLED Black Grey
68C5GAC4EU,Lenovo,NEW,123.09,63,ON-SITE,Lenovo Legion 27-10 computer monitor 68.6 cm (27 ) 1920 x 1080 pixels Full HD LCD Black
64A6ZAT6EU,Lenovo,NEW,249.26,63,ON-SITE,Lenovo ThinkVision T27Q-40 Monitor
67E1GAC1EU,Lenovo,NEW,308.8,57,ON-SITE,Lenovo Legion 27Q-10 OLED Monitor
LW2204,AG Neovo,NEW,58.3,50,ON-SITE,AG NEOVO LED MONITOR LW-2204 FLICKER-FREE HDMI 100Hz
DHI-LM22-A200Y,DAHUA,NEW,55.01,50,ON-SITE,Dahua Technology LM22-A200Y computer monitor 54.5 cm (21.4 ) 1920 x 1080 pixels Full HD LED Black
90LM08E0-B01K70,ASUS,NEW,369.5,48,ON-SITE,ASUS ProArt PA279CRV computer monitor 68.6 cm (27 ) 3840 x 2160 pixels 4K Ultra HD LCD Black
67C7GACBEU,Lenovo,NEW,260.14,48,ON-SITE,Lenovo Legion R34w-30 computer monitor 86.4 cm (34 ) 3440 x 1440 pixels Wide Quad HD LCD Black
68F1GACBEU,Lenovo,NEW,94.7,48,ON-SITE,Lenovo LOQ 24-10 Monitor
64A6GAT6EU,Lenovo,NEW,228.08,46,ON-SITE,Lenovo ThinkVision T27Q-40 Monitor
CL25FFB,Asrock,NEW,65.49,43,ON-SITE,Asrock Challenger CL25FFB 24.5 monitor
210-BQMX,Dell,NEW,185.4,42,ON-SITE,DELL Pro Plus P2425D computer monitor 61 cm (24 ) 2560 x 1440 pixels Quad HD LCD Black Silver
67D2UAC1EU,Lenovo,NEW,186.5,37,ON-SITE,Lenovo Legion 27QD-10 computer monitor 68.6 cm (27 ) 2560 x 1440 pixels Quad HD LCD Black
68CDKAC1EU,Lenovo,NEW,81.4,36,ON-SITE,Lenovo L27-4e computer monitor 68.6 cm (27 ) 1920 x 1080 pixels Full HD LCD Black
4ZF1B20559,Lenovo,NEW,188.83,28,ON-SITE,Lenovo InStoreScreen InTOUCH156B 15.6 FHD 450 nits Touchscreen with HDMI and USB-C 4ZF1B20559
64A4MATXEU,Lenovo,NEW,121.09,26,ON-SITE,Lenovo ThinkVision T24-40 LED display 60.5 cm (23.8 ) 1920 x 1080 pixels Full HD LCD Black
64BDGAT4EU,Lenovo,NEW,165.19,25,ON-SITE,Lenovo ThinkVision E27Q-40 Monitor
63D7UAT3EU,Lenovo,NEW,188.17,25,ON-SITE,Lenovo ThinkVision T24mv-30 Monitor
90LM0381-B02370,ASUS,NEW,142.73,20,ON-SITE,ASUS MB16AHV computer monitor 39.6 cm (15.6 ) 1920 x 1080 pixels Full HD LCD Black
67C6GAC2EU,Lenovo,NEW,168.32,19,ON-SITE,Lenovo Legion R27qc-30 WLED display 68.6 cm (27 ) 2560 x 1440 pixels Quad HD Black
PA279CV,ASUS,NEW,340.46,19,ON-SITE,ASUS ProArt PA279CV computer monitor 68.6 cm (27 ) 3840 x 2160 pixels 4K Ultra HD LED Black Silver
VA229QSB,ASUS,NEW,113.83,16,ON-SITE,ASUS VA229QSB computer monitor 54.6 cm (21.5 ) 1920 x 1080 pixels Full HD LED Black
90LM07D3-B03170,ASUS,NEW,104.85,16,ON-SITE,ASUS ZenScreen MB166CR computer monitor 39.6 cm (15.6 ) 1920 x 1080 pixels Full HD LCD Black
PA279CDV,ASUS,NEW,681.23,16,ON-SITE,ASUS ProArt OLED PA279CDV computer monitor 67.3 cm (26.5 ) 3840 x 2160 pixels 4K Ultra HD QD-OLED Black Silver
PA278CFRV,ASUS,NEW,311.23,15,ON-SITE,ASUS ProArt PA278CFRV computer monitor 68.6 cm (27 ) 2560 x 1440 pixels Quad HD LCD Black
PA24ACRV,ASUS,NEW,318.03,14,ON-SITE,ASUS ProArt PA24ACRV computer monitor 60.5 cm (23.8 ) 2560 x 1440 pixels Quad HD LCD Black
MB16ACV,ASUS,NEW,166.28,11,ON-SITE,ASUS MB16ACV computer monitor 39.6 cm (15.6 ) 1920 x 1080 pixels Full HD LED Black
SC-2702,AG Neovo,NEW,235.67,11,ON-SITE,AG Neovo SC-2702 computer monitor 68.6 cm (27 ) 1920 x 1080 pixels Full HD Black
64A5ZAT6EU,Lenovo,NEW,152.56,11,ON-SITE,Lenovo ThinkVision T27-40 27 IPS FHD AG 4ms 300 nits 120Hz HDMI DP USB + MC60 camera 4XC1J05150
PA247CV,ASUS,NEW,183.93,9,ON-SITE,ASUS ProArt PA247CV computer monitor 60.5 cm (23.8 ) 1920 x 1080 pixels Full HD Black Silver
PRO MP251L E2,MSI,NEW,70.65,9,ON-SITE,MSI PRO MP251L E2 computer monitor 62.2 cm (24.5 ) 1920 x 1080 pixels Full HD LED Black
63EBMAT2EU,Lenovo,NEW,96.96,8,ON-SITE,Lenovo ThinkVision E22-30 Monitor
LW-2403,AG Neovo,NEW,61.96,8,ON-SITE,AG NEOVO LED MONITOR LW-2403 FLICKER-FREE HDMI
LH-2703,AG Neovo,NEW,149.03,8,ON-SITE,AG Neovo LH-2703 - Flicker-free LED monitor HDMI DP VGA
DCM8/BV,Blackview,NEW,213.13,8,ON-SITE,Blackview 15 3 portable dual monitor DCM8
Table9/BV,Blackview,NEW,91.54,7,ON-SITE,Blackview Table9 Portable Monitor 16 Black
VA249HG,ASUS,NEW,82.23,7,ON-SITE,ASUS VA249HG computer monitor 60.5 cm (23.8 ) 1920 x 1080 pixels Full HD LCD Black
64B6MAT1EU,Lenovo,NEW,177.76,7,ON-SITE,Lenovo ThinkVision T24-4v Monitor
64A7ZAT6EU,Lenovo,NEW,287.08,7,ON-SITE,Lenovo ThinkVision P27Q-40 Monitor
68CFGACBEU,Lenovo,NEW,344.16,7,ON-SITE,Lenovo Legion Pro 27Q-10 computer monitor 67.3 cm (26.5 ) 2560 x 1440 pixels Quad HD QD-OLED Black Grey
VA-4301,AG Neovo,NEW,380.33,6,ON-SITE,AG Neovo VA-4301 43-inch 4K UHD digital display with thin bezel
VY229HF,ASUS,NEW,92.98,5,ON-SITE,ASUS 22 VY229HF MONITOR
VA-5501,AG Neovo,NEW,473.47,5,ON-SITE,AG Neovo VA-5501 55-inch 4K UHD digital display with thin bezel
64ACGAT1EK,Lenovo,NEW,867.98,4,ON-SITE,Lenovo ThinkVision E65 LFD computer monitor 163.8 cm (64.5 ) 3840 x 2160 pixels 4K Ultra HD LCD Black
62CAUAT1WL,Lenovo,NEW,158.49,4,ON-SITE,Lenovo ThinkVision M15 LED display 39.6 cm (15.6 ) 1920 x 1080 pixels Full HD Black
LH2404,AG Neovo,NEW,105.87,4,ON-SITE,AG Neovo LH2404 computer monitor 60.5 cm (23.8 ) 1920 x 1080 pixels Full HD LCD Black
SCM6/BV,Blackview,NEW,127.98,4,ON-SITE,Blackview 14 portable dual monitor SCM6
DCM6/BV,Blackview,NEW,193.2,3,ON-SITE,Blackview 14 portable dual monitor DCM6
PA248CNV,ASUS,NEW,264.82,3,ON-SITE,ASUS ProArt PA248CNV computer monitor 61.2 cm (24.1 ) 1920 x 1200 pixels Full HD+ Black
NSD-5503,AG Neovo,NEW,764.64,2,ON-SITE,AG Neovo NSD-5503 - UHD 4K digital advertising display
VA-3201,AG Neovo,NEW,169.9,1,ON-SITE,AG Neovo VA-3201 computer monitor 32 1920 x 1080 pixels Full HD LCD Black
90LM07D3-B01170,ASUS,NEW,101.25,1,ON-SITE,ASUS ZenScreen MB166C computer monitor 39.6 cm (15.6 ) 1920 x 1080 pixels Full HD LED Black
PM-3202,AG Neovo,NEW,304.21,1,ON-SITE,AG Neovo PM-3202 Signage Display Digital signage flat panel 81.3 cm (32 ) TFT 350 cd/m2 Full HD Black 16/7
63DEKAT3EU,Lenovo,NEW,94.46,1,ON-SITE,Lenovo ThinkVision S24i-30 LED display 60.5 cm (23.8 ) 1920 x 1080 pixels Full HD Black
SC-2402,AG Neovo,NEW,168.07,17,ON-SITE,AG Neovo SC-2402 surveillance monitor CCTV monitor 61 cm (24 ) 1920 x 1080 pixels
SC-32E,AG Neovo,NEW,340.94,12,ON-SITE,AG Neovo SC-32E surveillance monitor 80 cm (31.5 ) 1920 x 1080 pixels
6949710308454,ONYX,NEW,56.17,14,ON-SITE,ONYX BOOX PEN 2 PRO STYLUS WITH ERASER BLACK
6949710311836,ONYX,NEW,25.25,8,ON-SITE,Onyx BOOX Tappy Page turner
6949710311126,ONYX,NEW,40.06,4,ON-SITE,Onyx Boox InkSense Plus Stylus Silver
6949710310679,ONYX,NEW,112.26,3,ON-SITE,Onyx Boox Note Max / Tab X C Magnetic case with keyboard Brown
6949710310297,ONYX,NEW,40.15,2,ON-SITE,Onyx Boox Note Max Black magnetic case
6949710310709,ONYX,NEW,25.25,1,ON-SITE,Magnetic case Onyx Boox Go Color 7 / Boox Go 7 / Boox Go Color 7 (Gen II) / Boox Page with stylus holder Beige
6949710311225,ONYX,NEW,426.01,171,ON-SITE,Onyx Boox Note Air 5 C 10.3’ E-Ink Kaleido 3 e-book reader 64GB Wi-Fi Gray
N365-KU-BK-K-EP,KOBO,NEW,140.31,96,ON-SITE,Rakuten Kobo Clara BW e-book reader Touchscreen 16 GB Wi-Fi Black
N367-KU-BK-K-CK,KOBO,NEW,162.13,95,ON-SITE,Rakuten Kobo Clara Colour e-book reader Touchscreen 16 GB Wi-Fi Black
B0CFPN47NY,KINDLE,NEW,205.31,61,ON-SITE,Amazon Kindle Paperwhite Signature Edition e-book reader Touchscreen 32 GB Wi-Fi Black Metallic
B0CFPHPHYC,KINDLE,NEW,201.06,59,ON-SITE,Amazon Kindle 7” 12th generation B0CFP6F89F e-book reader 32 GB Wi-Fi Raspberry
PB629-2-WW,POCKETBOOK,NEW,109.17,50,ON-SITE,PocketBook Verse reader (629) light blue
PB700K3-1-WW,POCKETBOOK,NEW,194.76,48,ON-SITE,Ebook PocketBook Era Color 700 7 E-Ink Kaleido 3 32GB WI-FI Stormy Sea
6949710310785,ONYX,NEW,215.1,45,ON-SITE,Onyx Boox Go Color 7 (Gen II) e-book reader Touchscreen 4 GB Wi-Fi Black
6949710311904,ONYX,NEW,169.32,45,ON-SITE,Onyx BOOX Go 6 (Gen II) e-book reader Touchscreen 32 GB Wi-Fi Plum
N367-KU-WH-K-CK,KOBO,NEW,162.14,43,ON-SITE,Kobo Clara Colour e-book reader Touchscreen 16 GB Wi-Fi White
PB629-M-WW,POCKETBOOK,NEW,109.16,36,ON-SITE,PocketBook Verse (629) reader grey
6949710310631,ONYX,NEW,205.35,34,ON-SITE,Ebook Onyx Boox Go 7 E-ink Carta 1300 64GB Wi-Fi Black
PB619-T-WW,POCKETBOOK,NEW,94.36,30,ON-SITE,Ebook PocketBook Verse Lite 619 6’ E-Ink Carta 8GB Wi-Fi Gray
N428-KU-WH-K-CK,KOBO,NEW,228.66,29,ON-SITE,Rakuten Kobo Libra Colour e-book reader Touchscreen 32 GB Wi-Fi White
PB634K3-1-WW,POCKETBOOK,NEW,143.07,28,ON-SITE,PocketBook Verse Pro Color e-book reader 6 E Ink Kaleido 3 16 GB Wi-Fi Stormy Sea (PB634K3-1-WW)
6949710311676,ONYX,NEW,381.26,23,ON-SITE,Onyx Boox Go 10.3 (Gen II) Lumi Carta 1200 64GB Wi-Fi e-reader – Grey
6949710310099,ONYX,NEW,483.04,19,ON-SITE,Ebook Onyx Boox Note Max 13.3’ E-Ink Carta 1300 128GB Wi-Fi Gray
N428-KU-BK-K-CK,KOBO,NEW,228.66,19,ON-SITE,Rakuten Kobo Libra Colour e-book reader Touchscreen 32 GB Wi-Fi Black
PB634-A-WW,POCKETBOOK,NEW,141.78,18,ON-SITE,PocketBook Verse Pro e-book reader Touchscreen 16 GB Wi-Fi Black Blue
PB1030-8-WW,POCKETBOOK,NEW,262.65,10,ON-SITE,PocketBook InkPad One 1030 10.3 E-ink Mobius 32GB Wi-Fi E-reader – Matte Black
6949710310105,ONYX,NEW,614.44,9,ON-SITE,Ebook Onyx Boox Tab X C 13.3 E-Ink Kaleido 3 128GB Wi-Fi Gray
PB743K3-1-WW,POCKETBOOK,NEW,266.8,5,ON-SITE,PocketBook 743 InkPad Color 3 storme sea
6949710311874,ONYX,NEW,360.06,2,ON-SITE,Onyx BOOX Go 10.3 (Gen 2) e-book reader Touchscreen 64 GB Wi-Fi Grey
Y-9321,UNITEK,NEW,7.44,29,ON-SITE,UNITEK Y-9321 USB 3.0 SD / MICROSD CARD READER
Y-9327A,UNITEK,NEW,7.86,16,ON-SITE,UNITEK Y-9327A card reader USB 3.2 Gen 1 (3.1 Gen 1) Type-A Black
CLGB0,Vention,NEW,4.92,9,ON-SITE,Vention 2-in-1 USB 3.0 A Card Reader(SD+TF) Black Dual Drive Letter
UA430C,TP-LINK,NEW,11.75,9,ON-SITE,TP-Link UA430C card reader USB 3.2 Gen 1 (3.1 Gen 1) Type-C Grey
SPU3CCSREDBS100K,Silicon Power,NEW,29.1,3,ON-SITE,Memory Card Reader SILICON POWER CreatePro BS10 CFexpress Type B and SD 4.0 10Gbps Black
CCHH0,Vention,NEW,12.79,2,ON-SITE,Vention USB3.0 Multi-function Card Reader Gray Metal Type
IMP34V1816BK,IBOX,NEW,15.23,1,ON-SITE,iBox IMP34V1816BK MP3/MP4 player 4 GB Black
DRT50ZJX2,MAKITA,NEW,227.94,200,ON-SITE,Makita DRT50ZJX2 milling machine
DRT52Z,MAKITA,NEW,89.06,29,ON-SITE,Battery-powered milling machine Makita DRT52Z Blue Black
DCN660NT-XJ,DeWalt,NEW,318.32,19,ON-SITE,DeWALT DCN660NT-XJ nailer/stapler
DCN890N-XJ,DeWalt,NEW,537.43,15,ON-SITE,DeWALT DCN890N-XJ nailer/staple guns Battery
5133005137,RYOBI,NEW,182.09,1,ON-SITE,Nailer 18V ONE+ R16GN18G RYOBI
DTW190Z,MAKITA,NEW,57.19,177,ON-SITE,Makita DTW190Z power wrench 1/2 2300 RPM 190 N·m Black Blue 18 V
DTW300Z,MAKITA,NEW,154.11,113,ON-SITE,Makita DTW300Z power screwdriver/impact driver 3200 RPM Black Blue
DCF900P2T-QW,DeWalt,NEW,314.76,82,ON-SITE,Impact wrench 1/2 18V 2x5.0Ah DCF900P2T-QW DEWALT
DCF899N-XJ,DeWalt,NEW,141.49,71,ON-SITE,DeWALT DCF899N-XJ power wrench Black Yellow 1900 RPM
DTW700Z,MAKITA,NEW,193.43,68,ON-SITE,Makita DTW700Z power wrench 1/2 2200 RPM 700 N·m Green
DCF510N,DeWalt,NEW,174.81,39,ON-SITE,18V cordless ratchet DCF510N DEWALT
DCF899P2-QW,DeWalt,NEW,277.75,35,ON-SITE,DeWALT DCF899P2-QW power wrench 1900 RPM Black Yellow
YT-82806,YATO,NEW,79.5,20,ON-SITE,Brushless impact wrench 1/2 700Nm YATO YT-82806
DCF964NT-XJ,DeWalt,NEW,322.16,12,ON-SITE,Impact wrench DEWALT DCF964NT-XJ 18V XR 3/4 2576Nm Yellow Black
W04604,WUBER,NEW,97.95,10,ON-SITE,Brushless impact wrench 20 V W04604 WUBER
DTW701Z,MAKITA,NEW,192.03,10,ON-SITE,Makita DTW701Z power screwdriver/impact driver 2700 RPM Black Blue
DCF900N-XJ,DeWalt,NEW,201.1,6,ON-SITE,IMPACT WRENCH DEWALT DCF900N
YT-82902,YATO,NEW,55.92,21,ON-SITE,Impact ratchet 12V YT-82902 YATO
DMP180Z,MAKITA,NEW,56.78,200,ON-SITE,Makita DMP180Z air compressor 12 l/min Battery
DAS180Z,MAKITA,NEW,107.48,200,ON-SITE,Makita DAS180Z dust extractor Black Blue
AT-SXIF0101,STANLEY,NEW,31.45,200,ON-SITE,Rechargeable compressor 12V SXIF0101 STANLEY
AIR-BOSS,STANLEY,NEW,90.94,64,ON-SITE,OIL-FREE COMPRESSOR STANLEY AIR-BOSS
C6BB304STN039,STANLEY,NEW,81.13,42,ON-SITE,OIL-FREE COMPRESSOR STANLEY C6BB304STN039
SFMCE520B-QW,STANLEY,NEW,77.21,36,ON-SITE,Rechargeable compressor 18V SFMCE520B STANLEY
DMP181Z,MAKITA,NEW,98.73,29,ON-SITE,Makita DMP181Z electric air pump 11.1 bar 22 l/min
BDCINF18N,BLACK+DECKER,NEW,65.05,25,ON-SITE,Black & Decker BDCINF18N-QS air compressor 160 l/min AC/Cigar lighter
W14270,WUBER,NEW,61.88,20,ON-SITE,5-in-1 booster compressor with jump starter W14270 WUBER
ASI400,BLACK+DECKER,NEW,33.83,13,ON-SITE,Black & Decker ASI400-XJ air compressor 160 l/min
DCC018N-XJ,DeWalt,NEW,115.92,3,ON-SITE,DeWALT DCC018N air compressor
RMI18-0,RYOBI,NEW,65.22,1,ON-SITE,KOMPRESOR AKUMULATOROWY 11 BAR 18V 0*AH ONE+
1.445-245.0,KARCHER,NEW,144.03,21,ON-SITE,Kärcher WRE 18-55
DCMWSP550N-XJ,DeWalt,NEW,485.04,10,ON-SITE,DeWALT DCMWSP550N-XJ lawn mower
DCMWSP156N-XJ,DeWalt,NEW,427.05,3,ON-SITE,DeWALT DCMWSP156N-XJ lawn mower
5133004570,RYOBI,NEW,96.37,50,ON-SITE,RYOBI RY18PW22A-0 cordless pressure washer
1.328-120.0,KARCHER,NEW,80.19,14,ON-SITE,Kärcher OC Handheld Compact cordless pressure washer 150 l/h (1.328-120.0) Black Yellow
DHR243Z,MAKITA,NEW,196.52,200,ON-SITE,Makita DHR243Z rotary hammer 950 RPM
DHR202Z,MAKITA,NEW,104.04,200,ON-SITE,Makita DHR202Z rotary hammer 1200 RPM
DCH273N,DeWalt,NEW,198.84,157,ON-SITE,DeWALT DCH273N rotary hammer SDS Plus
DHR241Z,MAKITA,NEW,111.11,144,ON-SITE,Makita DHR241Z rotary hammer SDS Plus
DCH133N-XJ,DeWalt,NEW,128.61,78,ON-SITE,DeWALT DCH133N-XJ rotary hammer SDS Plus 5680 RPM
DCH274N-XJ,DeWalt,NEW,292.56,25,ON-SITE,DEWALT DCH274N-XJ rotary hammer SDS-Plus 2 1J 400W 18V Black Yellow
SFMCH900M22-QW,STANLEY,NEW,179.72,10,ON-SITE,STANLEY SFMCH900M22 18V Hammer Drill
1.444-231.0,KARCHER,NEW,80.01,30,ON-SITE,Kärcher HGE 18-45 BATTERY SET Double blade -Includes battery and charger
DCMHT562N-XJ,DeWalt,NEW,122.84,13,ON-SITE,DeWALT DCMHT562N-XJ not categorized
DCMHT563P1- QW,DeWalt,NEW,189.86,5,ON-SITE,55cm hedge trimmer 18V DCMHT563P1 DEWALT
UM600DWAEX,MAKITA,NEW,125.62,1,ON-SITE,Makita UM600DWAEX Cordless grass shear 16 cm Black Blue Lithium-ion (Li-Ion) 18 volt
UM600DSAP,MAKITA,NEW,61.6,20,ON-SITE,Grass and live shears. 12V UM600DSAP MAKITA
UM600DZX,MAKITA,NEW,71.65,16,ON-SITE,Makita UM600DZX cordless grass shear Black Blue 12 V
DUB185Z,MAKITA,NEW,49.49,200,ON-SITE,Battery blower 18V DUB185Z MAKITA
1.081-502.0,KARCHER,NEW,172.45,47,ON-SITE,Kärcher SE 3-18 Compact Battery Set 1.2 L Drum vacuum Wet 184 W Bagless
DUB186Z,MAKITA,NEW,55.67,9,ON-SITE,Makita DUB186Z cordless leaf blower Black Blue 18 V Lithium-Ion (Li-Ion)
DCMBL777X1-QW,DeWalt,NEW,347.08,6,ON-SITE,DeWALT DCMBL777X1-QW 54 V axial leaf blower
DCV586MN-XJ,DeWalt,NEW,324.04,24,ON-SITE,DEWALT DCV586MN-XJ Cordless industrial hoover 2000 W 11 l M class TSTAK Black
DCW200NT-XJ,DeWalt,NEW,140.36,29,ON-SITE,Random orbital sander 18V DCW200NT DEWALT 13500 OPM Black Yellow
DBO480Z,MAKITA,NEW,77.58,9,ON-SITE,Makita DBO480Z portable sander Random orbital sander 14000 OPM Black Blue 210 W
DCG180Z,MAKITA,NEW,138.02,200,ON-SITE,Makita DCG180Z stick for glue and silicone 18V
DJR183Z,MAKITA,NEW,71.53,38,ON-SITE,Makita DJR183Z reciprocating saw
DJR186Z,MAKITA,NEW,105.68,34,ON-SITE,Makita DJR186Z sabre saw 3.2 cm Black Blue
DCS369NT-XJ,DeWalt,NEW,124.49,34,ON-SITE,DeWALT DCS369NT-XJ reciprocating saw 2800 spm Black Yellow
DCS369N-XJ,DeWalt,NEW,109.91,5,ON-SITE,DeWALT DCS369N-XJ reciprocating saw 2800 spm Black Yellow
SFMCS311B-XJ,STANLEY,NEW,83.97,5,ON-SITE,Stanley Fatmax SFMCS311B Reciprocating saw 18 V black yellow
DJR187Z,MAKITA,NEW,159.3,1,ON-SITE,Makita DJR187Z 18V reciprocating sabre saw Blue Black
1.445-470.0,KARCHER,NEW,74.94,27,ON-SITE,KARCHER LTR 3-18 cordless grass trimmer - 1.445-470.0
5133002829,RYOBI,NEW,131.66,72,ON-SITE,18V ONE+ OCS1830 RYOBI chainsaw
DUC302Z,MAKITA,NEW,177.33,52,ON-SITE,Makita DUC302Z chainsaw 800 W 4500 RPM Black Blue
DCMPS567N-XJ,DeWalt,NEW,173.07,28,ON-SITE,Chainsaw 18V DCMPS567N-XJ DEWALT
DUC406ZB,MAKITA,NEW,287.86,20,ON-SITE,Makita DUC406ZB chainsaw Green
YT-82812,YATO,NEW,80.63,14,ON-SITE,Yato YT-82812 chainsaw 4500 RPM Black Red
DCMPS567P1- QW,DeWalt,NEW,251.31,4,ON-SITE,20cm 18V DEWALT DCMPS567P1 chainsaw
YT-828135,YATO,NEW,35.17,1,ON-SITE,Yato YT-828135 chainsaw
YT-82903,YATO,NEW,46.55,9,ON-SITE,Yato YT-82903 car polisher 8300 RPM
YT-82920,YATO,NEW,83.11,6,ON-SITE,Yato YT-82920 car polisher 5000 RPM
DHS680Z,MAKITA,NEW,190.61,51,ON-SITE,Makita DHS680Z portable circular saw turquoise 5000 RPM 18 V
DCS565N,DeWalt,NEW,155.88,45,ON-SITE,DCS565N DEWALT portable circular saw
DCS570N-XJ,DeWalt,NEW,161.03,41,ON-SITE,DeWALT DCS570N-XJ circular saw blade 18.4 cm 1 pc(s)
DCS570P2-QW,DeWalt,NEW,321.04,4,ON-SITE,DeWALT DCS570P2-QW portable circular saw 18.4 cm Yellow 5500 RPM
DCS378N-XJ,DeWalt,NEW,300.02,2,ON-SITE,DeWALT DCS378N-XJ bandsaw blade 1 pc(s)
MXXA8202,dreame,NEW,1141.02,4,ON-SITE,Dreame A2 2000 Robotic lawn mower Battery Black Grey
MRZ2509,ECOVACS,NEW,511.67,2,ON-SITE,Ecovacs GOAT O600 RTK EU Robotic lawn mower Battery Black Grey
BCPP18D1-QW,BLACK+DECKER,NEW,73,75,ON-SITE,Black & Decker Akku-Gartenschere 18V/2.0Ah BCPP18D1 Power shear
DGA513Z,MAKITA,NEW,141,193,ON-SITE,Makita DGA513Z angle grinder 12.5 cm 8500 RPM
DGA504Z,MAKITA,NEW,113.59,12,ON-SITE,Makita DGA504Z Cordless angle grinder 125mm Li-ion LXT 18V without battery
BCG720N-XJ,BLACK+DECKER,NEW,44.13,11,ON-SITE,Black & Decker BCG720N angle grinder 12.5 cm 8600 RPM
SFMCG710B-XJ,STANLEY,NEW,81.8,8,ON-SITE,STANLEY FatMax SFMCG710B Angle Grinder
SFMCG700B-XJ,STANLEY,NEW,80.7,4,ON-SITE,Stanley SFMCG700B angle grinder
YT-828295,YATO,NEW,84.75,1,ON-SITE,Yato YT-828295 18 V 125 mm angle grinder
DCGG571M1,DeWalt,NEW,301.92,36,ON-SITE,DeWALT DCGG571M1 power grease gun
DCGG571NK,DeWalt,NEW,234.8,5,ON-SITE,18V cordless grease gun DEWALT DCGG571NK
DBO180Z,MAKITA,NEW,79.4,200,ON-SITE,Makita DBO180Z portable sander Orbital sander
DKP180Z,MAKITA,NEW,128.55,94,ON-SITE,Makita DKP180Z power planer 14000 RPM Black Blue
DTM52Z,MAKITA,NEW,143.87,66,ON-SITE,Makita DTM52Z 18V Cordless Multitool
5133004846,RYOBI,NEW,57.97,28,ON-SITE,RYOBI 18V R18CPS-0 Rotary Brush Yellow-Black
DCS356N-XJ,DeWalt,NEW,113.74,13,ON-SITE,18V multitool DEWALT DCS356N
DCD791P2-QW,DeWalt,NEW,186.97,33,ON-SITE,DeWALT DCD791P2 drill Black Yellow 1.7 kg
DTD153Z,MAKITA,NEW,86.27,200,ON-SITE,Makita DTD153Z power wrench 3400 RPM Green
DCD709N-XJ,DeWalt,NEW,65.49,50,ON-SITE,DeWALT DCD709N-XJ drill 1650 RPM Keyless 1.2 kg Black Yellow
SFMCD710D2K-QW,STANLEY,NEW,97.94,21,ON-SITE,DRILL/DRIVER STANLEY SFMCD710D2K-QW
SFMCD700D2A-QW,STANLEY,NEW,81.06,200,ON-SITE,STANLEY SFMCD700D2A-QW 20V drill/driver
DDF458Z,MAKITA,NEW,115.43,88,ON-SITE,Drill driver Makita DDF458Z
DHP484Z,MAKITA,NEW,110.44,85,ON-SITE,Makita DHP484Z Impact drill / driver black blue 1.6 kg
DCD991NT-XJ,DeWalt,NEW,134.76,85,ON-SITE,DeWALT DCD991NT-XJ Cordless Drill 18V TSTAK
DDF487Z,MAKITA,NEW,86.52,55,ON-SITE,Drill driver Makita DDF487Z
DCD1007NT,DeWalt,NEW,173.63,48,ON-SITE,DeWALT DCD709N-XJ drill 1650 RPM Keyless 1.2 kg Black Yellow
BDCDC18BAFC-QW,BLACK+DECKER,NEW,68.88,47,ON-SITE,BLACK+DECKER 18V drill/driver BDCDC18BAFC-QW
SFMCD725D2K-QW,STANLEY,NEW,100.38,47,ON-SITE,18V cordless drill/driver SFMCD725D2K STANLEY
DCD708D2T-QW,DeWalt,NEW,131.98,46,ON-SITE,DeWALT DCD708D2T-QW power screwdriver/impact driver Black Yellow 1650 RPM
DHP489Z,MAKITA,NEW,130.46,41,ON-SITE,Makita DHP489Z 18 V drill/driver
BDCDC18B,BLACK+DECKER,NEW,51.63,39,ON-SITE,Black & Decker BDCDC18 drill 650 RPM Black Orange
DCD778D2T,DeWalt,NEW,154.48,29,ON-SITE,Dewalt DCD778D2T
DDA350Z,MAKITA,NEW,112.5,27,ON-SITE,Makita DDA350Z drill 1.8 kg Black Blue
DCD800NT-XJ,DeWalt,NEW,113.03,24,ON-SITE,Drill/driver without battery and charger 18 DCD800NT
SFMCD726D2T,STANLEY,NEW,117.99,17,ON-SITE,FATMAX SFMCD726D2T Drill/Driver
SFMCD721B-XJ,STANLEY,NEW,63.94,14,ON-SITE,STANLEY SFMCD721B 13mm Impact Drill/Driver
SFMCD715D2K-QW,STANLEY,NEW,104.33,14,ON-SITE,18V SFMCD715D2K STANLEY impact drill/driver
DCK266P2T,DeWalt,NEW,273.59,13,ON-SITE,POWER TOOL COMBO KIT DEWALT DCK266P2T (DCD796+DCF887) 2X5 0AH 18V
DCK305P3T,DeWalt,NEW,558.49,12,ON-SITE,POWER TOOL COMBO KIT DEWALT DCK305P3T (DCF887+DCH273+DCG405)
BDCHD18-QW,Black&Decker,NEW,52.32,12,ON-SITE,Black & Decker BDCHD18-QW drill Black Orange 1400 RPM
DCD803NT,DeWalt,NEW,198.51,12,ON-SITE,DeWalt DCD803NT 18V cordless drill/driver
DCD800H2T-QW,DeWalt,NEW,309.57,11,ON-SITE,DeWALT DCD800H2T-QW power screwdriver/impact driver
BL186KB-QW,BLACK+DECKER,NEW,73.16,11,ON-SITE,Black & Decker BL186KB-QW drill 1650 RPM
DCD796P2,DeWalt,NEW,227.29,7,ON-SITE,DeWALT DCD796P2-QW drill Keyless Black Yellow 1.8 kg
DCD805P2T,DeWalt,NEW,251.85,6,ON-SITE,DRILL/DRIVER DEWALT DCD805P2T 18V 2X5 0AH BL TSTAK
DCD1007WW1T-QW,DeWalt,NEW,353.68,6,ON-SITE,DEWALT DCD1007WW1T 18V drill/driver
BDCDC18-QW,BLACK+DECKER,NEW,38.76,5,ON-SITE,Black & Decker BDCDC18-QW drill 650 RPM Black Orange
SFMCD716B-XJ,STANLEY,NEW,51.12,5,ON-SITE,18V Cordless Hammer Drill Driver SFMCD716B-XJ STANLEY
DCK368P3T,DeWalt,NEW,577.59,5,ON-SITE,POWER TOOL COMBO KIT DEWALT DCK368P3T-QW (DCH273+DCD796+DCF887)
DCD791D2-QW,DeWalt,NEW,171.4,5,ON-SITE,DeWALT DCD791D2-QW drill Keyless Black Yellow 1.5 kg
DCK2062D2T-QW,DeWalt,NEW,206.94,3,ON-SITE,POWER TOOL COMBO KIT DEWALT DCK2062D2T (DCD709+DCF809) 18V 2X2.0AH
DDF083Z,MAKITA,NEW,96.04,1,ON-SITE,Makita DDF083Z drill 1.1 kg Black Turquoise
DJV184Z,MAKITA,NEW,129.18,129,ON-SITE,Makita DJV184Z Cordless jigsaw 18 V
DJV181Z,MAKITA,NEW,168.74,72,ON-SITE,Makita DJV181Z power jigsaw 3500 spm 2.6 kg
DJV180ZX,MAKITA,NEW,117.99,44,ON-SITE,18V jigsaw without battery + blades DJV180ZX MAKITA
5133002158,RYOBI,NEW,61.83,36,ON-SITE,Ryobi CJS180LM power jigsaw 1.72 kg
DCS335N,DeWalt,NEW,176.86,22,ON-SITE,GRIP JIGSAW DEWALT DCS335N-XJ
SFMCS600B-XJ,STANLEY,NEW,54.68,15,ON-SITE,Stanley SFMCS600B-XJ power jigsaw
DCF870N,DeWalt,NEW,141.65,90,ON-SITE,DeWalt DCF870N-XJ Impact driver 1/4 18 V 56 Nm black yellow
DTD201Z,MAKITA,NEW,131.48,46,ON-SITE,Cordless Impact Driver 1/4 210 Nm MAKITA DTD201Z BODY 18V LXT BLDC XPT LED
DCF850N-XJ,DeWalt,NEW,112.27,30,ON-SITE,DEWALT DCF850N-XJ power screwdriver/impact driver 1/4 18V Black Yellow
SFMCF820D2K-QW,STANLEY,NEW,114.53,22,ON-SITE,STANLEY SFMCF820D2K-QW Impact Driver
SFMCF830D2K-QW,STANLEY,NEW,118.59,13,ON-SITE,2×2.0Ah SFMCF830D2K STANLEY impact wrench
DCF887P2-QW,DeWalt,NEW,228.74,13,ON-SITE,DeWALT DCF887P2-QW power wrench Black Yellow 1/4 3250 RPM 205 Nm 18 V
SFMCK469M2-QW,STANLEY,NEW,247.88,175,ON-SITE,Set of 4 Fatmax SFMCK469M2 tools by STANLEY
SFMCK465D2S-QW,STANLEY,NEW,132.3,89,ON-SITE,SFMCK465D2S STANLEY set (drill/screwdriver and impact wrench)
DCK2026P2T-QW,DeWalt,NEW,318.97,77,ON-SITE,DeWalt DCK2026P2T-QW Combo set DCD805 + DCG405 18 V XR 2×5.0 Ah black yellow
DCK2020P2T-QW,DeWalt,NEW,277.4,49,ON-SITE,DCK2020P2T 18V combo kit DEWALT
SFMCK219D1-QW,STANLEY,NEW,107.69,29,ON-SITE,2-piece 18V cordless tool set SFMCK219D1 STANLEY
DCK384P2T-QW,DeWalt,NEW,421.05,20,ON-SITE,DEWALT DCK384P2T 18V COMBO POWER TOOL KIT
DCK422P3T,DeWalt,NEW,651.88,14,ON-SITE,DEWALT DCK422P3T 18V COMBO POWER TOOL KIT
DCK304P2,DeWalt,NEW,454.25,12,ON-SITE,DEWALT XR DCK304P2 18V COMBO POWER TOOL KIT
DCK329P2T-QW,DeWalt,NEW,527.93,10,ON-SITE,DEWALT 18V Combo Tool Set DCK329P2T
DCK266P2,DeWalt,NEW,278.98,9,ON-SITE,DEWALT DCK266P2 Cordless power tool set 18V XR
DCK500P3T-QW,DeWalt,NEW,722.02,8,ON-SITE,DeWALT DCK500P3T-QW power tool combo kit Battery
DCK440P2T-QW,DeWalt,NEW,441.19,7,ON-SITE,DEWALT DCK440P2T 18V COMBO POWER TOOL KIT
DCK229P2T-QW,DeWalt,NEW,473.21,7,ON-SITE,DEWALT DCK229P2T 18V COMBO POWER TOOL KIT
DCK327P2T-QW,DeWalt,NEW,536.43,5,ON-SITE,DEWALT DCK327P2T 18V COMBO POWER TOOL KIT
SFMCK459M2S-QW,STANLEY,NEW,261.66,5,ON-SITE,STANLEY 18V Power Tool Set 4-Piece SFMCK459M2S
DCK422P3-QW,DeWalt,NEW,697.36,3,ON-SITE,Power tool set Combo 18V DCK422P3 Dewalt
SFMCK208MDS-QW,STANLEY,NEW,138.75,3,ON-SITE,STANLEY 18V Power Tool Set SFMCK208MDS-QW
DCK355P2T-QW,DeWalt,NEW,457.71,2,ON-SITE,DeWALT DCK355P2T-QW power screwdriver/impact driver
DCK428P3T-QW,DeWalt,NEW,775.92,2,ON-SITE,DEWALT DCK428P3T 18V COMBO POWER TOOL KIT
SFMCK101D1S-QW,STANLEY,NEW,107.02,1,ON-SITE,DRILL/DRIVER SET WITH ACCESSORIES SFMCK101D1S STANLEY
IED02,IBOX,NEW,10.83,51,ON-SITE,iBox IED02 optical disc drive DVD-ROM Black
90DD0340-B19000,ASUS,NEW,26.21,200,ON-SITE,ASUS DRW-08D6MT (OEM) optical disc drive Internal DVD±RW Black
90-DQ0435-UA221KZ,ASUS,NEW,27.61,76,ON-SITE,ASUS SDRW-08D2S-U Lite optical disc drive DVD±RW Black
GP57ES40,LG,NEW,25.93,43,ON-SITE,Hitachi-LG Slim Portable DVD-Writer
711719580799,Sony,NEW,90.72,22,ON-SITE,SONY optical drive for PS5 Digital Edition console
GTC2N.CHLA10B,LG,NEW,20.35,3,ON-SITE,Internal DVD-RW recorder 12.7MM SLIM GTC2N BULK / HITACHI-LG
IED03,IBOX,NEW,13.22,1,ON-SITE,iBOX IED03 External DVD writer
RKS-02,Synology,NEW,126.26,3,ON-SITE,Synology RKS-02 rack accessory Rack rail kit
RKM114,Synology,NEW,37.37,2,ON-SITE,Synology RKM114 rack accessory Rack rail kit
DEVICE LICENSE (X 1),Synology,NEW,62.3,2,ON-SITE,Synology DEVICE LICENSE X 1 software license/upgrade
Synology DS725+,Synology,NEW,710,13,ON-SITE,Synology DiskStation DS725+ NAS/storage server Ryzen Embedded R1600 4 GB DDR4 0 TB Black
DS925+,Synology,NEW,942.45,10,ON-SITE,Synology DiskStation DS925+ NAS/storage server Ryzen Embedded V1500B 4 GB DDR4 0 TB Black
Synology DS1525+,Synology,NEW,1079.64,9,ON-SITE,Synology DiskStation DS1525+ NAS/storage server Ryzen Embedded V1500B 8 GB DDR4 0 TB Black
DS225+,Synology,NEW,379.83,7,ON-SITE,Synology DS225+ 2 Bay NAS Desktop Intel® Celeron® J4125 2 GB DDR4 Synology DSM Black - only Synology HDD
ts-233,QNAP,NEW,252.64,5,ON-SITE,QNAP TS-233 NAS/storage server Mini Tower Ethernet LAN White Cortex-A55
TS-216G,QNAP,NEW,327.81,4,ON-SITE,QNAP TS-216G NAS/storage server Tower Cortex-A Cortex-A55 4 GB 0 TB White
TS-133,QNAP,NEW,196.09,4,ON-SITE,QNAP TS-133 NAS/storage server Tower Cortex-A55 2 GB DDR4 0 TB QNAP Turbo System White
TS-464eU-8G,QNAP,NEW,932.75,2,ON-SITE,QNAP TS-464eU NAS Rack (1U) Intel® Celeron® N5095 8 GB DDR4 0 TB QNAP Turbo System Aluminium Black
TS-264-8G,QNAP,NEW,494.64,2,ON-SITE,QNAP TS-264 NAS Tower Intel® Celeron® N5095 8 GB 0 TB QNAP QTS Black Gold
TS-433eU,QNAP,NEW,667.82,2,ON-SITE,QNAP TS-433eU NAS Rack (1U) Cortex-A Cortex-A55 4 GB 0 TB QNAP Turbo System Black
RS1221+,Synology,NEW,1443.45,1,ON-SITE,Synology RackStation RS1221+ NAS/storage server Rack (2U) Ryzen Embedded V1500B 4 GB DDR4 0 TB DiskStation Manager Black
DS223j,Synology,NEW,204.05,1,ON-SITE,Synology DiskStation DS223J NAS/storage server Desktop Realtek RTD1619B 1 GB DDR4 DiskStation Manager White
Synology DS1825+,Synology,NEW,1561.25,1,ON-SITE,Synology DiskStation DS1825+ NAS/storage server Ryzen Embedded V1500B 8 GB DDR4 0 TB Black
TS-435XEU-4G,QNAP,NEW,821.97,1,ON-SITE,Qnap TS-435XeU-4G 1U 4 x 2.5 /3.5 SATA Marvell Octeon TX2 CN9130 / CN9131 quad-core 4GB DDR4 SODIMM (Max. 32GB) 2 x 10GbE SFP+ 2 x 2.5GbE Single PSU
TS-464-8G,QNAP,NEW,638.5,1,ON-SITE,QNAP TS-464 NAS Tower Intel® Celeron® N5095 8 GB DDR4 0 TB QNAP QTS Black
TS-253E-8G,QNAP,NEW,655.85,1,ON-SITE,QNAP TS-253E NAS Tower Intel® Celeron® J6412 8 GB 0 TB QNAP QTS Black
TS-433-4G,QNAP,NEW,449.36,1,ON-SITE,QNAP TS-433 NAS Tower ARM Cortex-A55 4 GB 0 TB QNAP QTS White
TS-464U-8G,QNAP,NEW,1207.6,1,ON-SITE,QNAP TS-464U NAS Rack (1U) Intel® Celeron® N5095 8 GB DDR4 0 TB QNAP Turbo System Aluminium Black
AD 6811,Adler,NEW,3.64,3,ON-SITE,Pressure Sprayer ADLER AD 6811 manual 1L White Orange
AD 6809,Adler,NEW,11.9,2,ON-SITE,Pressure Sprayer ADLER AD 6809 manual 8L White Orange
C6BB304STN071,STANLEY,NEW,90.01,98,ON-SITE,OIL-FREE COMPRESSOR 6L+PNEUMATIC KIT STANLEY
B2BL104STF564,STANLEY,NEW,103.31,60,ON-SITE,OIL-FREE COMPRESSOR STANLEY B2BL104STF564
FCCC404STN005,STANLEY,NEW,110.48,60,ON-SITE,Stanley Oil compressor 24 l 1500 W FCCC404STN005 24 l 8 bar set of 6 pieces
W54001,WUBER,NEW,79.01,20,ON-SITE,Oil-lubricated compressor 24 L W54001 WUBER
YT-73460,YATO,NEW,19.81,16,ON-SITE,Yato YT-73460 electric air pump 10 bar 40 l/min
ELM3720,MAKITA,NEW,119.39,129,ON-SITE,Electric mower MAKITA ELM3720
ELM3320,MAKITA,NEW,106.44,93,ON-SITE,Makita ELM3320 lawn mower Walk behind lawn mower Black Turquoise AC
ELM4121,MAKITA,NEW,221.21,31,ON-SITE,Electric mower MAKITA ELM4121
ELM4621,MAKITA,NEW,342.45,13,ON-SITE,electric mower MAKITA ELM4621
W33250,WUBER,NEW,40.16,9,ON-SITE,Electric impact wrench 800 Nm 1/2 for wheels in case W33250 WUBER
1.676-106.0,KARCHER,NEW,135.97,61,ON-SITE,Kärcher K 3 Power Control Home T 5 pressure washer Upright Electric 380 l/h 1600 W Black Yellow
1.673-574.0,KARCHER,NEW,75.04,48,ON-SITE,Kärcher K 2 Classic Car pressure washer Compact Electric 360 l/h Yellow
1.676-103.0,KARCHER,NEW,124.92,45,ON-SITE,Pressure washer Karcher K 3 Power Control Home
1.324-710.0,KARCHER,NEW,318.56,29,ON-SITE,KARCHER K 5 Power Control Flex Home eco!booster pressure washer - 1.324-710.0
1.324-750.0,KARCHER,NEW,208.28,23,ON-SITE,Kärcher K 4 Comfort Premium pressure washer Upright Electric 420 l/h Yellow
1.601-888.0,KARCHER,NEW,92.39,19,ON-SITE,Kärcher K 3 pressure washer Compact Electric 380 l/h Black Yellow
1.324-200.0,KARCHER,NEW,172.66,18,ON-SITE,Kärcher K 4 WCM pressure washer Upright Electric 420 l/h 1800 W Black Yellow
1.324-843.0,KARCHER,NEW,367.3,16,ON-SITE,Kärcher K 5 Comfort Premium Connect Home pressure washer Upright 500 l/h 2100 W Yellow
1.673-603.0,KARCHER,NEW,106.06,15,ON-SITE,Kärcher K 2 POWER CONTROL HOME pressure washer Upright Electric 360 l/h Black Yellow
1.317-503.0,KARCHER,NEW,430.35,13,ON-SITE,Kärcher K 7 Comfort Premium Home pressure washer Upright 600 l/h 3000 W Yellow
1.324-803.0,KARCHER,NEW,340.71,8,ON-SITE,Kärcher K 5 Comfort Premium Home pressure washer Upright Electric 500 l/h Yellow
1.324-753.0,KARCHER,NEW,247.07,7,ON-SITE,Kärcher K 4 Comfort Premium Home pressure washer Upright 420 l/h 1800 W Yellow
1.324-232.0,KARCHER,NEW,219.85,7,ON-SITE,Kärcher K 4 WCM Premium Home Modular pressure washer 420 l/h 1800 W (1.324-232.0) Black Yellow
1.520-831.0,KARCHER,NEW,521.68,4,ON-SITE,Kärcher HD 5/11 E EB+ Foam Classic professional pressure washer 500 l/h 2200 W (1.520-831.0) Anthracite
1.676-105.0,KARCHER,NEW,139.51,4,ON-SITE,KARCHER K 3 Power Control Car & Home pressure washer - 1.676-105.0
1.602-750.0,KARCHER,NEW,144.61,4,ON-SITE,KARCHER pressure washer K 3 Premium Power Control - 1.602-750.0
1.644-000.0,KARCHER,NEW,137.54,3,ON-SITE,Kärcher PCL 4 Terassenreiniger Floor polisher 800 RPM Black Yellow
1.673-004.0,KARCHER,NEW,63.55,1,ON-SITE,Kärcher K 2 Universal Edition Car pressure washer 360 l/h 1400 W (1.673-004.0) Black Yellow
W38635,WUBER,NEW,37.61,10,ON-SITE,Electric mixer 1400 W W38635 WUBER
D25134k-qs,DeWalt,NEW,148.08,25,ON-SITE,DeWALT D25134K-QS rotary hammer 800 W Keyless
FME1250K-QS,STANLEY,NEW,108.63,12,ON-SITE,Stanley FME1250K 1250 W 850 RPM
D25133K,DeWalt,NEW,111.78,125,ON-SITE,DeWALT D25133K rotary hammer SDS Plus 1500 RPM 800 W
D25144K,DeWalt,NEW,169.39,50,ON-SITE,DeWALT D25144K rotary hammer 900 W SDS Plus
D25333K,DeWalt,NEW,228.64,37,ON-SITE,DeWALT D25333K-QS rotary hammer SDS Plus 950 W
W28920,WUBER,NEW,42.95,1,ON-SITE,Rotary hammer with 4 J impact energy 2500 W W28920 WUBER
BEBLV300-QS,BLACK+DECKER,NEW,76.08,200,ON-SITE,Black & Decker BEBLV300-QS leaf blower
BEBLV260,BLACK+DECKER,NEW,57.42,52,ON-SITE,Black & Decker BEBLV260-QS leaf blower 2600 W 315 km/h
W43420,WUBER,NEW,26.57,48,ON-SITE,Electric leaf blower 3000 W with shredder 10:1 W43420 WUBER
W43422,WUBER,NEW,52.69,30,ON-SITE,Electric leaf blower 3000 W with shredder 15:1 W43422 WUBER
W43434,WUBER,NEW,89.41,29,ON-SITE,Petrol leaf blower W43434 WUBER
BEBLV301-QS,BLACK+DECKER,NEW,79.95,17,ON-SITE,Black & Decker BEBLV301-QS leaf blower 3000 W
SXVC30XTDE,STANLEY,NEW,91.61,158,ON-SITE,Vacuum cleaner STANLEY SXVC30XTDE Black Stainless steel Yellow 1600 W
AT-DXV20P,DeWalt,NEW,68.28,106,ON-SITE,20L DRY/WET HOOVER WITH TANK AT-DXV20P
AT-DXV23P-QT,DeWalt,NEW,94.3,7,ON-SITE,DRY/WET HOOVER 23L SUPER QUIET AT-DXV23P-QT
5906546520758,invest,NEW,57.86,4,ON-SITE,Industriestaubsauger 1200 W PROFUS III INVEST
D26414,DeWalt,NEW,75.95,4,ON-SITE,DeWALT D26414 650 l/min 600 °C 2000 W Black Yellow
PS7525-QS,BLACK+DECKER,NEW,68.17,81,ON-SITE,800W chain saw for branches PS7525-QS BDE
KS880EC-QS,BLACK+DECKER,NEW,37.87,17,ON-SITE,Black & Decker KS880EC-QS hand saw Bucksaw 23.9 cm Orange
GK1000-QS,BLACK+DECKER,NEW,66.02,3,ON-SITE,Black & Decker GK1000-QS power lopper
PB50METAL,VERTEX,NEW,45.46,142,ON-SITE,VERTEX PB50METAL Extension cable 50 m 3x2 5 mm 3000 W IP44 Black
PB25METAL,VERTEX,NEW,32.24,35,ON-SITE,Extension cable VERTEX PB25METAL 3x2 5 mm Black
RS890K-QS,BLACK+DECKER,NEW,58.42,38,ON-SITE,Black & Decker RS890K-QS reciprocating saw 2700 spm 500 W Black Orange
DWE397-QS,DeWalt,NEW,352.06,10,ON-SITE,DeWALT DWE397 alligator saw
W17530,WUBER,NEW,37.39,10,ON-SITE,Reciprocating saw 1700 W W17530 WUBER
DWE305PK,DeWalt,NEW,131.67,8,ON-SITE,DeWALT DWE305PK-QS reciprocating saw 2800 spm 1100 W Black Yellow
DCS391N-XJ,DeWalt,NEW,132.24,93,ON-SITE,Circular saw DeWalt DCS391N-XJ
YT-82159,YATO,NEW,64.93,81,ON-SITE,Stoneware cutter 125mm 1400W YT-82159 YATO
HS7611,MAKITA,NEW,108.4,25,ON-SITE,Makita HS7611 portable circular saw 19 cm 5500 RPM 1600 W
CS1250LA-QS,BLACK+DECKER,NEW,53.82,15,ON-SITE,Circular saw 1250W CS1250LA-QS BLACK+DECKER
DWS780-QS,DeWalt,NEW,746.32,13,ON-SITE,DeWALT DWS780 1675 W 3800 RPM
5133004335,RYOBI,NEW,223.13,32,ON-SITE,Ryobi RSH3045U garden shredder 3000 W 55 L
UD2500,MAKITA,NEW,253,27,ON-SITE,Makita UD2500 garden shredder 2500 W 67 L Blade
W94205,WUBER,NEW,84.99,22,ON-SITE,Electric blade branch shredder 2500 W 45 L W94205 WUBER
DGA511Z,MAKITA,NEW,121.43,200,ON-SITE,Makita DGA511Z angle grinder 12.5 cm 8500 RPM
GA4530R,MAKITA,NEW,50.87,56,ON-SITE,Makita GA4530R angle grinder 115 6.4 11000 RPM 720 W 1.8 kg
DWE4257KT-QS,DeWalt,NEW,190.12,32,ON-SITE,DeWALT DWE4257KT-QS angle grinder 12.5 cm 10000 RPM 2.6 kg
DWE4357-QS,DeWalt,NEW,184.58,14,ON-SITE,DeWALT DWE4357-QS portable sander Disc sander Black Yellow 10500 RPM 1700 W
W27477,WUBER,NEW,23.19,10,ON-SITE,Angle grinder 125 mm 850 W + 10 discs W27477 WUBER
DWE4157,DeWalt,NEW,62.54,4,ON-SITE,DeWALT DWE4157-QS angle grinder 12.5 cm 11800 RPM 900 W 2.05 kg
DWE4117,DeWalt,NEW,49.57,3,ON-SITE,DEWALT DWE4117 angle grinder 125 mm 950W 1 99 kg Yellow
DWE6423-QS,DeWalt,NEW,74.45,200,ON-SITE,DeWALT DWE6423-QS portable sander Orbital sander 12000 OPM Black Yellow 280 W
YT-82200,YATO,NEW,73.93,31,ON-SITE,Yato YT-82200 angle grinder 15 cm 5000 RPM 720 W 2.2 kg
YT-82206,YATO,NEW,109.05,1,ON-SITE,YATO YT-82206 - Eccentric sander 350W
YT-73921,YATO,NEW,37.13,10,ON-SITE,Yato YT-73921 welding mask/helmet Welding helmet with auto-darkening filter Black Red Silver
YT-82080,YATO,NEW,50.72,7,ON-SITE,Yato YT-82080 angle grinder 30000 RPM 750 W 1.8 kg
0200033000,Metabo,NEW,354.3,23,ON-SITE,Metabo DH 330 Black Green Silver 9800 RPM 1800 W
DW733-QS,DeWalt,NEW,547.23,13,ON-SITE,DeWALT DW733 benchtop/thickness planer 1800 W 10000 RPM
FME630K,STANLEY,NEW,85.3,2,ON-SITE,PLANER 750W FME630K STANLEY
FMEW204K-QS,STANLEY,NEW,71.21,32,ON-SITE,Stanley FMEW204K portable sander Belt sander 380 RPM Black Yellow
KA88-QS,BLACK+DECKER,NEW,53.26,18,ON-SITE,Black & Decker KA88 portable sander Belt sander Orange
DCS355N-XJ,DeWalt,NEW,92.9,15,ON-SITE,DeWALT DCS355N oscillating multi-tool Black Yellow 20000 OPM
YT-82601,YATO,NEW,147.9,20,ON-SITE,Yato YT-82601 electric vibrator
BEH710-QS,BLACK+DECKER,NEW,34.35,31,ON-SITE,Black & Decker BEH710-QS drill 2800 RPM Black Orange
KR1102K-QS,BLACK+DECKER,NEW,69.38,18,ON-SITE,1100W 13mm BLACK+DECKER hammer drill
DWE349-QS,DeWalt,NEW,70.96,22,ON-SITE,Electric jigsaw 650W DEWALT DWE349
2.643-254.0,KARCHER,NEW,21.99,10,ON-SITE,Short Lance Vario Power VP180S KARCHER 2.643-254.0
2.633-144.0,KARCHER,NEW,31.14,5,ON-SITE,Kärcher 2.633-144.0 mop accessory Mop handle Black
2.863-104.0,KARCHER,NEW,9.77,17,ON-SITE,Kärcher 2.863-104.0 steam cleaner accessory Descaler
2.269-130.0,KARCHER,NEW,7.9,9,ON-SITE,Mop pad set for KARCHER RVM 4 (2.269-130.0) Yellow White
2.863-385.0,KARCHER,NEW,14.45,6,ON-SITE,Kärcher 2.863-385.0 Roller mop Handheld vacuum
2.269-620.0,KARCHER,NEW,10.92,4,ON-SITE,Kärcher RCV 3 Mop pad Robot vacuum
DT2974-QZ,DeWalt,NEW,51.08,35,ON-SITE,DeWalt DT2974-QZ 17 alligator saw blade
DT2976-QZ,DeWalt,NEW,80.55,17,ON-SITE,DeWALT DT2976
DT2975-QZ,DeWalt,NEW,51.34,8,ON-SITE,DeWALT DT2975
2.644-086.0,KARCHER,NEW,40.48,69,ON-SITE,Surface cleaning brush Kärcher T-Racer T 2 (2.644-086.0)
2.633-005.0,KARCHER,NEW,6.49,57,ON-SITE,Squeegee for WV KARCHER window vac 280m
2.644-084.0,KARCHER,NEW,59.6,52,ON-SITE,Kärcher T 5 T-Racer Surface cleaner
2.638-817.0,KARCHER,NEW,35.66,18,ON-SITE,Kärcher 2.638-817.0 garden water spray gun nozzle Garden water spray lance Black
2.645-387.0,KARCHER,NEW,30.29,11,ON-SITE,KARCHER eco!Booster 130 multi jet lance - 2.645-387.0
2.644-123.0,KARCHER,NEW,28.63,7,ON-SITE,Kärcher PS 30 Power scrubber
2.643-234.0,KARCHER,NEW,19.31,2,ON-SITE,Kärcher 2.643-234.0 scrub brush Black Yellow
2.644-074.0,KARCHER,NEW,81.06,2,ON-SITE,Kärcher T 7 Plus T-Racer Surface cleaner
YT-24244,YATO,NEW,46.08,6,ON-SITE,Yato YT-24244 pneumatic hose 20 m 20 bar Black Red
6.295-840.0,KARCHER,NEW,6.1,200,ON-SITE,Kärcher RM 503 500 ml Spray bottle
RM 555 (6.295-357.0),KARCHER,NEW,8.98,52,ON-SITE,Kärcher RM 555 Equipment cleansing liquid 5000 ml
6.295-361.0,KARCHER,NEW,11.82,31,ON-SITE,Kärcher Wood cleaner 5000 ml
6.295-753.0,KARCHER,NEW,4.83,25,ON-SITE,Kärcher 6.295-753.0 all-purpose cleaner 1000 ml
6.295-757.0,KARCHER,NEW,5.67,21,ON-SITE,Kärcher 6.295-757.0 all-purpose cleaner 1000 ml
6.295-359,KARCHER,NEW,12.97,9,ON-SITE,Stone and facade cleaners Kärcher 6.295-359 5000 ml
FR00242_1000,FRISCHER,NEW,4.75,2,ON-SITE,Frischer façade cleaner 1l
6.295-765.0,KARCHER,NEW,4.99,2,ON-SITE,Kärcher RM 611 6.295-765.0 all-purpose cleaner 1000 ml
DWST83346-1,DeWalt,NEW,25.72,200,ON-SITE,DeWALT DWST83346-1 tool storage case Black Yellow Aluminium
251493,KETER,NEW,45.89,120,ON-SITE,TOOLBOX ON WHEELS Stack N Roll KETER
259671,KETER,NEW,63.56,109,ON-SITE,Toolbox XL 3 drawers KETER
238273,KETER,NEW,86.39,91,ON-SITE,Connect Rolling System KETER toolbox set
253380,KETER,NEW,31.2,70,ON-SITE,Toolbox KETER Stack'N'Roll (17210831/253380) with 3 organizers Black
256983,KETER,NEW,17.76,50,ON-SITE,TOOL ORGANISER SMALL ROC PRO GEAR 2.0 KETER
DWST83402-1,DeWalt,NEW,185.65,48,ON-SITE,DeWALT ?DWST83402-1 Black Yellow
238270,KETER,NEW,55,47,ON-SITE,Toolbox KETER CANTILEVER Job Box (17203037/238270) on wheels Black
DWST1-70706,DeWalt,NEW,41.86,40,ON-SITE,DeWALT DWST1-70706 small parts/tool box Small parts box Plastic Black Yellow
237006,KETER,NEW,18.64,39,ON-SITE,18 CANTILEVER Keter toolbox
271384,KETER,NEW,64.77,32,ON-SITE,ROC Pro Gear 2.0 XL Drawer Box 271384 KETER
250927,KETER,NEW,81.25,27,ON-SITE,Set of 3 Stack N Roll boxes KETER
256982,KETER,NEW,130.56,23,ON-SITE,SET OF 3 TOOLBOXES ROC PRO GEAR 2 0 KETER
FMST1-73607,STANLEY,NEW,41.57,20,ON-SITE,Stanley FATMAX Multi Access tool bag
256981,KETER,NEW,80.9,17,ON-SITE,ROC PRO GEAR 2.0 TOOLBOX ON WHEELS
1-95-611,STANLEY,NEW,37.73,16,ON-SITE,Stanley 1-95-611 backpack Black Nylon
253384,KETER,NEW,32.3,14,ON-SITE,Toolbox KETER Stack'N'Roll (17210832/253384) 2 drawers Black
256980,KETER,NEW,45.5,11,ON-SITE,TOOLBOX XL ROC PRO GEAR 2.0 KETER
YT-09107,YATO,NEW,33.15,11,ON-SITE,Yato YT-09107 small parts/tool box Metal Black Red
DWST83344-1,DeWalt,NEW,39.17,9,ON-SITE,DeWALT DWST83344-1 tool storage case Black Yellow
1-95-617,STANLEY,NEW,39.75,3,ON-SITE,Stanley FATMAX Metal Plastic Toolbox
251492,KETER,NEW,22.23,3,ON-SITE,Toolbox Stack n Roll Keter toolbox
237785,KETER,NEW,28.35,2,ON-SITE,Tool organiser 22 cantilever Keter
271269,KETER,NEW,77.48,8,ON-SITE,Keter 271269 Portable workbench
O5035048822012,No name,NEW,26.56,1,ON-SITE,DEWALT TARCZA TNĄCA 24z DO KOSY 54V
BD-DT70729,DeWalt,NEW,30.98,1,ON-SITE,23pc Black&Gold Drill Bit Set
W33220,WUBER,NEW,43.1,10,ON-SITE,Pneumatic impact wrench 1560 Nm W33220 WUBER
W02001,WUBER,NEW,12.05,10,ON-SITE,Pneumatic plastering gun 5 L WUBER
YT-09739,YATO,NEW,25.75,16,ON-SITE,Eccentric sander 150 mm Yato
000705,Krause,NEW,51.54,98,ON-SITE,CORDA DOMESTIC ALUMINUM LADDER 4 STEPS 000705 KRAUSE
120403,Krause,NEW,64.3,69,ON-SITE,Krause Dopplo double-sided step ladder silver
805027,Krause,NEW,151.57,40,ON-SITE,Krause Stabilo Working platform silver
126313,Krause,NEW,50.38,32,ON-SITE,Krause Safety Folding ladder silver
130860,Krause,NEW,57.51,25,ON-SITE,Krause Folding Step Toppy XL silver
126221,Krause,NEW,53.84,24,ON-SITE,Freestanding ladder SOLIDY 4 steps KRAUSE
126535,Krause,NEW,91.42,22,ON-SITE,Krause Secury Aluminum ladder
729,Krause,NEW,58.78,20,ON-SITE,Krause Corda 5 step aluminium ladder
130020,Krause,NEW,37.97,15,ON-SITE,Krause Folding Step Treppy silver
126030,Krause,NEW,104.51,12,ON-SITE,Krause Folding Staircase Monto Treppo
126320,Krause,NEW,59.59,8,ON-SITE,Freestanding ladder SAFETY 4 steps KRAUSE
126528,Krause,NEW,70.46,8,ON-SITE,Krause Secury Folding ladder silver
YT-17005,YATO,NEW,22.57,19,ON-SITE,Vehicle jack Yato YT-17005
YT-17007,YATO,NEW,30.39,12,ON-SITE,HYDRAULIC POLE LIFT 20T YT-17007 YATO
W22001,WUBER,NEW,38.27,10,ON-SITE,Low-profile car jack 80–360 mm 2.5 t W22001 WUBER
W22023,WUBER,NEW,19.59,10,ON-SITE,2 t trapezoidal car jack 120–415 mm W22023 WUBER
W22002,WUBER,NEW,44.97,8,ON-SITE,Low-profile car jack 80–375 mm 2.5 t W22002 WUBER
W22022,WUBER,NEW,78.8,2,ON-SITE,Low-profile car jack 85–430 mm 3 t W22022 WUBER
YT-6505,YATO,NEW,53.38,6,ON-SITE,Yato YT-6505 bench vices Engineer's vice 10 cm
YT-6506,YATO,NEW,88.63,2,ON-SITE,Yato YT-6506 bench vices Engineer's vice 12.5 cm
YT-38841,YATO,NEW,73.92,200,ON-SITE,YATO YT-38841 1/4 3/8 1/2 Socket wrench set
YT-38872,YATO,NEW,79.48,14,ON-SITE,Yato YT-38872 mechanics tool set 128 tools
W33001,WUBER,NEW,38.68,10,ON-SITE,Set of long impact sockets 35 pieces 1/2 hexagonal WUBER
W46001,WUBER,NEW,25.35,10,ON-SITE,Torque wrench 1/4 1–25 Nm WUBER
YT-36091,YATO,NEW,32.5,11,ON-SITE,Yato YT-36091 riveter Rivet kit
YT-2231,YATO,NEW,6.15,45,ON-SITE,Yato YT-2231 manual pipe cutter Pipecutter
YT-3708,YATO,NEW,71.24,9,ON-SITE,Yato YT-3708 manual tile cutter
BHR4779GL,Xiaomi,NEW,14.39,45,ON-SITE,Xiaomi Mi Ratchet Screwdriver 16in1
YT-05897,YATO,NEW,17.26,20,ON-SITE,Yato YT-05897 screw/bolt extractor 16 pc(s)
YT-28000,YATO,NEW,20.3,5,ON-SITE,Yato YT-28000 manual screwdriver
262828,KETER,NEW,31.47,52,ON-SITE,KETER Pro Gear 262828 Transport Trolley
DWST1-71196,DeWalt,NEW,99.62,7,ON-SITE,DeWALT DWST1-71196 hand truck Metal Plastic Flatbed trolley
1.766-365.0,KARCHER,NEW,128.92,39,ON-SITE,Kärcher S 4 Twin 2-in-1 sweeper Black Yellow
YT-38901,YATO,NEW,85.13,18,ON-SITE,Yato YT-38901 Tool set XXL 1/4-1/2 122 items
YT-38941,YATO,NEW,103.18,11,ON-SITE,Mechanics tool set Yato YT-38941
NI004,ALANTEC,NEW,3.65,12,ON-SITE,Alantec NI004 punch down tool
NI040,ALANTEC,NEW,11.91,8,ON-SITE,Alantec NI040 cable crimper Crimping tool
NI024,ALANTEC,NEW,9.84,4,ON-SITE,Alantec NI024 cable crimper Crimping tool Black Blue
NI041,ALANTEC,NEW,16.2,1,ON-SITE,Alantec-Zaciskarka 8P/6P/4P do wtyków przelotowych
NI007,ALANTEC,NEW,6.47,10,ON-SITE,Alantec NI007 network cable tester PoE tester Blue Grey
Peninsula Trojan Horse,Skatinger,NEW,159.45,14,ON-SITE,SKATINGER Peninsula Trojan Horse 335x84x15 Touring SUP Board
Prana light bule,Skatinger,NEW,161.8,7,ON-SITE,Skatinger Deska SUP Prana light bule 350 x 89 x 15 cm Yoga
ASIATICUS,Skatinger,NEW,163.26,6,ON-SITE,Deska SUP SKATINGER Asiaticus 350x89x15 cm Yoga
Octupus,Skatinger,NEW,153.61,3,ON-SITE,Deska SUP SKATINGER Octopus 335x86x15 cm Allround
Grey sports,Skatinger,NEW,161.8,2,ON-SITE,SKATINGER Grey Sports 350x89x15 Yoga SUP Board
AD 1184,Adler,NEW,35.44,4,ON-SITE,Adler AD 1184 radio Portable Digital Black Wood
AD 1192b,Adler,NEW,23.41,4,ON-SITE,ADLER AD 1192b radio alarm clock black
AD 1914e,Adler,NEW,56.76,6,ON-SITE,ADLER AD 1914e turntable
CR 1140r,Adler,NEW,12.68,68,ON-SITE,Portable Radio Camry CR 1140R Red
CR 1140b,Adler,NEW,12.73,19,ON-SITE,Camry CR 1140b radio Portable Analog Grey
CR 1918,Adler,NEW,36.03,17,ON-SITE,Camry CR 1918 Internet Radio 2.4” Black
AD 1907,Adler,NEW,16.63,7,ON-SITE,Radio Adler AD 1907
CR 1905,Adler,NEW,16.92,5,ON-SITE,Mini Radio Camry CR 1905
AD 1171,Adler,NEW,23.07,4,ON-SITE,Radio Adler AD 1171
DWST1-81078-QW,DeWalt,NEW,217.07,3,ON-SITE,DeWALT DWST1-81078-QW radio Portable Digital Black Yellow
CR 1182,Adler,NEW,82.19,3,ON-SITE,Radio Camry CR 1182
CR 1183,Adler,NEW,31.57,3,ON-SITE,Radio Camry CR 1183 Bluetooth
AD 1185,Adler,NEW,21.26,2,ON-SITE,Adler AD 1185 radio Portable White
CR 1188,Adler,NEW,55.46,2,ON-SITE,Retro Radio Camry CR 1188
AD 1187,Adler,NEW,51.65,1,ON-SITE,Retro Radio Adler AD 1187
AD 1181bc,Adler,NEW,30.61,1,ON-SITE,ADLER AD 1181bc - CD/MP3 player (boombox)
CR 1153,CAMRY,NEW,12.34,1,ON-SITE,Camry CR1153 radio Portable Digital Black White
CR 1173,Adler,NEW,51.68,4,ON-SITE,CAMRY CR 1173 mini hi-fi system
R-PIXEL-BK100-G-1,DEEPCOOL,NEW,2.04,26,ON-SITE,DeepCool PIXEL Universal Other
R-PIXEL-WH100-G-1,DEEPCOOL,NEW,2.04,24,ON-SITE,DeepCool PIXEL Universal Other
NA-SRC7,noctua,NEW,6.31,20,ON-SITE,Noctua NA-SRC7 computer cooling system part/accessory
R-PIXEL-TV100-G-1,DEEPCOOL,NEW,2.04,12,ON-SITE,DeepCool PIXEL Universal Other
NA-SYC1.WHITE,noctua,NEW,6.46,9,ON-SITE,Noctua NA-SYC1 4-PIN PWM hardware cooling accessory White
NA-SYC1,noctua,NEW,8.26,7,ON-SITE,NOCTUA NA-SYC1 Y splitter 2 pc. for 4-Pin PWM
R-PIXEL-BU100-G-1,DEEPCOOL,NEW,2.04,5,ON-SITE,DeepCool PIXEL Universal Other
R-PIXEL-PK100-G-1,DEEPCOOL,NEW,2.04,3,ON-SITE,DeepCool PIXEL Universal Other
R-PIXEL-YE100-G-1,DEEPCOOL,NEW,2.04,3,ON-SITE,DeepCool PIXEL Universal Other
NA-SFMA1,noctua,NEW,8.7,2,ON-SITE,Noctua NA-SFMA1 computer cooling component Universal Mounting kit Black 2 pc(s)
NA-HC8.WHITE,noctua,NEW,15.52,2,ON-SITE,Noctua NA-HC8 chromax white
NA-HC8.BLACK,noctua,NEW,16.61,2,ON-SITE,Noctua NA-HC8 chromax.black
R-PIXEL-PO100-G-1,DEEPCOOL,NEW,2.04,1,ON-SITE,DeepCool PIXEL Universal Other
90DC00H0-B19010,ASUS,NEW,72.84,189,ON-SITE,ASUS A21 PLUS ARGB black case
90DC0090-B19020,ASUS,NEW,152.09,189,ON-SITE,ASUS TUF GAMING GT502 Horizon TG ARGB Black Midi Tower
90DC00R0-B19000,ASUS,NEW,89.33,178,ON-SITE,ASUS A31 Plus TG ARGB BLACK Midi Tower
DP-MATX-MATREXX30,DEEPCOOL,NEW,28.74,173,ON-SITE,DeepCool Matrexx 30 Mini Tower Black
R-CC560-BKTAA4-G-2,DEEPCOOL,NEW,54.59,168,ON-SITE,DeepCool CC560 ARGB V2 Midi Tower Black
306-7G03M49-809,MSI,NEW,43.75,124,ON-SITE,MSI MAG FORGE 100M Mid Tower Gaming Computer Case 'Black 2x 120mm ARGB PWM Fan 1x 120mm Fan 1-6 ARGB Hub Mystic Light Sync Tempered Glass Panel ATX mATX mini-ITX'
90DC00J0-B09020,ASUS,NEW,221.51,121,ON-SITE,ASUS ProArt PA602 Wood Edition – Metal Panel Midi Tower Black
PH-XT523V1_DBK01,Phanteks,NEW,74.21,108,ON-SITE,Phanteks XT VIEW Mid Tower Black
90DC00S0-B19000,ASUS,NEW,90.82,102,ON-SITE,ASUS A32 PLUS Black
306-7G26R21-HH9,MSI,NEW,124.3,98,ON-SITE,MSI MAG PANO 100R PZ enclosure
90DC00V0-B39010,ASUS,NEW,81.02,97,ON-SITE,ASUS PRIME AP303 TG Black Midi Tower
90DC00V0-B39000,ASUS,NEW,78.99,96,ON-SITE,ASUS Prime AP303 Mesh Midi Tower Black
90DC0110-B19000,ASUS,NEW,132.41,86,ON-SITE,ASUS PRIME AP304 TG ARGB BLACK
R-CC360-BKAPM3-G-1,DEEPCOOL,NEW,44.43,79,ON-SITE,DeepCool CC360 ARGB Mini Tower Black
EY2A002,ENDORFY,NEW,47.37,78,ON-SITE,COVERAGE ENDORFY VENTUM 200 AIR
R-CG530U-BKAGA4-G,DEEPCOOL,NEW,77.51,74,ON-SITE,DeepCool CG530U 4F Tower Black
90DC00V3-B39000,ASUS,NEW,80.65,65,ON-SITE,ASUS PRIME AP303 Mesh Midi Tower White
90DC00M0-B39050,ASUS,NEW,97.97,64,ON-SITE,ASUS ProArt PA401 - Mesh Panel Black
90DC00M0-B39020,ASUS,NEW,89.14,64,ON-SITE,Asus ProArt PA401 ABS TG PWM BLACK enclosure
90DC00M0-B39000,ASUS,NEW,112.37,63,ON-SITE,ASUS ProArt PA401 Wood TG PWM (Black) Tower
90DC00M0-B39030,ASUS,NEW,97.43,63,ON-SITE,Asus ProArt PA401 MTL PWM BLACK enclosure
90DC00M0-B39040,ASUS,NEW,102.68,63,ON-SITE,ASUS ProArt PA401 Wood Edition Mesh Panel Black
EY2A003,ENDORFY,NEW,39.02,63,ON-SITE,COVERAGE ENDORFY SIGNUM 300 CORE
306-7G23R22-HH9,MSI,NEW,73.16,62,ON-SITE,MSI MAG FORGE 321R AIRFLOW enclosure
90DC00J0-B09010,ASUS,NEW,212.47,59,ON-SITE,ASUS ProArt PA602 Wood Edition Midi Tower Black
90DC00M7-B39010,ASUS,NEW,110.93,57,ON-SITE,Asus PROART PA401 WOOD TG PWM BEIGE housing
90DC00J8-B09010,ASUS,NEW,244.42,54,ON-SITE,ASUS ProArt PA602 Wood Edition Retro Brown - Metal Panel Midi Tower
90DC0113-B19000,ASUS,NEW,132.33,54,ON-SITE,ASUS PRIME AP304 TG ARGB WHITE
90DC00J0-B09040,ASUS,NEW,230.61,50,ON-SITE,ASUS ProArt PA602 Wood Edition Modern Black - Metal Panel Midi Tower Black Wood
90DC00J8-B09000,ASUS,NEW,244.42,46,ON-SITE,ASUS ProArt PA602 Wood Edition Retro Brown - Tempered Glass Panel Midi Tower
90DC00J0-B09030,ASUS,NEW,230.61,46,ON-SITE,ASUS ProArt PA602 Wood Edition Modern Black - Tempered Glass Panel Midi Tower Black Wood
90DC00G0-B39000,ASUS,NEW,72.32,45,ON-SITE,ASUS PRIME AP201 MicroATX Mini Tower Black
R-CH370-BKNAM1-G-1,DEEPCOOL,NEW,46.7,45,ON-SITE,DeepCool CH370 Mini Tower Black
R-CG530-BKNDA0-G-1,DEEPCOOL,NEW,40.76,43,ON-SITE,DeepCool CG530 black case
EY2A006,ENDORFY,NEW,57.91,42,ON-SITE,COVERAGE ENDORFY SIGNUM 300 ARGB
EY2A005,ENDORFY,NEW,47.63,41,ON-SITE,COVERAGE ENDORFY SIGNUM 300 AIR
R-CH560-BKAPE4D-G-1,DEEPCOOL,NEW,83.37,34,ON-SITE,DeepCool CH560 DIGITAL Midi Tower Black
306-7G24R21-809,MSI,NEW,89.98,32,ON-SITE,MSI MAG PANO M100R PZ Micro Tower Black
90DC00M7-B39000,ASUS,NEW,110.94,32,ON-SITE,ASUS Proart PA401 Wood Mesh PWM Beige Tower
PH-XT523P1_DBK01,Phanteks,NEW,79.61,32,ON-SITE,Phanteks XT Pro Ultra Midi Tower Black
PH-XT523PSC_BK01,Phanteks,NEW,79.2,32,ON-SITE,Phanteks XT Silent Midi Tower Black
90DC00G0-B39010,ASUS,NEW,75.37,30,ON-SITE,ASUS AP201 PRIME CASE TG Mini Tower Black
90DC00W0-B39000,ASUS,NEW,298.26,28,ON-SITE,ASUS ROG Strix Helios II GX601S Midi Tower Black
BGW71,BE QUIET!,NEW,192.72,26,ON-SITE,be quiet! LIGHT BASE 900 FX Black Full Tower
KRX0132,KRUX,NEW,36.66,26,ON-SITE,KRUX VAKO enclosure (KRX0132) Black
KRXD002,KRUX,NEW,27.36,22,ON-SITE,KRUX SCOR
90DC0093-B19010,ASUS,NEW,152.71,20,ON-SITE,ASUS TUF GAMING GT502 Horizon TG ARGB White Midi Tower
GA-01B-M-OP,Chieftec,NEW,69.22,20,ON-SITE,CHIEFTEC APEX AIR GA-01B-M-OP Case
AEROPGSCS-107-A-V2,Aerocool,NEW,30.28,18,ON-SITE,Aerocool CS107V2 computer case Mini Tower Black
AS-02B-OP,Chieftec,NEW,43.99,17,ON-SITE,Chieftec AS-02B-OP computer case Midi Tower Black
EY2A011,ENDORFY,NEW,90.55,17,ON-SITE,ENDORFY Arx 500 ARGB enclosure (EY2A011)
306-7G24W21-809,MSI,NEW,99.46,16,ON-SITE,MSI MAG PANO M100R PZ Micro Tower White
O11DMIV2FX,LIAN LI,NEW,101.48,15,ON-SITE,Lian Li O11 Dynamic Mini V2 Flow case black
EY2A014,ENDORFY,NEW,53.22,15,ON-SITE,ENDORFY Ventum 200 ARGB enclosure
R-CH260-WHNWM0-G-1,DEEPCOOL,NEW,61.96,14,ON-SITE,DeepCool CH260 WOOD case white
STARKERAIRBTFMTA-BKCWW,XPG,NEW,79.59,14,ON-SITE,XPG STARKER AIR BTF enclosure black
75261501,XPG,NEW,99.35,14,ON-SITE,XPG INVADER X BTF MID-TOWER-CASE Black
90DC00S3-B19000,ASUS,NEW,90.82,13,ON-SITE,Asus A32 PLUS TG ARGB WHITE case
90DC00F0-B39020,ASUS,NEW,387.08,13,ON-SITE,ASUS ROG Hyperion GR701 BTF Edition Tower Black Transparent
KRXD005,KRUX,NEW,40.07,12,ON-SITE,KRUX VAKO enclosure(KRXD005)
75261537,XPG,NEW,53.56,12,ON-SITE,XPG VALOR AIR PLUS MID-TOWER-Case Black
KRXD004,KRUX,NEW,63.61,10,ON-SITE,KRUX EXO (KRXD004) Housing Black
BS-10B-300,Chieftec,NEW,82.01,10,ON-SITE,Chieftec BS-10B-300 computer case Mini Tower Black 300 W
90DC00M0-B39010,ASUS,NEW,102.68,10,ON-SITE,ASUS ProArt PA401 Wood Edition enclosure
TACMARS-MCVORTEX,TACENS,NEW,33.24,10,ON-SITE,TACENS MARS MC-VORTEX 3x120mm FRGB mATX - case
90DC00W3-B39000,ASUS,NEW,298.25,9,ON-SITE,ASUS ROG Strix Helios II Midi Tower White
AEROPGSCS-109G-WT-V1,Aerocool,NEW,32.71,8,ON-SITE,Housing Aerocool PGS CS-109-G-WT-v1 FRGB White
EY2A012,ENDORFY,NEW,91.12,8,ON-SITE,Housing ENDORFY Arx 700 Air
AEROPGSDELTA-A-BK-V1,Aerocool,NEW,33.31,8,ON-SITE,Aerocool DELTABKV1 ATX PC Case RGB Front Full Side Window 12cm Fan Black
STARKERAIRBTFMTA-WHCWW,XPG,NEW,76.17,8,ON-SITE,XPG STARKER AIR BTF enclosure white
TACMARS-MCCUBE,TACENS,NEW,32.4,8,ON-SITE,Mars Gaming MC-CUBE computer case Mini Tower Black
GA-01B-Q-OP,Chieftec,NEW,77.29,7,ON-SITE,Chieftec Midi APEX Series GA-01B-Q-OP Midi Tower
GM-30W-TG-OP,Chieftec,NEW,90.62,7,ON-SITE,Chieftec GM-30W-TG-OP computer case Cube White
90DC00T0-B09030,ASUS,NEW,496.55,6,ON-SITE,ASUS ROG CRONOX GR801 CURVE TG ARGB BLACK Midi Tower
TACMARS-MC3TLITE,TACENS,NEW,42.17,6,ON-SITE,Mars Gaming MC-3TLITE Mini Tower Black
90DC00K3-B19010,ASUS,NEW,85.21,6,ON-SITE,ASUS A23 PLUS ARGB WHITE Computer Case White
CI-02B-OP,Chieftec,NEW,46.89,6,ON-SITE,Chieftec CI-02B-OP computer case Cube Black
GX-30B-OP,Chieftec,NEW,91.84,6,ON-SITE,Chieftec GX-30B-OP computer case Midi Tower Black
GA-01B-L-OP,Chieftec,NEW,84.39,6,ON-SITE,Chieftec PC- Gehäuse GA-01B-L-OP APEX LUMO Midi Tower Black
CC-9011336-WW,Corsair,NEW,81.58,6,ON-SITE,Corsair 3200D RS Mid-Tower Smoked Case
75261502,XPG,NEW,100.18,6,ON-SITE,XPG INVADER X BTF MID-TOWER-CASE White
KRXD017,KRUX,NEW,69.93,6,ON-SITE,Krux Atron (KRXD017) Case
OCT906,IBOX,NEW,37.08,5,ON-SITE,iBox CETUS 906 Midi Tower Black
OCT908,IBOX,NEW,41.4,5,ON-SITE,iBox CETUS 908 Midi Tower Black
OPV4,IBOX,NEW,46.9,5,ON-SITE,iBox PASSION V4 Mini Tower Black
TACMARS-MCVECTOR,TACENS,NEW,39.66,5,ON-SITE,Mars Gaming MCVECTOR computer case Mini Tower Black
GS-03B-OP,Chieftec,NEW,69.34,5,ON-SITE,Chieftec GS-03B-OP computer case Midi Tower Black
GM-30B-TG-OP,Chieftec,NEW,85.83,5,ON-SITE,Chieftec Visio GM-30B-TG-OP schwarz Tempered Glass x 2 Cube Black
A3- mATX-MD Black,LIAN LI,NEW,81.1,5,ON-SITE,Lian Li DAN A3 Wood Edition case
GS-03B-BLK-OP,Chieftec,NEW,62.17,5,ON-SITE,Chieftec Midi Tower GS-03B-BLK-OP Schwarz Black
SEALITE-BLACK,RAMPAGE,NEW,79.77,5,ON-SITE,RAMPAGE PC CASE WITH TEMPERED GLASS Black
EY2A010,ENDORFY,NEW,85.74,5,ON-SITE,ENDORFY Arx 500 Air enclosure (EY2A010)
R-CH780-BKADE41-G-1,DEEPCOOL,NEW,126.47,5,ON-SITE,DeepCool CH780 - Computer case
AEROPGSZAURON-FRGB-G,Aerocool,NEW,29.27,5,ON-SITE,Aerocool PGS Zauron FRGB-G-BK-V1 Black case
AEROPGSRAIDER-M-G-V3,Aerocool,NEW,34.31,4,ON-SITE,AEROCOOL PGS RAIDER MINI-G-BK-v3 CASE
AEROPGSMECHA-G-BK-V1,Aerocool,NEW,39.44,4,ON-SITE,Computer case Aerocool Mecha Midi Tower Black
BX-10B-OP,Chieftec,NEW,48.22,4,ON-SITE,Chieftec BX-10B-OP computer case Tower Black
BX-10B-M-OP,Chieftec,NEW,52.77,4,ON-SITE,Chieftec BX-10B-M-OP computer case Mini Tower Black
TACMARS-MCAIR,TACENS,NEW,38.95,4,ON-SITE,TACENS MARS MC-AIR 4x120mm FRGB ATX - case
90DC00K0-B19010,ASUS,NEW,84.6,4,ON-SITE,ASUS A23 PLUS ARGB case black
306-7G03R42-809,MSI,NEW,59.74,4,ON-SITE,MSI MAG FORGE 100M Mid Tower Gaming Computer Case
CW-01B-OP,Chieftec,NEW,91.73,4,ON-SITE,Chieftec CW-01B-OP computer case Tower Black
GM-30B-M-OP,Chieftec,NEW,68.66,4,ON-SITE,Chieftec mATX Gehäuse GM-30B-M-OP black Cube
BW-01B-OP,Chieftec,NEW,76.99,4,ON-SITE,Chieftec BW-01B-OP computer case Midi Tower Black
CI-01B-OP,Chieftec,NEW,47.33,4,ON-SITE,Chieftec CI-01B-OP computer case Cube Black
GT-01B-OP,Chieftec,NEW,59.74,4,ON-SITE,Chieftec GT-01B-OP computer case Midi Tower Black
TACMARS-MCXPRO,TACENS,NEW,52.66,4,ON-SITE,Mars Gaming MC-XPRO Mini Tower Black
TACMARS-MCINFINIOLITE,TACENS,NEW,62.06,4,ON-SITE,Mars Gaming MC-INFINIOLITE Midi Tower Black
OCZH68,IBOX,NEW,67.16,4,ON-SITE,ENCLOSURE I-BOX CHIRON ZH68 GAMING
OAN39,IBOX,NEW,32.57,3,ON-SITE,I-BOX ANTILA 39 Midi Tower ATX Case
TACMARS-MCXO,TACENS,NEW,41.95,3,ON-SITE,TACENS MARS MC-XO 1x120mm FRGB ATX - case
TACMARS-MCVIEW3,TACENS,NEW,41.29,3,ON-SITE,Mars Gaming MCVIEW3 computer case Mini Tower Black
AS-01B-OP,Chieftec,NEW,40.93,3,ON-SITE,Chieftec AS-01B-OP computer case Full Tower Black
BE-10B-300,Chieftec,NEW,64.59,3,ON-SITE,Chieftec BE-10B-300 computer case Small Form Factor (SFF) Black 300 W
GA-01B-TG-OP,Chieftec,NEW,83.07,3,ON-SITE,CHIEFTEC APEX GA-01B-TG-OP Case
AEROPGSPRIME-G-BK-V1,Aerocool,NEW,39.05,3,ON-SITE,Aerocool Prime Midi Tower Black
EY2A021,ENDORFY,NEW,135.15,3,ON-SITE,ENDORFY Aquarius 8000 Corona case
EY2A020,ENDORFY,NEW,57.95,3,ON-SITE,ENDORFY Signum M30 PC case
EY2A013,ENDORFY,NEW,93.07,3,ON-SITE,Housing ENDORFY Arx 700 ARGB
306-7G28W21-JA4,MSI,NEW,76.56,3,ON-SITE,MSI MAG PANO 110R PZ WHITE computer case Midi Tower
AEROPGSTALON-A-BK-V1,Aerocool,NEW,30.27,2,ON-SITE,AEROCOOL CASE PGS TALON-A-BK-V1 RGB
AEROPGS-SKYLINE-ABGV,Aerocool,NEW,44.35,2,ON-SITE,Aerocool PGS Skyline-A-BK-v1 Case ARGB
SEALITE-WHITE,RAMPAGE,NEW,79.64,2,ON-SITE,RAMPAGE PC CASE WITH TEMPERED GLASS white
SHIVA,RAMPAGE,NEW,43.06,2,ON-SITE,RAMPAGE PC CASE WITH WINDOW SHIVA Black
TACMARS-MCMIRAGE,TACENS,NEW,90.38,2,ON-SITE,Mars Gaming MCMIRAGE computer case Midi Tower Black
306-7G18P25-809,MSI,NEW,88.59,2,ON-SITE,MSI MPG VELOX 100P AIRFLOW Mid Tower Gaming Computer Case 'Black 3x 120mm Fan + 1x 120mm ARGB Fan ARGB light strip USB Type-C 1x Tempered Glass Center E-ATX ATX mATX mini-ITX'
TACMARS-MCSE2,TACENS,NEW,28.44,2,ON-SITE,Mars Gaming MC-SE2 Mini Tower Black
OCT903,IBOX,NEW,37.97,2,ON-SITE,iBox CETUS 903 Midi Tower Black
KRXD007,KRUX,NEW,43.28,2,ON-SITE,KRUX NADIR HOUSING
KRXD018,KRUX,NEW,69.93,1,ON-SITE,Krux Atron White Case (KRXD018)
OLU27,IBOX,NEW,40.53,1,ON-SITE,I-BOX LUPUS 27 Midi Tower ATX Case
ORX14,IBOX,NEW,37.77,1,ON-SITE,iBox ORCUS X14 Midi Tower Black
TACMARS-MCPRISMA,TACENS,NEW,72.62,1,ON-SITE,Mars Gaming MCPRISMA computer case Midi Tower Black
TACMARS-3TCORELCDM,TACENS,NEW,91.35,1,ON-SITE,Mars Gaming MC3TCORELCDM computer case Mini Tower Black
TACMARS-MCQUANTUM,TACENS,NEW,49.54,1,ON-SITE,Mars Gaming MCQUANTUM computer case Midi Tower Black
AS-02B-TG-OP,Chieftec,NEW,41.44,1,ON-SITE,Chieftec AS-02B-TG-OP computer case Midi Tower Black
BGW50,BE QUIET!,NEW,278.66,1,ON-SITE,be quiet! DARK BASE PRO 901 | Black Full Tower
90DC00H3-B19010,ASUS,NEW,84.66,1,ON-SITE,ASUS A21 PLUS ARGB white case
TACMARS-MCNEBULA,TACENS,NEW,46.1,1,ON-SITE,TACENS MARS MC-NEBULA 4x120mm ARGB ATX - case
TACMARS-MCPMAX,TACENS,NEW,43.8,1,ON-SITE,TACENS MARS MC-PMAX 4x120mm FDB ATX - case
TAC-2SAGITTA20,TACENS,NEW,49.39,1,ON-SITE,Tacens 2SAGITTA20 computer case Midi Tower Black
TACMARS-MCVONE,TACENS,NEW,48.51,1,ON-SITE,Mars Gaming MCV-ONE Midi Tower Black
AEROPGS-BIONIC-GBKV2,Aerocool,NEW,40.99,1,ON-SITE,Computer case Aerocool Bionic Midi Tower Black
AEROPGSBIONIC-G-WTV2,Aerocool,NEW,40.99,1,ON-SITE,Aerocool Bionic Midi Tower White
AEROPGSBOLTMINI-BK-R,Aerocool,NEW,42.31,1,ON-SITE,Aerocool Bolt Mini Mini-Tower Black
EY2A004,ENDORFY,NEW,54.63,1,ON-SITE,ENDORFY SIGNUM 300 CORE ENCLOSURE
AEROPGSINTERSTELLAR1,Aerocool,NEW,79.33,1,ON-SITE,Aerocool Interstellar Midi Tower Black
APNX-C1-BK-V1-ARGB,Aerocool,NEW,91.95,1,ON-SITE,APNX C1-BK-V1 ARGB
APNX-C1-WT-V1-ARGB,Aerocool,NEW,85.4,1,ON-SITE,APNX C1-WT-V1 ARGB
306-7G28R21-JA4,MSI,NEW,73.75,1,ON-SITE,MSI MAG PANO 110R PZ computer case Midi Tower Black
90YE00BN-B0QA00,ASUS,NEW,52.17,23,ON-SITE,ASUS ROG-EQUALIZER 0.75 m
USP-CABLE,UBIQUITI,NEW,29.72,17,ON-SITE,Ubiquiti USP-CABLE power cable Beige 1.5 m
90SKS000-M7BAN0,ASUS,NEW,40.75,3,ON-SITE,RS720A-E11/H100 GPU 90SKS000-M7BAN0
CSE-735D4-668B,Supermicro,NEW,285.73,2,ON-SITE,Supermicro CSE-735D4-668B computer case Midi Tower Black 668 W
CSE-731I-404B,Supermicro,NEW,183.12,1,ON-SITE,Supermicro CSE-731I-404B computer case Mini Tower Black 400 W
50167,Alphacool,NEW,340.48,1,ON-SITE,Alphacool 50167 cooling rack
MCP-220-00043-0N,Supermicro,NEW,17.78,7,ON-SITE,Supermicro MCP-220-00043-0N drive bay panel 8.89 cm (3.5 ) Bezel panel Silver
90SK0000-MPIAN0,ASUS,NEW,153.5,2,ON-SITE,Front panel BEZEL ASUS screen frame (90SK0000-MPIAN0) Black
YT-74626,YATO,NEW,31.66,68,ON-SITE,Yato YT-74626 hearing protection headphones
21408667,Symantec,NEW,15.16,27,ON-SITE,NortonLifeLock Norton 360 Deluxe 1 year(s)
21408749,Symantec,NEW,19.38,27,ON-SITE,NortonLifeLock Norton 360 Premium 1 year(s)
21408666,Symantec,NEW,9.45,19,ON-SITE,NortonLifeLock Norton 360 Standard 1 year(s)
21408734,Symantec,NEW,12.97,15,ON-SITE,NortonLifeLock Norton 360 Deluxe 1 year(s)
EP2-06675,Microsoft,NEW,226.45,53,ON-SITE,Microsoft® Office Home and Business 2024 Polish EuroZone 1 License Medialess Polish
EP2-32382,Microsoft,NEW,98.78,20,ON-SITE,Microsoft 365 Family (6 users; 12 months) (EP2-32382)
EP2-06862,Microsoft,NEW,119.63,4,ON-SITE,Microsoft® Office Home 2024 Polish EuroZone 1 License Medialess Polish
KW9-00648,Microsoft (OEM),NEW,117,200,ON-SITE,Microsoft Windows 11 Home 1 license(s)
FQC-10544,Microsoft (OEM),NEW,143.05,200,ON-SITE,Microsoft Windows 11 Pro 1 license(s)
FQC-10528,Microsoft (OEM),NEW,142,200,ON-SITE,Microsoft Windows 11 Pro OEM
HAJ-00116,Microsoft,NEW,114.42,72,ON-SITE,Microsoft Windows 11 Home BOX USB PL
HAV-00209,Microsoft,NEW,194.14,3,ON-SITE,Microsoft Windows 11 Professional BOX USB PL
EP2-17647/PCO,Microsoft (OEM),NEW,374.93,13,ON-SITE,Windows Svr Essentials 2025 Polish 10 Core Actina
EP2-25250,Microsoft (OEM),NEW,165.45,7,ON-SITE,MS Windows Svr CAL 2025 PL 5Clt Device CAL OEM
EP2-25194,Microsoft (OEM),NEW,875.2,3,ON-SITE,Microsoft Windows Svr Std 2025 64Bit PL DVD 16 core OEM
EP2-25286,Microsoft (OEM),NEW,218.61,1,ON-SITE,Microsoft Windows Server CAL 2025 Client Access License (CAL) 1 license(s)
BHR5969EU,Xiaomi,NEW,33.18,62,ON-SITE,Xiaomi Mi Bedside Lamp 2 Smart table lamp White Wi-Fi
PP11306GT,Paladone,NEW,6.39,12,ON-SITE,Paladone Groot Icon Light
502124,Ledlenser,NEW,133.04,50,ON-SITE,Led Lenser H19R Core Black Headband flashlight
503099,Ledlenser,NEW,22.99,37,ON-SITE,Ledlenser P4R Black Pen flashight LED
503109,Ledlenser,NEW,40.7,32,ON-SITE,Ledlenser P5R Black Hand flashlight LED
502123,Ledlenser,NEW,95.03,29,ON-SITE,Ledlenser H15R Core Black Headband flashlight LED
YT-08518,YATO,NEW,26.09,27,ON-SITE,Yato YT-08518 work light Black LED 8 W
500853,Ledlenser,NEW,57.69,25,ON-SITE,Ledlenser H8R Black Red Headband flashlight LED
503111,Ledlenser,NEW,63.64,23,ON-SITE,Ledlenser P7R Black Hand flashlight LED
503103,Ledlenser,NEW,86.2,18,ON-SITE,Ledlenser P7R Pro Black Hand flashlight LED
503105,Ledlenser,NEW,255.38,9,ON-SITE,Ledlenser P21R Black Hand flashlight LED
502122,Ledlenser,NEW,59.56,3,ON-SITE,Ledlenser H7R Core Black Headband flashlight LED
DCL043-XJ,DeWalt,NEW,65.27,1,ON-SITE,DeWALT DCL043-XJ work light LED Black Yellow
NOF,NETATMO,NEW,57.17,4,ON-SITE,Outdoor Light NETATMO NOF Black
PP9444PS,Paladone,NEW,3.19,12,ON-SITE,LAMPKA DO CZYTANIA PLAYSTATION
PP6591MCF,Paladone,NEW,7.95,8,ON-SITE,Paladone PP6591MCF night-light Ambiance lighting
PP6383SWV2,Paladone,NEW,6.39,1,ON-SITE,STAR WARS - GLOWING STORMTROOPER FIGURINE
PAEWJ-EU,Vention,NEW,23.19,3,ON-SITE,Vention Silicone Neon LED strip with IR remote control and 12V DC power supply 5m
PAEWH,Vention,NEW,14.85,2,ON-SITE,Vention Silicone Neon LED strip with remote control 12V 2m
Tapo L510E,TP-LINK,NEW,5.78,14,ON-SITE,TP-Link Tapo L510E Smart Wi-Fi bulb (806 lm 2700K color dimmable light)
MD8GSD31600-SI,PNY Technologies,NEW,19.13,49,ON-SITE,PNY 8GB PC3-12800 1600MHz DDR3 memory module 1 x 8 GB
PV316G160C9K,Patriot Memory,NEW,51.46,32,ON-SITE,Patriot Memory 16GB (2 x 8GB) PC3-12800 (1600MHz) Kit memory module 2 x 8 GB DDR3
PV316G186C0K,Patriot Memory,NEW,52.29,18,ON-SITE,Patriot Memory 16GB (2 x 8GB) PC3-15000 (1866MHz) Kit memory module 2 x 8 GB DDR3
PSD38G16002,Patriot Memory,NEW,23.92,10,ON-SITE,Patriot Memory DDR3 8GB PC3-12800 (1600MHz) DIMM memory module 1 x 8 GB
PSD38G13332,Patriot Memory,NEW,23.79,8,ON-SITE,Patriot Memory 8GB PC3-10600 memory module 1 x 8 GB DDR3 1333 MHz
GR1600D3V64L11/8G,GoodRam,NEW,41.57,1,ON-SITE,Goodram GR1600D3V64L11/8G memory module 8 GB DDR3 1600 MHz
GR2666D464L19/16G,GoodRam,NEW,96.53,200,ON-SITE,Goodram GR2666D464L19/16G memory module 16 GB DDR4 2666 MHz
IR-X3200D464L16SA/16G,GoodRam,NEW,119.3,200,ON-SITE,Goodram IRDM X IR-X3200D464L16SA/16G memory module 16 GB 1 x 16 GB DDR4 288-pin DIMM
MD8GSD43200-SI,PNY Technologies,NEW,57.01,200,ON-SITE,Computer memory PNY MD8GSD43200-SI RAM module 8GB DDR4 3200MHZ 25600
MD16GSD43200-SI,PNY Technologies,NEW,114.44,200,ON-SITE,PNY Memory 16GB DDR4 3200MHz CL22 bulk
MD16GSD43200-SI,PNY Technologies,NEW,113.63,117,ON-SITE,Computer memory PNY MD16GSD43200-SI RAM module 16GB DDR4 3200MHZ 25600
GR3200D464L22/32G,GoodRam,NEW,221.47,100,ON-SITE,Goodram GR3200D464L22/32G memory module 32 GB 1 x 32 GB DDR4 3200 MHz
GR3200D464L22S/8G,GoodRam,NEW,58.63,100,ON-SITE,Goodram GR3200D464L22S/8G memory module 8 GB 1 x 8 GB DDR4 3200 MHz
GR3200D464L22/16G,GoodRam,NEW,117.68,100,ON-SITE,Goodram GR3200D464L22/16G memory module 16 GB 1 x 16 GB DDR4 288-pin DIMM
IR-X3200D464L16SA/8G,GoodRam,NEW,58.95,100,ON-SITE,GOODRAM DDR4 8GB 3200 CL16 IRDM X BLACK
IR-X3200D464L16A/16G,GoodRam,NEW,119.3,100,ON-SITE,GOODRAM IRDM X 16GB 3200MHz CL16 - IR-XW3200D464L16A/16G Black
KF432C16BBK2/16,Kingston,NEW,155.04,89,ON-SITE,Kingston Technology FURY Beast 16GB 3200MT/s DDR4 CL16 DIMM (Kit of 2) Black
PVS416G320C6K,Patriot Memory,NEW,120.21,84,ON-SITE,Patriot Memory Viper Steel PVS416G320C6K memory module 16 GB DDR4 3200 MHz
IRP-K3600D4V64L18/32GDC,GoodRam,NEW,297.04,66,ON-SITE,Goodram IRDM PRO memory module 32 GB 2 x 16 GB DDR4 3600 MHz
KF432C16BBK2/32,Kingston,NEW,312.42,57,ON-SITE,FURY Beast memory module 32 GB 2 x 16 GB DDR4 3200 MHz
IRP-K3600D4V64L18/64GDC,GoodRam,NEW,493.38,50,ON-SITE,Goodram IRP-K3600D4V64L18/64GDC IRDM DEEP BLACK memory module 64 GB 2 x 32 GB DDR4
SP008GBLFU320X02,Silicon Power,NEW,48.35,49,ON-SITE,Silicon Power SP008GBLFU320X02 memory module 8 GB 1 x 8 GB DDR4 3200 MHz
PSD48G320082,Patriot Memory,NEW,50.16,46,ON-SITE,Patriot Signature DDR4 8GB 3200MHz 512Mx8 Rank 1
PVS464G320C6K,Patriot Memory,NEW,461.02,25,ON-SITE,Patriot Memory Viper Steel PVS464G300C6K memory module 64 GB DDR4 3200 Mhz
GR2666D464L19S/8G,GoodRam,NEW,59.67,24,ON-SITE,Goodram GR2666D464L19S/8G memory module 8 GB DDR4 2666 MHz
KF432C16BBK2/16,Kingston,NEW,161.57,20,ON-SITE,Kingston Technology FURY Beast 16GB 3200MT/s DDR4 CL16 DIMM (Kit of 2) Black
PVS432G320C6K,Patriot Memory,NEW,231.12,16,ON-SITE,Patriot Memory Viper Steel PVS432G320C6K memory module 32 GB DDR4 3200 MHz
GGDKD4-36VL18/16G,GoodRam,NEW,145.48,10,ON-SITE,Goodram *DDR4 Rival Deep Black 16GB(1*16)/3600 CL18 memory module 1 x 16 GB 3600 MT/s 288-pin DIMM
GGRGD4-32L16A/16G,GoodRam,NEW,140.05,10,ON-SITE,Goodram *DDR4 Rival Radiant 16GB (1*16)/3200 CL16 Green memory module 1 x 16 GB 3200 MT/s 288-pin DIMM
GGRRD4-32L16A/16G,GoodRam,NEW,140.05,10,ON-SITE,Goodram *DDR4 Rival Radiant 16GB (1*16)/3200 CL16 Red memory module 1 x 16 GB 3200 MT/s 288-pin DIMM
KF432C16BB/16,Kingston,NEW,230.35,10,ON-SITE,FURY Beast memory module 16 GB 1 x 16 GB DDR4 3200 MHz
KF432C16BB/8,Kingston,NEW,98.5,10,ON-SITE,Kingston Technology FURY Beast 8GB 3200MT/s DDR4 CL16 DIMM Black
AX4U320016G16A-DTBKD35,ADATA,NEW,260.58,10,ON-SITE,XPG GAMMIX D35 memory module 32 GB 2 x 16 GB DDR4
GGDKD4-36VL18S/8G,GoodRam,NEW,70.03,9,ON-SITE,Goodram *DDR4 Rival Deep Black 8GB(1* 8)/3600 CL18 memory module 1 x 8 GB 3600 MT/s 288-pin DIMM
PSP48G3200H1,Patriot Memory,NEW,55.71,9,ON-SITE,Patriot Memory Signature Line PREMIUM memory module 8 GB 1 x 8 GB DDR4 3200 MT/s 288-pin DIMM
PVS432G360C8K,Patriot Memory,NEW,241.4,8,ON-SITE,PATRIOT Viper Steel Series DDR4 2x16GB 3600MHz CL18
PVS416G320C6,Patriot Memory,NEW,110.87,8,ON-SITE,Patriot Memory Viper Steel PVS416G320C6 memory module 16 GB DDR4 3200 MHz
PVS48G320C6,Patriot Memory,NEW,58.78,7,ON-SITE,Patriot Memory Viper Steel PVS48G320C6 memory module 8 GB DDR4 3200 MHz
SP008GXLZU320BSC,Silicon Power,NEW,63.08,6,ON-SITE,Silicon Power XPOWER Zenith memory module 8 GB 1 x 8 GB DDR4 3200 MHz
PSD416G26662,Patriot Memory,NEW,97.32,6,ON-SITE,Patriot Memory 16GB DDR4 2666MHz memory module 1 x 16 GB
PSP416G3200KH1,Patriot Memory,NEW,111.25,6,ON-SITE,Patriot Memory Signature Premium PSP416G2666KH1 memory module 16 GB 2 x 8 GB DDR 3200 MHz
PSD48G320081,Patriot Memory,NEW,54.73,6,ON-SITE,Patriot Memory Signature Line DDR4 8GB 3200MHz memory module 1 x 8 GB
GGRRD4-32L16SA/8G,GoodRam,NEW,67.86,5,ON-SITE,Goodram *DDR4 Rival Radiant 8GB (1* 8)/3200 CL16 Red memory module 1 x 8 GB 3200 MT/s 288-pin DIMM
GGRGD4-32L16SA/8G,GoodRam,NEW,67.86,5,ON-SITE,Goodram *DDR4 Rival Radiant 8GB (1* 8)/3200 CL16 Green memory module 1 x 8 GB 3200 MT/s 288-pin DIMM
GGRGD4-32L16A/32G,GoodRam,NEW,276.84,5,ON-SITE,Goodram *DDR4 Rival Radiant 32GB (1*32)/3200 CL16 Green memory module 1 x 32 GB 3200 MT/s 288-pin DIMM
GGRRD4-32L16A/32GDC,GoodRam,NEW,280.1,5,ON-SITE,Goodram *DDR4 Rival Radiant 32GB (2*16)/3200 CL16 Red memory module 2 x 16 GB 3200 MT/s 288-pin DIMM
GGRRD4-32L16A/32G,GoodRam,NEW,276.84,5,ON-SITE,Goodram *DDR4 Rival Radiant 32GB (1*32)/3200 CL16 Red memory module 1 x 32 GB 3200 MT/s 288-pin DIMM
KVR32N22D8/16,Kingston,NEW,162.85,5,ON-SITE,Kingston Technology ValueRAM KVR32N22D8/16 memory module 16 GB 1 x 16 GB DDR4 3200 MHz
KF432C16RB2AK2/16,Kingston,NEW,216.62,5,ON-SITE,Kingston Technology FURY 16GB 3200MT/s DDR4 CL16 DIMM (Kit of 2) Renegade RGB
KF432C16RB12/16,Kingston,NEW,153.5,4,ON-SITE,Kingston Technology FURY 16GB 3200MT/s DDR4 CL16 DIMM 1Gx8 Renegade Black
GGRRD4-32L16SA/16GDC,GoodRam,NEW,135.72,4,ON-SITE,Goodram *DDR4 Rival Radiant 16GB (2* 8)/3200 CL16 Red memory module 2 x 8 GB 3200 MT/s 288-pin DIMM
GGDKD4-36VL18/32GDC,GoodRam,NEW,286.62,4,ON-SITE,Goodram *DDR4 Rival Deep Black 32GB(2*16)/3600 CL18 memory module 2 x 16 GB 3600 MT/s 288-pin DIMM
GGRGD4-32L16A/32GDC,GoodRam,NEW,280.1,4,ON-SITE,Goodram *DDR4 Rival Radiant 32GB (2*16)/3200 CL16 Green memory module 2 x 16 GB 3200 MT/s 288-pin DIMM
GGRGD4-32L16SA/16GDC,GoodRam,NEW,135.72,4,ON-SITE,Goodram *DDR4 Rival Radiant 16GB (2* 8)/3200 CL16 Green memory module 2 x 8 GB 3200 MT/s 288-pin DIMM
PVS416G360C7K,Patriot Memory,NEW,125.68,3,ON-SITE,Patriot Memory Viper Steel PVS416G360C7K memory module 16 GB DDR4 3600 MHz
PVS432G320C6,Patriot Memory,NEW,227.28,3,ON-SITE,Patriot Memory Viper Steel PVS432G320C6 memory module 32 GB 1 x 32 GB DDR4 3200 MHz
KF440C19RB2AK2/16,Kingston,NEW,238.43,2,ON-SITE,Kingston Technology FURY 16GB 4000MT/s DDR4 CL19 DIMM (Kit of 2) Renegade RGB
KF442C19RB2K2/16,Kingston,NEW,208.22,2,ON-SITE,Kingston Technology FURY 16GB 4266MT/s DDR4 CL19 DIMM (Kit of 2) Renegade Black
SP008GXLZU320BSD,Silicon Power,NEW,64.23,2,ON-SITE,Silicon Power XPOWER Zenith RGB memory module 8 GB 1 x 8 GB DDR4 3200 MHz
PVSR416G320C6K,Patriot Memory,NEW,135.46,2,ON-SITE,Patriot Viper Steel 16GB (2x 8GB) 3200MHZ DDR4 RGB
PVSR432G320C6K,Patriot Memory,NEW,264.65,2,ON-SITE,Memory Patriot Viper Steel DDR4 2X16GB 3200 MHZ RGB
PSD432G32002,Patriot Memory,NEW,219.74,1,ON-SITE,Patriot Memory Signature Line DDR4 32GB 3200MHz memory module 1 x 32 GB
GGRGD4-32L18/64GDC,GoodRam,NEW,553.67,1,ON-SITE,Goodram *DDR4 Rival Radiant 64GB (2*32)/3200 CL18 Green memory module 2 x 32 GB 3200 MT/s 288-pin DIMM
GGRRD4-32L18/64GDC,GoodRam,NEW,553.67,1,ON-SITE,Goodram *DDR4 Rival Radiant 64GB (2*32)/3200 CL18 Red memory module 2 x 32 GB 3200 MT/s 288-pin DIMM
DX32NU4H08,Biostar,NEW,61.45,1,ON-SITE,Biostar DDR4 Storming V memory module 8 GB 1 x 8 GB 3200 MHz (DX32NU4H08)
KF436C17BB2AK2/16,Kingston,NEW,203,1,ON-SITE,Kingston Technology FURY Beast 16GB 3600MT/s DDR4 CL17 DIMM (Kit of 2) RGB
KVR32N22S8/16,Kingston,NEW,224.73,1,ON-SITE,Kingston Technology KVR32N22S8/16 memory module 16 GB 1 x 16 GB DDR4 3200 MHz
PSP416G3200H1,Patriot Memory,NEW,111.65,1,ON-SITE,Patriot Premium Black DDR4 16GB 3200MHz CL22 Rad
GGDKD4-36VL18S/16GDC,GoodRam,NEW,142.23,1,ON-SITE,Goodram *DDR4 Rival Deep Black 16GB(2* 8)/3600 CL18 memory module 2 x 8 GB 3600 MT/s 288-pin DIMM
IR-6400D564L32S/16G,GoodRam,NEW,244.93,200,ON-SITE,Goodram DDR5 16GB 6400MHz IRDM Black V Silver
GR5600D564L46S/16G,GoodRam,NEW,231.6,200,ON-SITE,Goodram DIMM GR5600D564L46S/16G memory module 16 GB 1 x 16 GB DDR5
IR-5600D564L36S/16G,GoodRam,NEW,229.3,200,ON-SITE,Goodram IRDM DDR5 IR-5600D564L36S/16G memory module 16 GB 1 x 16 GB
GR5600D564L46S/8G,GoodRam,NEW,128.53,200,ON-SITE,Goodram GR5600D564L46S/8G memory module 8 GB 1 x 8 GB DDR5 288-pin DIMM
IR-6000D564L30S/32GDC,GoodRam,NEW,487.48,100,ON-SITE,Goodram IRDM DDR5 IR-6000D564L30S/32GDC memory module 32 GB 2 x 16 GB 6000 MHz
IR-6400D564L32S/32GDC,GoodRam,NEW,472,100,ON-SITE,Goodram IRDM DDR5 IR-6400D564L32S/32GDC memory module 32 GB 2 x 16 GB 6400 MHz
PVV516G60C30,Patriot Memory,NEW,240.06,40,ON-SITE,Patriot Memory Viper Venom PVV516G60C30 memory module 16 GB 1 x 16 GB DDR5 6000 MHz ECC
PSD58G560081,Patriot Memory,NEW,118.84,30,ON-SITE,Patriot Signature DDR5 8GB 5600MHz 1 Rank
KF552C40BBK2-32,Kingston,NEW,520.85,27,ON-SITE,Kingston Fury Beast DDR5 2x16GB 5200Mhz CL40
KF560C30BBEAK2-32,Kingston,NEW,651.13,24,ON-SITE,Kingston Technology FURY Beast 32GB 6000MT/s DDR5 CL30 DIMM (Kit of 2) RGB EXPO
PVV532G600C30K,Patriot Memory,NEW,479.13,24,ON-SITE,RAM PATRIOT VIPER Venom DDR5 32 GB (2x16GB) 6000MHz CL30 XMP 3.0 (PVV532G600C30K)
VV532G60C28AK,Patriot Memory,NEW,480.4,20,ON-SITE,Patriot Viper Venom AMD DDR5 32GB (2x16GB) 6000 MHz CL28 EXPO (VV532G60C28AK)
KF560C36BBE2K2-32,Kingston,NEW,561.88,18,ON-SITE,Kingston Technology FURY Beast 32GB 6000MT/s DDR5 CL36 DIMM (Kit of 2) Black EXPO
AD5U560016G-S,ADATA,NEW,243.73,15,ON-SITE,ADATA Premier memory module 16 GB 1 x 16 GB DDR5 288-pin DIMM
PVV516G600C36,Patriot Memory,NEW,236.63,14,ON-SITE,Patriot Memory Viper Venom memory module 16 GB 1 x 16 GB DDR5 6000 MT/s (PVV516G600C36)
PVVR532G600C30K,Patriot Memory,NEW,511.41,12,ON-SITE,Patriot Memory Viper Venom memory module 32 GB 2 x 16 GB DDR5 6000 MHz CL30 XMP3 (PVVR532G600C30K)
IR-5600D564L36/32G,GoodRam,NEW,499.22,10,ON-SITE,Goodram IRDM DDR5 IR-5600D564L36/32G memory module 32 GB 1 x 32 GB 288-pin DIMM
IRG-64D5L32S/32GDC,GoodRam,NEW,639.1,10,ON-SITE,Goodram IRDM RGB DDR5 IRG-64D5L32S/32GDC memory module 32 GB 2 x 16 GB 6400 MHz
AX5U6000C3016G-DTLABRBK,ADATA,NEW,537.58,6,ON-SITE,XPG LANCER BLADE RGB v memory module 32 GB 2 x 16 GB DDR5 6000 MHz
VEU532G6028K,Patriot Memory,NEW,503.67,6,ON-SITE,Patriot Viper Elite5 Ultra DDR5 2x16GB 6000MHz CL28
PVV564G600C30K,Patriot Memory,NEW,1162.54,5,ON-SITE,RAM PATRIOT VIPER Venom DDR5 64 GB (2x32GB) 6000MHz CL30 XMP 3.0 (PVV564G600C30K)
IR-6000D564L36S/32GDC,GoodRam,NEW,448.16,4,ON-SITE,Goodram IRDM DDR5 IR-6000D564L36S/32GDC memory module 32 GB 2 x 16 GB
PVVR532G600C36K,Patriot Memory,NEW,479.39,4,ON-SITE,Patriot Memory Viper Venom PVVR532G600C36K memory module 32 GB 2 x 16 GB DDR5 6000 MHz ECC
VEU564G6028K,Patriot Memory,NEW,1150.17,3,ON-SITE,Patriot Viper Elite5 Ultra DDR5 64 GB (2x32GB) 6000MHz CL28 (VEU564G6028K)
KF556C40BB2AK2-64,Kingston,NEW,1041.44,2,ON-SITE,Kingston Technology FURY Beast 64GB 5600MT/s DDR5 CL40 DIMM (Kit of 2) RGB
KF556C40BBAK2-32,Kingston,NEW,552.3,2,ON-SITE,Kingston Technology FURY Beast 32GB 5600MT/s DDR5 CL40 DIMM (Kit of 2) RGB
VEU564G6432K,Patriot Memory,NEW,1027.85,2,ON-SITE,Patriot Viper Elite5 Ultra DDR5 2x32GB 6400MHz CL32
PVV564G640C32K,Patriot Memory,NEW,1030.11,2,ON-SITE,DDR5 Patriot Viper Venom memory 2 x 32GB 6400 Mhz CL32 XMP3 (PVV564G640C32K)
PSP516G56002H1,Patriot Memory,NEW,242.42,2,ON-SITE,Patriot Memory Signature Line Premium PSP548G56002H1 memory module 16 GB 1 x 16 GB DDR5 5600 MT/s 288-pin DIMM
VV58G60C36A,Patriot Memory,NEW,127.71,2,ON-SITE,Patriot Viper Venom AMD DDR5 8GB 6000 MHz CL36 EXPO (VV58G60C36A)
KF552C40BB-32,Kingston,NEW,537.8,2,ON-SITE,Kingston Technology FURY Beast 32GB 5200MT/s DDR5 CL40 DIMM Black
VEU596G6432K,Patriot Memory,NEW,1985.73,2,ON-SITE,Patriot Viper Elite5 Ultra DDR5 96 GB (2x48GB) 6400MHz CL32 (VEU596G6432K)
PVV516G600C36K,Patriot Memory,NEW,263.22,1,ON-SITE,Patriot Memory Viper Venom PVV516G600C36K memory module 16 GB 2 x 8 GB DDR5 6000 MT/s 288-pin DIMM
PVV58G600C40,Patriot Memory,NEW,126.38,1,ON-SITE,Patriot Memory Viper Venom memory module 8 GB 1 x 8 GB DDR5 6000 MT/s 288-pin DIMM ECC
PSD532G56002,Patriot Memory,NEW,431.26,1,ON-SITE,Patriot Memory Signature PSD532G56002 memory module 32 GB 1 x 32 GB DDR5 5600 MHz
PVVR532G640C32K,Patriot Memory,NEW,495.28,1,ON-SITE,Patriot Memory Viper RGB PVVR532G640C32K memory module 32 GB 2 x 16 GB DDR5 6400 MHz
VEU596G6028K,Patriot Memory,NEW,1952.03,1,ON-SITE,Patriot Viper Elite5 Ultra DDR5 96 GB (2x48GB) 6000MHz CL28 (VEU596G6028K)
IRG-60D5L30S/32GDC,GoodRam,NEW,463.82,1,ON-SITE,Goodram IRDM RGB DDR5 IRG-60D5L30S/32GDC memory module 32 GB 2 x 16 GB 6000 MHz
SP016GBUF2U02V1K,Silicon Power,NEW,4.57,200,ON-SITE,Silicon Power Ultima U02 USB flash drive 16 GB USB Type-A 2.0 Black
DTXS/64GB,Kingston,NEW,5.3,200,ON-SITE,Kingston Technology DataTraveler 64GB Portable USB 3.2 Gen 1 Exodia S (Black/Black)
DTXG2/64GB,Kingston,NEW,5.33,200,ON-SITE,Kingston Technology DataTraveler 64GB Portable USB 3.2 Gen 1 Exodia Black
DTXS/128GB,Kingston,NEW,8.61,200,ON-SITE,Kingston Technology DataTraveler 128GB Portable USB 3.2 Gen 1 Exodia S (Black/Turquoise)
FD16GATT4-EF,PNY Technologies,NEW,3.83,200,ON-SITE,PNY Attaché 4 2.0 16GB USB flash drive USB Type-A Black
AUV150-64G-RRD,ADATA,NEW,6.46,200,ON-SITE,ADATA 64GB DashDrive UV150 USB flash drive USB Type-A 3.2 Gen 1 (3.1 Gen 1) Red
AROY-UR340-64GBK,ADATA,NEW,7.54,200,ON-SITE,ADATA UR340 USB flash drive 64 GB USB Type-A 3.2 Gen 2 (3.1 Gen 2) Black
AUV150-128G-RBK,ADATA,NEW,10.75,200,ON-SITE,ADATA AUV150-128G-RBK USB flash drive 128 GB USB Type-A 3.2 Gen 1 (3.1 Gen 1) Black
AUV150-32G-RBK,ADATA,NEW,5.71,200,ON-SITE,ADATA 32GB DashDrive UV150 USB flash drive USB Type-A 3.2 Gen 1 (3.1 Gen 1) Black
AUV150-32G-RRD,ADATA,NEW,5.71,200,ON-SITE,ADATA 32GB DashDrive UV150 USB flash drive USB Type-A 3.2 Gen 1 (3.1 Gen 1) Red
AUV150-64G-RBK,ADATA,NEW,6.46,200,ON-SITE,ADATA 64GB DashDrive UV150 USB flash drive USB Type-A 3.2 Gen 1 (3.1 Gen 1) Black
AUV250-64G-RBK,ADATA,NEW,5.71,200,ON-SITE,ADATA UV250 64 GB CompactFlash
AUV320-32G-RWHGN,ADATA,NEW,5.71,168,ON-SITE,ADATA UV320 USB flash drive 32 GB USB Type-A 3.2 Gen 1 (3.1 Gen 1) Green White
AUV240-64G-RBK,ADATA,NEW,5.48,163,ON-SITE,ADATA UV240 USB flash drive 64 GB USB Type-A 2.0 Black
AC906-32G-RWH,ADATA,NEW,5.28,160,ON-SITE,ADATA 32GB C906 USB flash drive USB Type-A 2.0 White
AUV240-32G-RBK,ADATA,NEW,5.28,143,ON-SITE,ADATA UV240 USB flash drive 32 GB USB Type-A 2.0 Black
AROY-UR340-32GBK,ADATA,NEW,6.02,134,ON-SITE,ADATA UR340 USB flash drive 32 GB USB Type-A 3.2 Gen 1 (3.1 Gen 1) Black
AC906-64G-RBK,ADATA,NEW,5.49,108,ON-SITE,ADATA C906 USB flash drive 64 GB USB Type-A 2.0 Black
DTX/128GB,Kingston,NEW,8.59,100,ON-SITE,Kingston Technology DataTraveler Exodia - USB 3.2 Flash Drive
DTX/256GB,Kingston,NEW,19.92,100,ON-SITE,Kingston Technology DataTraveler Exodia - USB 3.2 Flash Drive
DTXM/64GB,Kingston,NEW,5.36,100,ON-SITE,Kingston Exodia 64GB USB 3.2. Blue
DTXM/128GB,Kingston,NEW,8.61,100,ON-SITE,Kingston Exodia 128GB USB 3.2. Red
DTXM/256GB,Kingston,NEW,20.06,100,ON-SITE,Kingston Exodia 256GB USB 3.2.Teal
UME2-0160Y0R11,GoodRam,NEW,4.54,100,ON-SITE,Goodram UME2 16GB USB flash drive USB Type-A 2.0 Yellow
UME3-0160O0R11,GoodRam,NEW,4.53,100,ON-SITE,Goodram UME3-0160O0R1 USB flash drive 16 GB USB Type-A 3.2 Gen 1 (3.1 Gen 1) Orange
UME3-0320O0R11,GoodRam,NEW,5.76,100,ON-SITE,Goodram 32GB USB 3.0 USB flash drive USB Type-A Orange
UME2-0080W0R11,GoodRam,NEW,3.81,100,ON-SITE,Goodram USB flash drive UME2 8 GB USB Type-A 2.0 White
UME2-0160W0R11,GoodRam,NEW,4.53,100,ON-SITE,Goodram USB flash drive UME2 16 GB USB Type-A 2.0 White
UME2-0320W0R11,GoodRam,NEW,4.72,100,ON-SITE,Goodram USB flash drive UME2 32 GB USB Type-A 2.0 White
UME2-0640W0R11,GoodRam,NEW,5.99,100,ON-SITE,Goodram USB flash drive UME2 64 GB USB Type-A 2.0 White
UTS2-0160K0R11,GoodRam,NEW,4.54,100,ON-SITE,Goodram UTS2 USB flash drive 16 GB USB Type-A 2.0 Black Silver
UTS2-0080K0R11,GoodRam,NEW,3.79,100,ON-SITE,Goodram UTS2 USB flash drive 8 GB USB Type-A 2.0 Black Silver
UTS2-0320K0R11,GoodRam,NEW,4.72,100,ON-SITE,Goodram UTS2 USB flash drive 32 GB USB Type-A 2.0 Black Silver
UTS3-0320K0R11,GoodRam,NEW,6.12,100,ON-SITE,Goodram UTS3 USB flash drive 32 GB USB Type-A 3.2 Gen 1 (3.1 Gen 1) Black
UTS3-0640K0R11,GoodRam,NEW,6.94,100,ON-SITE,Goodram UTS3 USB flash drive 64 GB USB Type-A 3.2 Gen 1 (3.1 Gen 1) Black
UME3-0160K0R11,GoodRam,NEW,5.59,100,ON-SITE,Goodram UME3 USB flash drive 16 GB USB Type-A 3.0 (3.1 Gen 1) Black
UME3-0320K0R11,GoodRam,NEW,5.76,100,ON-SITE,Goodram FlashDrive USB 32 GB USB 3.0
UME3-0640K0R11,GoodRam,NEW,6.59,100,ON-SITE,Goodram UME3 USB flash drive 64 GB USB Type-A 3.0 (3.1 Gen 1) Black
UNO3-0320S0R11,GoodRam,NEW,5.89,100,ON-SITE,Goodram USB UNO3-0320S0R11 USB flash drive 32 GB USB Type-A 3.2 Gen 1 (3.1 Gen 1) Silver
UME3-0160CRR11,GoodRam,NEW,4.72,96,ON-SITE,FLASHDRIVE USB 3.0 GOODRAM 16GB UME3 CARE
LU202W064GG4,KIOXIA,NEW,9.13,94,ON-SITE,Kioxia TransMemory U202 USB flash drive 64 GB USB Type-A 2.0 White
AUV320-128G-RWHGN,ADATA,NEW,10.23,93,ON-SITE,ADATA UV320 USB flash drive 128 GB USB Type-A 3.2 Gen 1 (3.1 Gen 1) Green White
UME2-0080Y0R11,GoodRam,NEW,3.79,92,ON-SITE,Goodram UME2 USB flash drive 8 GB USB Type-A 2.0 Yellow
AUV320-64G-RWHGN,ADATA,NEW,6.46,87,ON-SITE,ADATA UV320 USB flash drive 64 GB USB Type-A 3.2 Gen 1 (3.1 Gen 1) Green White
LU301W064GG4,KIOXIA,NEW,11.48,87,ON-SITE,Kioxia TransMemory U301 USB flash drive 64 GB USB Type-A 3.2 Gen 1 (3.1 Gen 1) White
FD128ATT4-EF,PNY Technologies,NEW,11.19,78,ON-SITE,PNY Attaché 4 2.0 128GB USB flash drive USB Type-A Black
AUV250-32G-RBK,ADATA,NEW,5.49,76,ON-SITE,ADATA UV250 USB flash drive 32 GB USB Type-A 2.0 Silver
UTS2-0640K0R11,GoodRam,NEW,6.13,72,ON-SITE,Goodram UTS2 USB flash drive 64 GB USB Type-A 2.0 Black Silver
UTS3-0160K0R11,GoodRam,NEW,5.81,69,ON-SITE,Goodram UTS3 USB flash drive 16 GB USB Type-A 3.2 Gen 1 (3.1 Gen 1) Black
FD64GATT4-EF,PNY Technologies,NEW,6.71,69,ON-SITE,PNY Attaché 4 2.0 64GB USB flash drive USB Type-A Black
UPI2-0160K0R11,GoodRam,NEW,5.89,59,ON-SITE,Goodram UPI2 USB flash drive 16 GB USB Type-A 2.0 Black
LU301W032GG4,KIOXIA,NEW,12.26,58,ON-SITE,Kioxia TransMemory U301 USB flash drive 32 GB USB Type-A 3.2 Gen 1 (3.1 Gen 1) White
UME3-0640O0R11,GoodRam,NEW,6.25,56,ON-SITE,Goodram UME3-0640O0R11 USB flash drive 64 GB USB Type-A 3.2 Gen 1 (3.1 Gen 1) Orange
PSF64GT200S2U,Patriot Memory,NEW,5.77,55,ON-SITE,Patriot FLASHDRIVE Tab200 64GB Type A USB 2.0 mini aluminium silver
DT70/128GB,Kingston,NEW,8.6,55,ON-SITE,Kingston Technology DataTraveler 128GB USB-C 3.2 Gen 1 70
AC008-64G-RWE,ADATA,NEW,5.49,50,ON-SITE,ADATA 64GB C008 USB flash drive USB Type-A 2.0 Blue White
SDCZ430-064G-G46,SanDisk,NEW,13.82,50,ON-SITE,SanDisk Ultra Fit USB flash drive 64 GB USB Type-A 3.2 Gen 1 (3.1 Gen 1) Black
SP004GBUF2U02V1K,Silicon Power,NEW,4.38,50,ON-SITE,SILICON POWER Ultima U02 Pendrive USB flash drive 4 GB USB 2.0 (SP004GBUF2U02V1K) Black
UPI2-0320K0R11,GoodRam,NEW,6.01,46,ON-SITE,Goodram UPI2 USB flash drive 32 GB USB Type-A 2.0 Black
SDCZ73-064G-G46,SanDisk,NEW,14.35,46,ON-SITE,SanDisk Ultra Flair USB flash drive 64 GB USB Type-A 3.2 Gen 1 (3.1 Gen 1) Black Silver
FD8GBATT4-EF,PNY Technologies,NEW,3.35,46,ON-SITE,PNY Attaché 4 USB flash drive 8 GB USB Type-A 2.0 Black
SDDDC3-064G-G46,SanDisk,NEW,15.9,40,ON-SITE,SanDisk Ultra Dual Drive Go USB flash drive 64 GB USB Type-A / USB Type-C 3.2 Gen 1 (3.1 Gen 1) Black
UME3-0320EFR11,GoodRam,NEW,6.68,40,ON-SITE,Goodram UME3 Eco Friendly USB flash drive 32 GB USB Type-A 3.2 Gen 1 (3.1 Gen 1) Brown
SDCZ50-064G-B35,SanDisk,NEW,11.21,38,ON-SITE,SanDisk Cruzer Blade USB flash drive 64 GB USB Type-A 2.0 Black Red
DTXG2/128GB,Kingston,NEW,8.79,38,ON-SITE,Kingston Technology DataTraveler 128GB Portable USB 3.2 Gen 1 Exodia Black/Blue
UTS3-1280K0R11,GoodRam,NEW,11.76,38,ON-SITE,Goodram UTS3 USB flash drive 128 GB 3.2 Gen 1 (3.1 Gen 1) Black
UME3-1280K0R11,GoodRam,NEW,11.75,37,ON-SITE,Goodram UME3 USB flash drive 128 GB USB Type-A 3.0 (3.1 Gen 1) Black
SDCZ50-032G-B35,SanDisk,NEW,8.34,33,ON-SITE,SanDisk Cruzer Blade 32GB USB flash drive USB Type-A 2.0 Black
AC906-32G-RBK,ADATA,NEW,5.17,33,ON-SITE,ADATA 32GB C906 USB flash drive USB Type-A 2.0 Black
SDCZ73-128G-G46,SanDisk,NEW,20.07,32,ON-SITE,SanDisk ULTRA FLAIR USB flash drive 128 GB USB Type-A 3.2 Gen 1 (3.1 Gen 1) Black Silver
DTXG2/256GB,Kingston,NEW,20.06,31,ON-SITE,Kingston Technology DataTraveler 256GB Portable USB 3.2 Gen 1 Exodia Black/Green
UME2-0640Y0R11,GoodRam,NEW,6.11,29,ON-SITE,Goodram UME2-0640Y0R1 USB flash drive 64 GB USB Type-A 2.0 Yellow
SDCZ73-512G-G46,SanDisk,NEW,72.7,29,ON-SITE,SanDisk Ultra Flair USB flash drive 512 GB USB Type-A 3.2 Gen 1 (3.1 Gen 1) Silver
DTKN/512GB,Kingston,NEW,64.71,28,ON-SITE,Kingston Technology DataTraveler 512GB Kyson USB Flash Drive
UME3-0640EFR11,GoodRam,NEW,7.51,26,ON-SITE,GOODRAM FLASHDRIVE 64 GB ECO FRIENDLY USB 3.0 RE
ACHO-UC300-128G-RBK/GN,ADATA,NEW,18.12,26,ON-SITE,ADATA UC300 USB flash drive 128 GB USB Type-C 3.2 Gen 1 (3.1 Gen 1) Black Green
SDDDC3-128G-G46,SanDisk,NEW,22.68,25,ON-SITE,SanDisk Ultra Dual Drive USB flash drive 128 GB USB Type-A / USB Type-C 3.2 Gen 1 (3.1 Gen 1) Black Silver
UME2-1280Y0R11,GoodRam,NEW,12.45,25,ON-SITE,Goodram UME2 128GB USB flash drive USB Type-A 2.0 Yellow
SDCZ74-128G-G46,SanDisk,NEW,23.98,23,ON-SITE,SanDisk 00183581 USB flash drive 128 GB USB Type-A 3.2 Gen 1 (3.1 Gen 1) Silver
PSF64GX3B3U,Patriot Memory,NEW,7.06,23,ON-SITE,PARTIOT FLASHDRIVE Xporter 3 64GB Type A USB 3.2
SP032GBUC3C80V1S,Silicon Power,NEW,9.3,23,ON-SITE,Silicon Power Mobile C80 USB flash drive 32 GB USB Type-A / USB Type-C 3.0 (3.1 Gen 1) Titanium
PEF64GRLB32U,Patriot Memory,NEW,11.23,22,ON-SITE,Patriot Memory Supersonic Rage Lite USB flash drive 64 GB USB Type-A 3.2 Gen 1 (3.1 Gen 1) Black Blue
DTSE9G3/128GB,Kingston,NEW,21.7,20,ON-SITE,Kingston Technology DataTraveler 128GB 220MB/s Metal USB 3.2 Gen 1 SE9 G3
PEF128GRLB32U,Patriot Memory,NEW,18.51,20,ON-SITE,Flashdrive Patriot Rage Lite 120 MB/S 128GB USB 3.2
PE64GR550DSAD,Patriot Memory,NEW,12.46,20,ON-SITE,Flashdrive PATRIOT Rage R550 64GB 100 MB/S USB A+C Swivel Design (PE64GR550DSAD) Black
PE128GR550DSAD,Patriot Memory,NEW,18.07,20,ON-SITE,Flashdrive PATRIOT Rage R550 128GB 100 MB/S USB A+C Swivel Design (PE128GR550DSAD) Black
UME3-1280EFR11,GoodRam,NEW,11.98,20,ON-SITE,GOODRAM FLASHDRIVE 128 GB ECO FRIENDLY USB 3.0 RE
UME3-0320CRR11,GoodRam,NEW,6.44,20,ON-SITE,Goodram UME3 USB flash drive 32 GB USB Type-A 3.2 Gen 1 (3.1 Gen 1) Turquoise
SDCZ48-064G-U46,SanDisk,NEW,13.83,20,ON-SITE,SanDisk Ultra USB flash drive 64 GB USB Type-A 3.2 Gen 1 (3.1 Gen 1) Black
SDIX60N-128G-GN6NE,SanDisk,NEW,59.68,19,ON-SITE,SanDisk 00183588 USB flash drive 128 GB USB Type-A / Lightning 3.2 Gen 1 (3.1 Gen 1) Black Silver
UME3-2560K0R11,GoodRam,NEW,22.03,19,ON-SITE,Goodram UME3 USB flash drive 256 GB USB Type-A 3.2 Gen 1 (3.1 Gen 1) Black
PSF64GXRB3U,Patriot Memory,NEW,8.55,19,ON-SITE,Pendrive Patriot 64GB Xporter Core USB 3.2 Gen 1
SDCZ48-128G-U46,SanDisk,NEW,18,18,ON-SITE,SanDisk 124109 USB flash drive 128 GB USB Type-A 3.2 Gen 1 (3.1 Gen 1) Black
AELI-UE800-128G-CSG,ADATA,NEW,43.38,18,ON-SITE,ADATA UE800 USB flash drive 128 GB USB Type-C 3.2 Gen 2 (3.1 Gen 2) Silver
PS64GX550AAD,Patriot Memory,NEW,12.44,17,ON-SITE,Patriot Memory 64GB Xporter X550 USB flash drive Dual USB A+C (PS64GX550AAD) White Blue
UUN2-0640S0R11,GoodRam,NEW,7.56,17,ON-SITE,Goodram UUN2 USB 2.0 USB flash drive 64 GB USB Type-A Silver
UME2-1280W0R11,GoodRam,NEW,11.74,16,ON-SITE,Goodram USB flash drive UME2 128 GB USB Type-A 2.0 White
PSF128GT300DS3U,Patriot Memory,NEW,17.94,15,ON-SITE,Patriot FLASHDRIVE Tab300 128GB USB 3.2 120MB/s mini aluminium silver
ACHO-UC300-64G-RBK/GN,ADATA,NEW,6.59,15,ON-SITE,ADATA UC300 USB flash drive 64 GB USB Type-C 3.2 Gen 1 (3.1 Gen 1) Black Green
AUV128-128G-RBE,ADATA,NEW,11.62,15,ON-SITE,ADATA DashDrive UV128 128GB USB flash drive USB Type-A 3.2 Gen 1 (3.1 Gen 1) Black Blue
SDCZ430-128G-G46,SanDisk,NEW,21.63,15,ON-SITE,SanDisk Ultra Fit USB flash drive 128 GB USB Type-A 3.2 Gen 1 (3.1 Gen 1) Black
SDDDC2-064G-G46,SanDisk,NEW,16.69,14,ON-SITE,Sandisk Ultra Dual Drive USB Type-C USB flash drive 64 GB USB Type-A / USB Type-C 3.2 Gen 1 (3.1 Gen 1) Black Silver
UR350-128G-RSR/BG,ADATA,NEW,12.63,14,ON-SITE,ADATA UR350 USB flash drive 128 GB USB Type-A 3.2 Gen 1 (3.1 Gen 1) Brown
SP032GBUF3B30V1K,Silicon Power,NEW,6.43,14,ON-SITE,Silicon Power Blaze B30 USB flash drive 32 GB USB Type-A 3.0 (3.1 Gen 1) Black
PEF32GRLB32U,Patriot Memory,NEW,7.66,14,ON-SITE,Patriot Memory Supersonic Rage Lite USB flash drive 32 GB USB Type-A 3.2 Gen 1 (3.1 Gen 1) Black Blue
SDCZ430-256G-G46,SanDisk,NEW,40.66,13,ON-SITE,Sandisk Ultra Fit USB flash drive 256 GB USB Type-A 3.2 Gen 1 (3.1 Gen 1) Black
SDCZ74-064G-G46,SanDisk,NEW,14.86,12,ON-SITE,SanDisk Ultra Luxe USB flash drive 64 GB USB Type-A 3.2 Gen 1 (3.1 Gen 1) Silver
PE32GR550DSAD,Patriot Memory,NEW,8.92,11,ON-SITE,Flashdrive PATRIOT Rage R550 32GB 100 MB/S USB A+C Swivel Design (PE32GR550DSAD) Black
SDDDC3-256G-G46,SanDisk,NEW,37,11,ON-SITE,SanDisk Ultra Dual Drive Go USB flash drive 256 GB USB Type-A / USB Type-C 3.2 Gen 1 (3.1 Gen 1) Black
SDDDC2-128G-G46,SanDisk,NEW,23.98,11,ON-SITE,Sandisk Ultra Dual Drive USB Type-C USB flash drive 128 GB USB Type-A / USB Type-C 3.2 Gen 1 (3.1 Gen 1) Black Silver
SDIX60N-256G-GN6NE,SanDisk,NEW,90.94,11,ON-SITE,SanDisk 00183589 USB flash drive 256 GB USB Type-A / Lightning 3.2 Gen 1 (3.1 Gen 1) Black Silver
SDCZ48-256G-U46,SanDisk,NEW,38.84,10,ON-SITE,SanDisk Ultra USB flash drive 256 GB USB Type-A 3.2 Gen 1 (3.1 Gen 1) Black
SDCZ48-512G-G46,SanDisk,NEW,119.62,10,ON-SITE,SanDisk Ultra USB flash drive 512 GB USB Type-A 3.2 Gen 1 (3.1 Gen 1) Black
PSF32GXRB3U,Patriot Memory,NEW,6.29,10,ON-SITE,Pendrive Patriot 32GB Xporter Core USB 3.2 Gen 1
PS256GT560DS5D,Patriot Memory,NEW,32.94,10,ON-SITE,Patriot FLASHDRIVE Tab T560 256GB Dual USB 120MBs
UME3-0640CRR11,GoodRam,NEW,7.4,10,ON-SITE,Goodram UME3 USB flash drive 64 GB USB Type-A 3.2 Gen 1 (3.1 Gen 1) Turquoise
PSF64GT300DS3U,Patriot Memory,NEW,11.2,9,ON-SITE,Patriot FLASHDRIVE Tab300 64GB USB 3.2 120MB/s mini aluminium silver
AROY-UR340-128GBK,ADATA,NEW,14.3,9,ON-SITE,ADATA UR340 USB flash drive 128 GB USB Type-A 3.2 Gen 2 (3.1 Gen 2) Black
LU202W032GG4,KIOXIA,NEW,7.83,8,ON-SITE,Kioxia TransMemory U202 USB flash drive 32 GB USB Type-A 2.0 White
SDCZ430-512G-G46,SanDisk,NEW,118.56,8,ON-SITE,SanDisk Ultra Fit USB flash drive 512 GB USB Type-A 3.2 Gen 1 (3.1 Gen 1) Black
SP128GBUF3B02V1K,Silicon Power,NEW,18.52,8,ON-SITE,SILICON POWER Blaze B02 Pendrive USB flash drive 128 GB USB Type-A 3.2 Gen 1 (SP128GBUF3B02V1K) Black
PSF128GX3B3U,Patriot Memory,NEW,12.55,8,ON-SITE,PARTIOT FLASHDRIVE Xporter 3 128GB Type A USB 3.2
PS128GT560DS5D,Patriot Memory,NEW,20.13,8,ON-SITE,Patriot Memory Tab T560 128GB USB flash drive Dual USB 120MB/s (PS128GT560DS5D) Silver
AELI-UE800-1T-CSG,ADATA,NEW,151.52,7,ON-SITE,ADATA UE800 USB flash drive 1 TB USB Type-C 3.2 Gen 2 (3.1 Gen 2) Silver
SDCZ74-256G-G46,SanDisk,NEW,39.61,6,ON-SITE,SanDisk Ultra Luxe USB flash drive 256 GB USB Type-A 3.2 Gen 1 (3.1 Gen 1) Silver
DTSE9G3/256GB,Kingston,NEW,37.96,6,ON-SITE,Kingston Technology DataTraveler 256GB 220MB/s Metal USB 3.2 Gen 1 SE9 G3
DTMC3G2/64GB,Kingston,NEW,15.45,6,ON-SITE,Kingston Technology DataTraveler 64GB Micro 200MB/s Metal USB 3.2 Gen 1
UME3-0160EFR11,GoodRam,NEW,5.31,6,ON-SITE,GOODRAM FLASHDRIVE 16 GB ECO FRIENDLY USB 3.0 RE
PSF256GXRB3U,Patriot Memory,NEW,28.12,5,ON-SITE,Pendrive Patriot Xporter Core 256GB USB 3.2 Gen 1 80MB/s (PSF256GXRB3U) Black
DTMC3G2/128GB,Kingston,NEW,25.61,5,ON-SITE,Kingston Technology DataTraveler 128GB Micro 200MB/s Metal USB 3.2 Gen 1
SDDDC4-512G-G46,SanDisk,NEW,119.61,5,ON-SITE,SanDisk Ultra Dual Drive Luxe USB flash drive 512 GB USB Type-A / USB Type-C 3.2 Gen 1 (3.1 Gen 1) Stainless steel
SDDDC3-512G-G46,SanDisk,NEW,113.34,5,ON-SITE,SanDisk Ultra Dual Drive Go USB flash drive 512 GB USB Type-A / USB Type-C 3.2 Gen 1 (3.1 Gen 1) Black
AELI-UE800-512G-CSG,ADATA,NEW,82.35,5,ON-SITE,ADATA UE800 USB flash drive 512 GB USB Type-C 3.2 Gen 2 (3.1 Gen 2) Silver
PEF500GRPMW32U,Patriot Memory,NEW,67.22,4,ON-SITE,PATRIOT RAGE PRIME 600 MB/S 512GB USB 3.2 8K IOPS
SDDDC4-1T00-G46,SanDisk,NEW,247.27,4,ON-SITE,SanDisk Ultra Dual Drive Luxe USB flash drive 1000 GB USB Type-A / USB Type-C 3.2 Gen 1 (3.1 Gen 1) Stainless steel
SDCZ73-128G-G46B,SanDisk,NEW,21.38,4,ON-SITE,SanDisk Ultra Flair USB flash drive 128 GB USB Type-A 3.2 Gen 1 (3.1 Gen 1) Blue Silver
PSF256GX3B3U,Patriot Memory,NEW,23.3,4,ON-SITE,PARTIOT FLASHDRIVE Xporter 3 256GB Type A USB 3.2
PEF256GRLB32U,Patriot Memory,NEW,31.66,3,ON-SITE,Flashdrive Patriot Rage Lite 120 MB/S 256GB USB 3.2
UME3-1280O0R11,GoodRam,NEW,12.28,3,ON-SITE,Goodram UME3-1280O0R11 USB flash drive 128 GB USB Type-A 3.2 Gen 1 (3.1 Gen 1) Orange
DTMC3G2/256GB,Kingston,NEW,39.02,3,ON-SITE,Kingston Technology DataTraveler 256GB Micro 200MB/s Metal USB 3.2 Gen 1
UR350-256G-RSR/BG,ADATA,NEW,40.08,3,ON-SITE,ADATA UR350 USB flash drive 256 GB USB Type-A 3.2 Gen 1 (3.1 Gen 1) Brown Stainless steel
DTKN/64GB,Kingston,NEW,11.56,2,ON-SITE,Kingston Technology DataTraveler 64GB Kyson USB Flash Drive
PS128GX550AAD,Patriot Memory,NEW,18.05,2,ON-SITE,Patriot Memory Xporter X550 USB flash drive 128 GB USB Type-A / USB Type-C 3.2 Gen 1 (3.1 Gen 1) Blue White
PEF512GRLB32U,Patriot Memory,NEW,54.36,2,ON-SITE,Flashdrive PATRIOT Rage Lite 512GB 120 MB/S USB 3.2 retractable Black (PEF512GRLB32U)
PE256GR550DSAD,Patriot Memory,NEW,32.94,2,ON-SITE,Flashdrive PATRIOT Rage R550 256GB 100 MB/S USB A+C Swivel Design (PE256GR550DSAD) Black
PE512GR550DSAD,Patriot Memory,NEW,61.56,2,ON-SITE,Flashdrive PATRIOT Rage R550 512GB 100 MB/S USB A+C Swivel Design (PE512GR550DSAD) Black
SDCZ75-064G-G46,SanDisk,NEW,17.22,2,ON-SITE,SanDisk SDCZ75-064G-G46 USB flash drive 64 GB USB Type-C 3.2 Gen 1 (3.1 Gen 1) Silver
PE1TR550DSAD,Patriot Memory,NEW,117.72,1,ON-SITE,Flashdrive PATRIOT Rage R550 1TB 100 MB/S USB A+C Swivel Design (PE1TR550DSAD) Black
PEF1TBRLB32U,Patriot Memory,NEW,125.69,1,ON-SITE,Flashdrive PATRIOT Rage Lite 1TB 120 MB/S USB 3.2 retractable Black (PEF1TBRLB32U)
PSF512GXRB3U,Patriot Memory,NEW,42.47,1,ON-SITE,Pendrive Patriot Xporter Core 512GB USB 3.2 Gen 1 80MB/s (PSF512GXRB3U) Black
SDIX60N-064G-GN6NN,SanDisk,NEW,41.45,1,ON-SITE,SanDisk iXpand USB flash drive 64 GB USB Type-A / Lightning 3.2 Gen 2 (3.1 Gen 2) Black Silver
SDCZ50-128G-B35,SanDisk,NEW,18.77,1,ON-SITE,SanDisk Cruzer Blade USB flash drive 128 GB USB Type-A 2.0 Black Red
PEF64GEP31MCX,Patriot Memory,NEW,9.87,238,ON-SITE,Patriot Memory PEF64GEP31MCX memory card 64 GB MicroSDXC Class 10
PSF64GMDC10,Patriot Memory,NEW,8.25,223,ON-SITE,Patriot Memory PSF64GMDC10 memory card 64 GB MicroSDXC UHS-I Class 10
SDCS3/64GB,Kingston,NEW,15.17,200,ON-SITE,Kingston Technology 64GB microSDXC Canvas Select Plus Gen3 100MB/s A1 Card + Adapter
SDCS3/128GB,Kingston,NEW,22.69,200,ON-SITE,Kingston Technology 128GB microSDXC Canvas Select Plus Gen3 150MB/s A1 Card + Adapter
P-SDU32G10PPL-GE,PNY Technologies,NEW,5.46,200,ON-SITE,PNY Performance Plus 32 GB MicroSDHC Class 10
P-SDU16G10PPL-GE,PNY Technologies,NEW,4.74,200,ON-SITE,PNY Performance Plus 16 GB MicroSDHC Class 10
P-SDU64G10PPL-GE,PNY Technologies,NEW,8.12,200,ON-SITE,PNY Performance Plus 64 GB MicroSDXC Class 10
P-SDU12810PPL-GE,PNY Technologies,NEW,16.73,200,ON-SITE,PNY Performance Plus 128 GB MicroSDXC Class 10 (P-SDU12810PPL-GE)
P-SDU64GV31100PRO-GE,PNY Technologies,NEW,9.69,200,ON-SITE,PNY PRO Elite 64 GB MicroSDXC UHS-I Class 10
AUSDX64GUICL10A1-RA1,ADATA,NEW,8.6,200,ON-SITE,ADATA 64GB microSDHC Class 10 UHS-I
AUSDX64GUI3V30SHA2-RA1,ADATA,NEW,32.45,200,ON-SITE,ADATA AUSDX64GUI3V30SHA2-RA1 memory card 64 GB MicroSDXC UHS-I Class 10
AUSDX128GUICL10A1-RA1,ADATA,NEW,16.88,177,ON-SITE,ADATA Premier 128 GB MicroSDXC UHS-I Class 10
P-SDU16GU185GW-GE,PNY Technologies,NEW,4.67,156,ON-SITE,PNY Elite microSDHC 16GB UHS-I Class 10
SDSQQNR-032G-GN6IA,SanDisk,NEW,21.37,154,ON-SITE,SanDisk High Endurance memory card 32 GB MicroSDHC UHS-I Class 10
PSF64GVX31MCX,Patriot Memory,NEW,9.96,139,ON-SITE,Patriot VX Series 64GB MicroSDXC V30 Class 10 UHS-I U3 4K UHD Memory Card PSF64GVX31MCX
P-SDU128V31100PRO-GE,PNY Technologies,NEW,25.56,122,ON-SITE,PNY PRO Elite 128 GB MicroSDXC UHS-I Class 10
AUSDX256GUICL10A1-RA1,ADATA,NEW,30.63,120,ON-SITE,ADATA Premier 256 GB MicroSDXC UHS-I Class 10
PSF32GVX31MCH,Patriot Memory,NEW,7.43,120,ON-SITE,Memory card PATRIOT VX Series 32GB MicroSDXC V30 Class 10 UHS-I U3 4K UHD (PSF32GVX31MCH)
SDCIT2/8GB,Kingston,NEW,45.47,100,ON-SITE,Kingston Technology 8GB microSDHC Industrial C10 A1 pSLC Card + SD Adapter
M1AA-0160R12,GoodRam,NEW,5.19,100,ON-SITE,Goodram M1AA-0160R12 memory card 16 GB MicroSDHC Class 10 UHS-I
M1AA-0320R12,GoodRam,NEW,6.26,100,ON-SITE,Goodram M1AA-0320R12 memory card 32 GB MicroSDHC Class 10 UHS-I
M1AA-0640R12,GoodRam,NEW,9.11,100,ON-SITE,Goodram M1AA-0640R12 memory card 64 GB MicroSDXC Class 10 UHS-I
M1AA-1280R12,GoodRam,NEW,17.21,100,ON-SITE,Goodram M1AA-1280R12 memory card 128 GB MicroSDXC Class 10 UHS-I
M1A4-0640R12,GoodRam,NEW,9.18,100,ON-SITE,Goodram All in one M1A4-0640R12 memory card 64 GB MicroSDXC Class 10 UHS-I + The card reader
UD64GUI3V30A2SP-RA1,ADATA,NEW,33.16,99,ON-SITE,ADATA Speed Plus 64 GB MicroSDXC Class 10
SDSQUGN-064G-GN6MN,SanDisk,NEW,21.89,96,ON-SITE,SanDisk Ultra GO 64 GB MicroSDXC UHS-I
PEF128GEP31MCX,Patriot Memory,NEW,22.9,84,ON-SITE,Patriot Memory PEF128GEP31MCX memory card 128 GB MicroSDXC Class 10
PSF32GMDC10,Patriot Memory,NEW,7.22,78,ON-SITE,Patriot Memory PSF32GMDC10 memory card 32 GB MicroSDHC UHS-I Class 10
AUSDX512GUI3V30SHA2-RA1,ADATA,NEW,128.94,78,ON-SITE,ADATA High Endurance 512 GB MicroSDXC UHS-I Class 10
SDSQQNR-256G-GN6IA,SanDisk,NEW,64.88,74,ON-SITE,SanDisk High Endurance 256 GB MicroSDXC UHS-I Class 10
SDSDXXJ-128G-GSCIN,SanDisk,NEW,58.63,73,ON-SITE,SanDisk Extreme PRO SD UHS-I 128 GB SDXC
SDCIT2/16GB,Kingston,NEW,50.42,69,ON-SITE,Kingston Technology 16GB microSDHC Industrial C10 A1 pSLC Card + SD Adapter
SDSQUNR-128G-GN3MN,SanDisk,NEW,22.93,56,ON-SITE,SanDisk Ultra memory card 128 GB MicroSDXC Class 10 (SDSQUNR-128G-GN3MN)
UD128GUI3V30A2SP-RA1,ADATA,NEW,54.35,53,ON-SITE,ADATA Speed Plus 128 GB MicroSDXC Class 10
AUSDX128GUI3V30SHA2-RA1,ADATA,NEW,53.19,53,ON-SITE,ADATA AUSDX128GUI3V30SHA2-RA1 memory card 128 GB MicroSDXC UHS-I Class 10
SDSQUNR-064G-GN3MN,SanDisk,NEW,16.42,50,ON-SITE,SanDisk SDSQUNR-064G-GN3MN memory card 64 GB MicroSDXC Class 10
PSF128GVX31MCX,Patriot Memory,NEW,22.49,48,ON-SITE,Patriot Memory VX Series 128 GB MicroSDXC UHS-I Class 10
SDSQUNR-128G-GN6MN,SanDisk,NEW,22.94,47,ON-SITE,Sandisk SDSQUAR-128G-GN6MN memory card 128 GB MicroSDXC Class 10 UHS-I
SDSQXCU-064G-GS6MA,SanDisk,NEW,33.62,46,ON-SITE,SanDisk Extreme PRO microSD UHS-I 64 GB MicroSDHC
AUSDH32GUICL10A1-RA1,ADATA,NEW,7.31,44,ON-SITE,ADATA 32GB microSDHC Class 10 UHS-I
SDSQXAA-128G-GN6AA,SanDisk,NEW,32.58,39,ON-SITE,SanDisk Extreme 128 GB MicroSDXC UHS-I Class 10 + adapter
M1A4-0320R12,GoodRam,NEW,7.83,34,ON-SITE,Goodram M1A4-0320R12 memory card 32 GB MicroSDHC Class 10 UHS-I
S1A0-0160R12,GoodRam,NEW,6.09,29,ON-SITE,GOODRAM SDHC 16GB CL10 UHS-I
ASDX64GUI3V30S-R,ADATA,NEW,10.33,29,ON-SITE,ADATA ASDX64GUI3V30S-R memory card 64 GB SDXC UHS-I Class 10
SDSQXCO-032G-GS6MA,SanDisk,NEW,29.97,28,ON-SITE,SanDisk Extreme PRO microSD UHS-I 32 GB MicroSDHC
SDSQQVR-064G-GN6IA,SanDisk,NEW,44.04,27,ON-SITE,SanDisk Max Endurance 64 GB UHS-I Class 10 MicroSDXC Memory Card
SDSDUNR-064G-GN3IN,SanDisk,NEW,17.98,27,ON-SITE,SanDisk Ultra memory card 64 GB SDXC UHS-I Class 10
PSF16GMDC10,Patriot Memory,NEW,6.42,26,ON-SITE,Patriot Memory PSF16GMDC10 memory card 16 GB MicroSDHC UHS-I Class 10
SDSQXGN-064G-GN6MN,SanDisk,NEW,30.49,25,ON-SITE,SanDisk Extreme GO 64 GB MicroSDXC UHS-I
SDSDXGN-032G-GNCIN,SanDisk,NEW,26.58,23,ON-SITE,SanDisk Extreme GO 32 GB SDHC UHS-I
SDSQUNR-256G-GN3MN,SanDisk,NEW,39.87,22,ON-SITE,SanDisk Ultra 256 GB MicroSDXC UHS-I Class 10
SDSDUGN-128G-GN6IN,SanDisk,NEW,36.22,21,ON-SITE,SanDisk Ultra GO 128 GB SDXC UHS-I
SDSDXGN-064G-GNCIN,SanDisk,NEW,30.49,20,ON-SITE,SanDisk Extreme GO 64 GB SDXC UHS-I
SDSQQNR-064G-GN6IA,SanDisk,NEW,25.8,20,ON-SITE,SanDisk High Endurance memory card 64 GB MicroSDXC UHS-I Class 10
SDCG4/256GB,Kingston,NEW,65.23,20,ON-SITE,Kingston Technology 256GB microSDXC Canvas Go Plus Gen4 200MB/s A2 U3 V30 Card + Adapter
ASDX512GUI3V30S-R,ADATA,NEW,132.84,20,ON-SITE,ADATA Premier Pro 512 GB SDXC UHS-I Class 10
SD512GEX3L2-C,ADATA,NEW,165.79,20,ON-SITE,ADATA Premier Extreme SD8.0 SDXC 512 GB Class 10 UHS-I/U3 V30
SDSQXGN-032G-GN6MN,SanDisk,NEW,25.02,20,ON-SITE,SanDisk Extreme GO 32 GB MicroSDHC UHS-I
SD1TEX3L2-C,ADATA,NEW,308.51,19,ON-SITE,ADATA Technology 1TB SDXC SD8.0 EXPRESS Memory Card
M1A4-0160R12,GoodRam,NEW,7.05,19,ON-SITE,Goodram M1A4-0160R12 memory card 16 GB MicroSDHC Class 10 UHS-I
ASDX256GUI3V30S-R,ADATA,NEW,55.45,17,ON-SITE,ADATA ASDX256GUI3V30S-R memory card 256 GB SDXC UHS-I Class 10
SDSDUGN-032G-GN6IN,SanDisk,NEW,20.07,17,ON-SITE,SanDisk Ultra GO 32 GB SDHC UHS-I
SDSQUGN-256G-GN6MN,SanDisk,NEW,54.46,17,ON-SITE,SanDisk Ultra GO 2 GB MicroSDXC UHS-I
SDSQQVR-256G-GN6IA,SanDisk,NEW,108.14,14,ON-SITE,SanDisk MAX ENDURANCE 256 GB MicroSDXC UHS-I Class 10
SDSDXXO-032G-GN4IN,SanDisk,NEW,23.74,14,ON-SITE,SanDisk Extreme PRO 32 GB SDHC UHS-I Class 10
SDCG4/64GB,Kingston,NEW,27.27,14,ON-SITE,Kingston Technology 64GB microSDXC Canvas Go Plus Gen4 200MB/s A2 U3 V30 Card + Adapter
PEF128GEP32MCX,Patriot Memory,NEW,23.04,14,ON-SITE,Patriot Memory EP A2 memory card 128 GB MicroSDXC V30 U3 Class 10 (PEF128GEP32MCX)
SDSQXGN-256G-GN6MN,SanDisk,NEW,68.27,12,ON-SITE,SanDisk Extreme GO 256 GB MicroSDXC UHS-I
UD256GUI3V30A2SP-RA1,ADATA,NEW,74.66,12,ON-SITE,ADATA Speed Plus 256 GB MicroSDXC Class 10
SDSQXCJ-256G-GS6MA,SanDisk,NEW,80.52,11,ON-SITE,SanDisk Extreme PRO microSD UHS-I 256 GB MicroSDHC
SDG4/64GB,Kingston,NEW,27.56,11,ON-SITE,Kingston Technology Canvas Go! Plus 64GB SDXC Canvas Go Plus Gen4 200MB/s C10 UHS-I U3 V30
UD512GUI3V30A2SP-RA1,ADATA,NEW,132.84,10,ON-SITE,ADATA Speed Plus 512 GB MicroSDXC Class 10
M1A4-1280R12,GoodRam,NEW,18.16,10,ON-SITE,Goodram M1A4-1280R12 memory card 128 GB MicroSDHC Class 10 UHS-I
SDSQUNR-512G-GN3MN,SanDisk,NEW,109.17,10,ON-SITE,SanDisk Ultra 512 GB MicroSDXC UHS-I Class 10
SDSDXGN-256G-GNCIN,SanDisk,NEW,98.75,9,ON-SITE,SanDisk Extreme GO 256 GB SDXC UHS-I
SDS3/128GB,Kingston,NEW,30.84,9,ON-SITE,Kingston Technology 128GB SDXC Canvas Select Plus Gen3 150MB/s C10 UHS-I U1 V10
SDSDUNR-128G-GN3IN,SanDisk,NEW,25.8,7,ON-SITE,SanDisk Ultra memory card 128 GB SDXC UHS-I
PEF256GEPEXMCX,Patriot Memory,NEW,59.86,7,ON-SITE,Patriot Memory EP Express 256 GB MicroSD UHS-I Class 10
PEF256GEP31MCX,Patriot Memory,NEW,44.37,7,ON-SITE,Patriot Memory PEF256GEP31MCX memory card 256 GB MicroSDXC Class 10
ASDX128GUI3V30S-R,ADATA,NEW,28,7,ON-SITE,ADATA ASDX128GUI3V30S-R memory card 128 GB SDXC UHS-I Class 10
SDSDXGN-512G-GNCIN,SanDisk,NEW,195.16,7,ON-SITE,SanDisk Extreme GO 512 GB SDXC UHS-I
LMEX1L064GG2,KIOXIA,NEW,14.34,7,ON-SITE,Kioxia Exceria memory card 64 GB MicroSDXC Class 10 UHS-I
SDSQXCJ-128G-GS6MA,SanDisk,NEW,43,6,ON-SITE,SanDisk Extreme PRO microSD UHS-I 128 GB MicroSDHC
SDCS3/512GB,Kingston,NEW,69.89,6,ON-SITE,Kingston Technology 512GB microSDXC Canvas Select Plus Gen3 150MB/s A1 Card + Adapter
SDG4/256GB,Kingston,NEW,69.12,6,ON-SITE,Kingston Technology Canvas Go! Plus 256GB SDXC Canvas Go Plus Gen4 200MB/s C10 UHS-I U3 V30
SDCG4/512GB,Kingston,NEW,137.56,6,ON-SITE,Kingston Technology 512GB microSDXC Canvas Go Plus Gen4 200MB/s A2 U3 V30 Card + Adapter
SDCE/128GB,Kingston,NEW,62.06,5,ON-SITE,Kingston Technology High Endurance 128 GB MicroSD UHS-I Class 10
SDSQXCJ-1T00-GS6MA,SanDisk,NEW,348.88,5,ON-SITE,SanDisk Extreme Pro microSD UHS-I 1TB MicroSD 250MB/s (Read) / 170MB/s (Write)
SDSQUGN-128G-GN6MN,SanDisk,NEW,30.49,5,ON-SITE,SanDisk Ultra GO 128 GB MicroSDXC UHS-I
SDSDXXJ-256G-GSCIN,SanDisk,NEW,113.34,4,ON-SITE,SanDisk Extreme Pro 256 GB SDXC UHS-I
SDSDXXJ-512G-GSCIN,SanDisk,NEW,195.16,4,ON-SITE,SanDisk Extreme Pro 512 GB SDXC UHS-I
SDSQXGN-512G-GN6MN,SanDisk,NEW,150.86,4,ON-SITE,SanDisk Extreme GO 512 GB MicroSDXC UHS-I
SDS3/256GB,Kingston,NEW,55.68,4,ON-SITE,Kingston Technology 256GB SDXC Canvas Select Plus Gen3 150MB/s C10 UHS-I U1 V10
SDCS3/1TB,Kingston,NEW,112.57,4,ON-SITE,Kingston Technology 1TB microSDXC Canvas Select Plus Gen3 150MB/s A1 Card + Adapter
PEF512GEPEXMCX,Patriot Memory,NEW,148.82,4,ON-SITE,Patriot Memory EP Express memory card 512GB MicroSDXC 800/600 MB/s (PEF512GEPEXMCX)
SDCG4/128GB,Kingston,NEW,39.82,4,ON-SITE,Kingston Technology 128GB microSDXC Canvas Go Plus Gen4 200MB/s A2 U3 V30 Card + Adapter
GGSM2AA-0640R12,GoodRam,NEW,32.31,4,ON-SITE,GOODRAM RIVAL M2AA 64 GB MicroSDXC V30 A2 UHS-I U3 + adapter (GGSM2AA-0640R12)
SDSDXGN-128G-GNCIN,SanDisk,NEW,46.65,3,ON-SITE,SanDisk Extreme GO 128 GB SDXC UHS-I
GGSM2AA-1280R12,GoodRam,NEW,46.77,2,ON-SITE,GOODRAM RIVAL M2AA 128 GB MicroSDXC V30 A2 UHS-I U3 + adapter (GGSM2AA-1280R12)
GGSM2AA-2560R12,GoodRam,NEW,84.03,2,ON-SITE,GOODRAM RIVAL M2AA 256 GB MicroSDXC V30 A2 UHS-I U3 + adapter (GGSM2AA-2560R12)
SDS3/512GB,Kingston,NEW,103.96,1,ON-SITE,Kingston Technology 512GB SDXC Canvas Select Plus Gen3 150MB/s C10 UHS-I U3 V30
SP016GBSTHBU1V10SP,Silicon Power,NEW,5.22,1,ON-SITE,Silicon Power Elite memory card 16 GB MicroSDHC Class 10 UHS-I
GGSM3AA-2560R12,GoodRam,NEW,62.79,1,ON-SITE,GOODRAM RIVAL M3AA 256 GB MicroSDXC V30 UHS-I U3 + adapter (GGSM3AA-2560R12)
SDG4/1TB,Kingston,NEW,227.89,1,ON-SITE,Kingston Technology Canvas Go! Plus 1TB SDXC Canvas Go Plus Gen4 200MB/s C10 UHS-I U3 V30
PEF256GEP92SDX,Patriot Memory,NEW,241.08,1,ON-SITE,Memory card PATRIOT V90 256GB SDXC UHS-II U3 Class 10 (PEF256GEP92SDX)
PEF256GEP33MCX,Patriot Memory,NEW,48.77,1,ON-SITE,Patriot Memory EP DDR200 memory card 256GB MicroSDXC 160/120 MB/s (PEF256GEP33MCX)
PEF512GEP32MCX,Patriot Memory,NEW,86.57,1,ON-SITE,Patriot Memory EP A2 memory card 512 GB MicroSDXC V30 U3 Class 10 (PEF512GEP32MCX)
SDSQXAV-512G-GN6MA,SanDisk,NEW,118.55,1,ON-SITE,SanDisk Extreme 512 GB MicroSDHC UHS-I Class 10
GR5600S564L46/32G,GoodRam,NEW,468.73,200,ON-SITE,Goodram GR5600S564L46/32G memory module 32 GB 1 x 32 GB DDR5 262-pin SO-DIMM
GR5600S564L46S/8G,GoodRam,NEW,128.53,197,ON-SITE,Goodram GR5600S564L46S/8G memory module 8 GB 1 x 8 GB DDR5 262-pin SO-DIMM
GR5600S564L46S/16G,GoodRam,NEW,231.6,175,ON-SITE,Goodram GR5600D564L46S/16G memory module 16 GB 1 x 16 GB DDR5 SO-DIMM
SP016GBSFU320X02,Silicon Power,NEW,94.52,112,ON-SITE,SILICON POWER DDR4 SODIMM RAM memory 3200 MHz CL22 16 GB (SP016GBSFU320X02) Black
GR2666S464L19/16G,GoodRam,NEW,96.53,100,ON-SITE,GOODRAM SO-DIMM DDR4 16GB 2666MHz CL19
GR3200S464L22S/8G,GoodRam,NEW,63.46,100,ON-SITE,Goodram GR3200S464L22S/8G memory module 8 GB 1 x 8 GB DDR4 3200 MHz
GR3200S464L22/16G,GoodRam,NEW,99.56,100,ON-SITE,Goodram GR3200S464L22/16G memory module 16 GB 1 x 16 GB DDR4 3200 MHz
AD5S560016G-S,ADATA,NEW,243.73,61,ON-SITE,ADATA Premier memory module 16 GB 1 x 16 GB DDR5 262-pin SO-DIMM ECC
4X71D09532,Lenovo,NEW,68.23,56,ON-SITE,Lenovo 4X71D09532 memory module 8 GB 1 x 8 GB DDR4 3200 MHz
MN8GSD43200-SI,PNY Technologies,NEW,53.36,32,ON-SITE,Computer memory PNY XLR8 MN8GSD43200-SI RAM module 8GB DDR4 SODIMM 3200MHZ
MN8GSD42666-SB,PNY Technologies,NEW,52.67,27,ON-SITE,PNY MN8GSD42666 memory module 8 GB 1 x 8 GB DDR4 260-pin SO-DIMM
GR3200S464L22/32G,GoodRam,NEW,239.71,20,ON-SITE,Goodram GR3200S464L22/32G memory module 32 GB 1 x 32 GB DDR4 3200 MHz
GR2666S464L19S/8G,GoodRam,NEW,53.68,18,ON-SITE,Goodram GR2666D464L19S/8G memory module 8 GB DDR4 2666 MHz
PSD38G1600L2S,Patriot Memory,NEW,25.05,17,ON-SITE,Patriot Memory 8GB DDR3 PC3-12800 (1600MHz) SODIMM memory module 1 x 8 GB
PSD38G16002S,Patriot Memory,NEW,24.42,14,ON-SITE,Patriot Memory 8GB PC3-12800 memory module 1 x 8 GB DDR3 1600 MHz
GR4800S564L40/32G,GoodRam,NEW,464.15,13,ON-SITE,Goodram GR4800S564L40/32G memory module 32 GB 1 x 32 GB DDR5
PSD48G320082S,Patriot Memory,NEW,52.98,10,ON-SITE,Patriot SO-DIMM DDR4 8GB 3200MHz 512Mx8
PSD48G240081S,Patriot Memory,NEW,52.7,9,ON-SITE,Patriot Memory 8GB DDR4 2400MHz memory module 1 x 8 GB
GR1600S364L11/8G,GoodRam,NEW,40.71,5,ON-SITE,Goodram GR1600S364L11/8G memory module 8 GB 1 x 8 GB DDR3 1600 MHz
GR1600S3V64L11S/4G,GoodRam,NEW,24.16,5,ON-SITE,Goodram 4GB DDR3 memory module 1600 MHz
PSD416G32002S,Patriot Memory,NEW,112.55,5,ON-SITE,Patriot Memory Signature PSD416G32002S memory module 16 GB 1 x 16 GB DDR4 3200 MHz
PSD516G560081S,Patriot Memory,NEW,224.57,4,ON-SITE,Patriot Memory Signature PSD516G560081S memory module 16 GB 1 x 16 GB DDR5 5600 MHz
GR1600S364L11S/4G,GoodRam,NEW,24.06,4,ON-SITE,Goodram 4GB DDR3 PC3-12800 memory module 1600 MHz
KVR32S22S8/16,Kingston,NEW,226.78,4,ON-SITE,Kingston Technology KVR32S22S8/16 memory module 16 GB 1 x 16 GB DDR4 3200 MHz
PVS48G320C8S,Patriot Memory,NEW,59.11,3,ON-SITE,Patriot Memory Viper Steel Viper Stee memory module 8 GB 1 x 8 GB DDR4 3200 MHz
PSC548G5602HS,Patriot Memory,NEW,616.95,2,ON-SITE,Patriot Memory Signature Line Core PSC548G5602HS memory module 48 GB 1 x 48 GB DDR5 5600 MHz
PSD432G32002S,Patriot Memory,NEW,240.06,2,ON-SITE,Patriot Memory Signature PSD432G32002S memory module 32 GB 1 x 32 GB DDR4 3200 MHz
KF556S40IB-16,Kingston,NEW,286.39,1,ON-SITE,Kingston Technology FURY 16GB 5600MT/s DDR5 CL40 SODIMM Impact PnP
UB500,TP-LINK,NEW,6.27,200,ON-SITE,TP-LINK Bluetooth 5.0 Nano USB Adapter
UB500 Plus,TP-LINK,NEW,9.94,200,ON-SITE,TP-Link UB500 Plus interface cards/adapter Bluetooth
USB-BT600,ASUS,NEW,11.75,90,ON-SITE,ASUS USB-BT600 Bluetooth 1.5 Mbit/s
MA530,MERCUSYS,NEW,4.97,82,ON-SITE,Mercusys MA530 Nano USB adapter Bluetooth 5.3
UB400,TP-LINK,NEW,6.29,27,ON-SITE,TP-Link UB400 interface cards/adapter Bluetooth
980-000912,Logitech,NEW,25.4,2,ON-SITE,Logitech Bluetooth Audio Adapter - Blu
ZD4A022-D0EM00EZ,ZEBRA,NEW,244.49,6,ON-SITE,Zebra ZD411 label printer Direct thermal 203 x 203 DPI 152 mm/sec Wired & Wireless Bluetooth
980-000029,Logitech,NEW,13.38,49,ON-SITE,Logitech Speakers S150
980-000814,Logitech,NEW,21.36,36,ON-SITE,Logitech Z150 Multimedia Speakers
IGLSP1,IBOX,NEW,7.86,30,ON-SITE,iBox IGLSP1 loudspeaker Cherry (fruit) Wired 10 W
IGLSP1B,IBOX,NEW,6.71,28,ON-SITE,SPEAKERS I-BOX 2.0 IGLSP1 BLACK
980-001292,Logitech,NEW,38.41,27,ON-SITE,Logitech Z207 Bluetooth Computer Speakers
980-000468,Logitech,NEW,230.01,20,ON-SITE,Logitech Surround Sound Speakers Z906
17595,Trust,NEW,14.65,11,ON-SITE,Trust Remo 2.0 1-way
22946,Trust,NEW,17.95,11,ON-SITE,Trust Arys - PC soundbar 2.0 ch. 6 W black
980-001301,Logitech,NEW,167.16,11,ON-SITE,Logitech G G560 LIGHTSYNC PC Gaming Speakers
980-000403,Logitech,NEW,140.34,10,ON-SITE,Logitech Speaker System Z623
25164,Trust,NEW,7.96,8,ON-SITE,Trust Polo speaker set 4 W Universal Black 2.0 channels 1-way
22948,Trust,NEW,10.68,7,ON-SITE,Trust Gemi Black Wired 6 W
19023,Trust,NEW,73.03,5,ON-SITE,Trust GXT 38 2.1 Black Wired 60 W
25108,Trust,NEW,23.87,4,ON-SITE,Trust GXT 606 JAVV - 12 W speaker (black)
21738,Trust,NEW,109.96,4,ON-SITE,Trust GXT 658 Tytan 5.1 speaker set 90 W Universal Black 5.1 channels
22944,Trust,NEW,81.11,3,ON-SITE,Trust GXT 629 Tytan speaker set 2.1 channels 60 W Black
23120,Trust,NEW,19.71,3,ON-SITE,Trust Arys - RGB LED illuminated 2.0 speaker set (black)
24070,Trust,NEW,21.79,2,ON-SITE,Trust GXT 609 Zoxa - RGB Illuminated Speaker Set
24007,Trust,NEW,33.91,2,ON-SITE,Trust GXT 619 Thorne Black 2.0 channels 6 W
RMS-G8,RAMPAGE,NEW,40.35,2,ON-SITE,RAMPAGE RMS-G8 GAMING SPEAKERS 25 W BT USB SD FM
25110,Trust,NEW,32.58,1,ON-SITE,Trust GXT 619W Thorne - 2.0 channel soundbar 6 W (white)
UH700,TP-LINK,NEW,24.46,91,ON-SITE,TP-Link UH700 USB 3.2 Gen 1 (3.1 Gen 1) Micro-B 5000 Mbit/s Black
UH720,TP-LINK,NEW,31.23,85,ON-SITE,TP-Link UH720 USB 3.2 Gen 1 (3.1 Gen 1) Micro-B 5000 Mbit/s Black
IUH3FAS,IBOX,NEW,3.37,71,ON-SITE,iBOX USB HUB 1x USB 3.0 + 3x USB 2.0
H1208A,UNITEK,NEW,4.59,63,ON-SITE,HUB Unitek H1208A USB-A / 3x USB-A 2.0 USB-A 3.0
UH605,CUDY,NEW,10.2,42,ON-SITE,Cudy UH605 laptop dock/port replicator Wired USB 3.2 Gen 1 (3.1 Gen 1) Type-C Grey Silver
UH5020C,TP-LINK,NEW,23.75,37,ON-SITE,TP-Link UH5020C interface hub USB Type-C 5000 Mbit/s Grey
Y-3089V01,UNITEK,NEW,9.96,35,ON-SITE,UNITEK Y-3089V01 interface hub USB 3.2 Gen 1 (3.1 Gen 1) Type-A 5000 Mbit/s Black
UH500,CUDY,NEW,12.03,34,ON-SITE,Cudy UH500 laptop dock/port replicator USB 3.2 Gen 1 (3.1 Gen 1) Type-C Grey Silver
UH606,CUDY,NEW,15.67,33,ON-SITE,Cudy UH606 laptop dock/port replicator Wired USB 3.2 Gen 1 (3.1 Gen 1) Type-C Grey Silver
IUH3FB,IBOX,NEW,5.38,29,ON-SITE,iBox IUH3FB interface hub 5000 Mbit/s Black
IUH3F56,IBOX,NEW,4.39,25,ON-SITE,iBox IUH3F56 interface hub USB 3.2 Gen 1 (3.1 Gen 1) Type-A 5000 Mbit/s Black
IUH3SL4K,IBOX,NEW,9.92,24,ON-SITE,iBox IUH3SL4K interface hub USB Type-C 5000 Mbit/s Silver
CKOHB,Vention,NEW,6.28,20,ON-SITE,Vention USB 3.0 to USB 3.0/USB 2.0*3 Mini Hub 0.15M Gray Metal Type
UH405,CUDY,NEW,10.47,17,ON-SITE,CUDY UH405 5-IN-1 USB-C Hub with HDMI 4K
IUH3RJ4K,IBOX,NEW,11.57,13,ON-SITE,iBox IUH3RJ4K interface hub USB Type-C 5000 Mbit/s Silver
UH401,CUDY,NEW,6.81,13,ON-SITE,Cudy UH401 USB graphics adapter Grey Silver
H1124AGY01,UNITEK,NEW,26.1,10,ON-SITE,UNITEK USB-C 7-in-1 PD 100W HDMI 2.0 HUB WITH ON/OFF SWITCH
GX90X21431,Lenovo,NEW,25.97,10,ON-SITE,Lenovo GX90X21431 laptop dock/port replicator USB 3.2 Gen 2 (3.1 Gen 2) Type-C Black
UH400,TP-LINK,NEW,9.44,6,ON-SITE,TP-Link UH400 USB 3.2 Gen 1 (3.1 Gen 1) Type-A 5000 Mbit/s Black
H1107A,UNITEK,NEW,13.19,4,ON-SITE,UNITEK H1107A interface hub USB 3.2 Gen 1 (3.1 Gen 1) Type-A 5000 Mbit/s Grey
D1122A01,UNITEK,NEW,54.92,3,ON-SITE,UNITEK ACTIVE HUB USB-C 2X HDMI 4K RJ45 PD 100W
IUHCHDVGA,IBOX,NEW,7.56,3,ON-SITE,iBox IUHCHDVGA USB Type-C Hub 4-in-1 USB 3.0 + PD 100W + HDMI 4K 30Hz + VGA Full HD
UH7020C,TP-LINK,NEW,25.84,3,ON-SITE,TP-Link UH7020C interface hub USB 3.2 Gen 1 (3.1 Gen 1) Type-C 5000 Mbit/s
TGZHB,Vention,NEW,10.03,2,ON-SITE,Hub 5v1 USB-C 3.0 Vention 0.15m
D1120A01,UNITEK,NEW,48.56,2,ON-SITE,UNITEK ACTIVE HUB USB-C 10GBPS M.2 HDMI PD 100W
H1337AGY01,UNITEK,NEW,13.83,2,ON-SITE,UNITEK H1337AGY01 interface hub USB 3.2 Gen 1 (3.1 Gen 1) Type-C 5000 Mbit/s Grey
H1209AGY01,UNITEK,NEW,7.45,1,ON-SITE,Unitek H1209AGY01 USB-A 5Gbps 7in1 USB hub
CHOBB,Vention,NEW,8.33,1,ON-SITE,Vention 5-in-1 USB 3.2 Gen 2 Hub
TGXHB,Vention,NEW,11.73,1,ON-SITE,Hub 5v1 USB-AVention 0.15m
UH6120C,TP-LINK,NEW,30.53,1,ON-SITE,TP-Link UH6120C interface hub USB Type-C Grey
960-001592,Logitech,NEW,21.19,57,ON-SITE,Logitech 960-001592 webcam 2 MP
960-001360,Logitech,NEW,51.61,48,ON-SITE,Logitech C920e HD 1080p webcam 1920 x 1080 pixels USB 3.2 Gen 1 (3.1 Gen 1) Black
960-001063,Logitech,NEW,15.91,46,ON-SITE,Logitech C270 HD WEBCAM
960-001585,Logitech,NEW,30.34,45,ON-SITE,Logitech Brio 100 webcam 2 MP 1920 x 1080 pixels USB Graphite
960-001076,Logitech,NEW,50.89,41,ON-SITE,Logitech C925e Business Webcam
960-001102,Logitech,NEW,396.91,36,ON-SITE,Logitech MeetUp Black 3840 x 2160 pixels 30 fps
960-001364,Logitech,NEW,43.04,30,ON-SITE,Logitech C505 webcam 1280 x 720 px USB Black
695J6AA,Hewlett-Packard,NEW,116.44,27,ON-SITE,HP 960 4K Streaming Webcam
960-001422,Logitech,NEW,93.99,21,ON-SITE,Logitech Brio 500 Full HD Webcam
960-001106,Logitech,NEW,181.83,20,ON-SITE,Logitech BRIO ULTRA HD PRO BUSINESS WEBCAM
960-001065,Logitech,NEW,19.32,18,ON-SITE,Logitech C310 HD WEBCAM
960-001746,Logitech,NEW,96.79,17,ON-SITE,Logitech Brio 4K webcam 13 MP 4096 x 2160 pixels USB Black
960-000972,Logitech,NEW,63.48,16,ON-SITE,Logitech C930e Business Webcam
GXC1S15023,Lenovo,NEW,30.62,16,ON-SITE,Lenovo GXC1S15023 webcam 1920 x 1080 pixels USB 2.0 Grey
960-001436,Logitech,NEW,54.53,13,ON-SITE,Logitech Brio 300 Full HD webcam 2 MP 1920 x 1080 pixels USB Graphite
53X26AA,Hewlett-Packard,NEW,30.97,9,ON-SITE,HP 320 FHD Webcam
4XC1S15018,Lenovo,NEW,38.03,7,ON-SITE,Lenovo Essential FHD Gen2 webcam 1920 x 1080 pixels USB 2.0 Black
25548,Trust,NEW,21.89,2,ON-SITE,Trust Tanor - 1080p Full HD webcam (black)
960-001055,Logitech,NEW,67.5,1,ON-SITE,Logitech C920 Pro HD Webcam
960-001559,Logitech,NEW,163.16,1,ON-SITE,Logitech MX Brio
GXC1S15022,Lenovo,NEW,26.6,1,ON-SITE,Lenovo 310 webcam 1920 x 1080 pixels USB 2.0 White
920-002479,Logitech,NEW,8.87,200,ON-SITE,Logitech Keyboard K120 for Business
920-004508,Logitech,NEW,23.75,200,ON-SITE,Logitech MK270 keyboard Mouse included Home RF Wireless QWERTY US International Black
920-007145,Logitech,NEW,29.31,200,ON-SITE,Logitech K400 Plus keyboard RF Wireless Dutch Black
580-AKPT,Dell,NEW,50.96,194,ON-SITE,DELL KB700 keyboard Bluetooth QWERTY US International Grey
GY40T26478,Lenovo,NEW,62.16,108,ON-SITE,Lenovo Legion K500 keyboard Gaming USB QWERTY US English Black Grey
580-ADHK,Dell,NEW,16.96,99,ON-SITE,DELL KB216 keyboard USB QWERTY US International Black
580-17667,Dell,NEW,21.41,93,ON-SITE,DELL KB522 keyboard USB QWERTY US International Black
GY41N91873,Lenovo,NEW,32.35,49,ON-SITE,Lenovo K310 keyboard Gaming USB US English Black
GY41R69583,Lenovo,NEW,54.27,49,ON-SITE,Lenovo 800 Self-Charging Bluetooth Keyboard – US English
692S8AA,Hewlett-Packard,NEW,26.66,35,ON-SITE,HP 350 Compact Multi-Device Bluetooth Keyboard
920-011587,Logitech,NEW,89.9,34,ON-SITE,Logitech Master MX Keys S
920-012077,Logitech,NEW,30.43,26,ON-SITE,Logitech MK370 Combo for Business
4Y41R69494,Lenovo,NEW,58.93,26,ON-SITE,Lenovo 4Y41R69494 keyboard Home/Office Bluetooth US English Black Green
3L1E7AA,Hewlett-Packard,NEW,21.5,25,ON-SITE,HP 230 Wireless Keyboard
920-010498,Logitech,NEW,71.32,21,ON-SITE,Logitech MX Keys Mini Minimalist Wireless Illuminated Keyboard RF Wireless + Bluetooth QWERTY English Graphite
IKC2010G,IBOX,NEW,3.84,19,ON-SITE,iBox IKC2010G keyboard Home USB QWERTY English Grey Black
IKC2010B,IBOX,NEW,3.81,17,ON-SITE,iBox IKC2010B keyboard Home USB QWERTY English Black
920-008093,Logitech,NEW,44.78,11,ON-SITE,Logitech G G213 Prodigy Gaming Keyboard
920-012159,Logitech,NEW,149.4,9,ON-SITE,Logitech G PRO X TKL keyboard Gaming RF Wireless + Bluetooth QWERTY US International Magenta
IKC3010B,IBOX,NEW,6.3,7,ON-SITE,iBox IKC3010B keyboard Home USB QWERTY Black
24722,Trust,NEW,22.59,7,ON-SITE,Trust GXT 836 Evocx keyboard Gaming USB QWERTY US English Black
AUH84-P-DK-E,AULA,NEW,76.95,6,ON-SITE,HERO84 HE PINK+Gradient+Contour Dragon King RGB AULA gasket keyboard
90XB0A10-BKB050,ASUS,NEW,44.6,6,ON-SITE,ASUS KD201 Jelly75 Volt Green Wireless Keyboard
7E755AA,Hewlett-Packard,NEW,112.81,5,ON-SITE,HP 960 Ergonomic Wireless Keyboard
LEAMG65-P-LF,AULA,NEW,98.72,4,ON-SITE,AULA Gasket AMG65 Purple LightFeather RGB Keyboard
692S8AA,Hewlett-Packard,NEW,27.48,3,ON-SITE,HP 350 Compact Multi-Device Bluetooth Keyboard
805T2AA,Hewlett-Packard,NEW,17.96,3,ON-SITE,HP 220 Wireless Keyboard
25511,Trust,NEW,26.51,3,ON-SITE,Trust Vaiya US Black USB + RF Wireless + Bluetooth - keyboard
25459,Trust,NEW,48.28,3,ON-SITE,Trust Keyra Ergonomic multidevice wireless keyboard
25732,Trust,NEW,23.56,3,ON-SITE,Trust Primo Beleuchtete keyboard Home/Office USB QWERTY US English Black
LEAMG65-B-LF,AULA,NEW,98.69,2,ON-SITE,AULA Gasket AMG65 Blue LightFeather RGB Keyboard
AUF87PV2-OS-KMICS,AULA,NEW,71.01,2,ON-SITE,AULA Gasket F87 Pro V2 Orange Soda Kailh Meteorite Ice Cream RGB Keyboard
24910,Trust,NEW,60.28,2,ON-SITE,Trust GXT 866 TORIX keyboard Gaming USB QWERTY US International Black
7N7B8AA,Hewlett-Packard,NEW,34.25,2,ON-SITE,HP 460 Multi-Device Bluetooth Keyboard
8T6M1AA#ABB,Hewlett-Packard,NEW,37.75,2,ON-SITE,HP 480 Comfort Wired Keyboard
8T6L8AA,Hewlett-Packard,NEW,51.27,2,ON-SITE,HP 680 Comfort Dual-Mode Keyboard
692T0AA,Hewlett-Packard,NEW,27.48,1,ON-SITE,HP 350 Compact Multi-Device Bluetooth Keyboard
7N7C2AA,Hewlett-Packard,NEW,34.45,1,ON-SITE,HP 430 Programmable Wireless Keypad
IKGMK5,IBOX,NEW,49.31,1,ON-SITE,iBox Aurora K-5 keyboard USB QWERTY Silver
IKGMK6,IBOX,NEW,39.63,1,ON-SITE,iBox AURORA K-6 keyboard Universal RF Wireless + Bluetooth QWERTY English Black
25347,Trust,NEW,17.76,1,ON-SITE,Trust Primo - set (wireless keyboard + wireless mouse) black
KM900-GR-GER,Dell,NEW,150.71,1,ON-SITE,DELL Pro Premium Collaboration Keyboard and Mouse - KM900 - German (QWERTZ)
920-010945,Logitech,NEW,41.06,1,ON-SITE,Logitech SIGNATURE K650. Type in comfort. Get more done
4Y41R69489,Lenovo,NEW,56.62,1,ON-SITE,Lenovo 4Y41R69489 keyboard Home/Office Bluetooth US English Black Green
920-007931,Logitech,NEW,20.58,200,ON-SITE,Logitech MK235 keyboard Mouse included USB QWERTY US International Grey
920-003161,Logitech,NEW,15.65,200,ON-SITE,Logitech G MK220 keyboard RF Wireless QWERTY US International Black
910-004909,Logitech,NEW,13.46,174,ON-SITE,MOUSE LOGITECH M330 SILENT PLUS BLACK
920-004509,Logitech,NEW,18.43,161,ON-SITE,Logitech Wireless Combo MK270
GX30M39606,Lenovo,NEW,24.78,104,ON-SITE,Lenovo 300 keyboard Mouse included Universal USB QWERTY US English Black
1Y4D0UT,Hewlett-Packard,NEW,22.97,104,ON-SITE,HP 235 Wireless Mouse and Keyboard Combo
GX31L52655,Lenovo,NEW,19.18,94,ON-SITE,Lenovo 160 keyboard Mouse included Home/Office USB US English Black
920-009800,Logitech,NEW,27.64,76,ON-SITE,Logitech MK295 Silent Wireless Combo
GX31R09775,Lenovo,NEW,23.66,69,ON-SITE,Lenovo 310 USB-A Wired Combo US English GX31R09775 Black
920-003989,Logitech,NEW,27.8,59,ON-SITE,Logitech Wireless Combo MK330
920-008685,Logitech,NEW,36.13,53,ON-SITE,Logitech MK540 Advanced
920-006489,Logitech,NEW,31.82,48,ON-SITE,Logitech Wireless Combo MK345
IKMS606,IBOX,NEW,8.41,30,ON-SITE,iBox IKMS606 keyboard Mouse included Home USB QWERTY UK English Black
240J7AA#ABD,Hewlett-Packard,NEW,17.09,17,ON-SITE,HP 150 Wired Mouse and Keyboard
920-009204,Logitech,NEW,39.29,14,ON-SITE,Logitech Slim Wireless Combo MK470
9T5A9AA,Hewlett-Packard,NEW,65.82,12,ON-SITE,HP 720 Multi-Device Rechargeable Wireless Keyboard and Mouse Combo
18H24AA#ABB,Hewlett-Packard,NEW,26.95,10,ON-SITE,HP 230 Wireless Mouse and Keyboard Combo
IKM5010W,IBOX,NEW,8.84,10,ON-SITE,Wireless keyboard + mouse set iBOX Workstation Pro Kit
KM7321WGY-GER,Dell,NEW,77.15,8,ON-SITE,Dell KM7321W RF Wireless keyboard
25465,Trust,NEW,22.58,8,ON-SITE,Trust Ody II Wireless US - set (keyboard + mouse) white
920-009205,Logitech,NEW,51.2,6,ON-SITE,Logitech Slim Wireless Combo MK470
920-010933,Logitech,NEW,155.86,6,ON-SITE,Logitech Master MX Keys Combo for Bussiness keyboard Mouse included Office RF Wireless + Bluetooth QWERTY US International Graphite
8T6L6AA,Hewlett-Packard,NEW,68.36,4,ON-SITE,HP 680 Comfort Dual-Mode Keyboard and Mouse Combo
18H24AA#ABD,Hewlett-Packard,NEW,25.68,2,ON-SITE,HP 230 Wireless Mouse and Keyboard Combo
25018,Trust,NEW,23.06,2,ON-SITE,Trust Ody II keyboard Mouse included Universal RF Wireless QWERTY US English Black
24354,Trust,NEW,144.01,3,ON-SITE,Trust GXT 255+ Onyx Black PC microphone
25769,Trust,NEW,53.1,1,ON-SITE,Trust GXT 269 Emita II Black Studio microphone
NCAB0,Vention,NEW,70.19,1,ON-SITE,Set of 2 Vention USB-C microphones + charging case
910-007119,Logitech,NEW,12.3,200,ON-SITE,Bluetooth Mouse LOGITECH M240 Silent Graphite
910-006652,Logitech,NEW,4.2,200,ON-SITE,Logitech Mouse M100
GY51L52636,Lenovo,NEW,4.71,200,ON-SITE,Lenovo GY51L52636
910-001793,Logitech,NEW,3.67,200,ON-SITE,Logitech Mouse M90
910-005905,Logitech,NEW,9.49,200,ON-SITE,Logitech M190 mouse RF Wireless Optical 1000 DPI Ambidextrous
910-002235,Logitech,NEW,8.12,200,ON-SITE,Logitech Wireless Mouse M185
910-002236,Logitech,NEW,7.57,200,ON-SITE,Logitech Wireless Mouse M185
910-004424,Logitech,NEW,7.32,200,ON-SITE,Logitech M170 Wireless Mouse
570-ABHK,Dell,NEW,19.13,191,ON-SITE,DELL Mobile Wireless Mouse – MS3320W - Black
910-005470,Logitech,NEW,36.85,190,ON-SITE,Logitech G G502 HERO mouse Right-hand USB Type-A Optical 16000 DPI
IMOF007,IBOX,NEW,1.6,187,ON-SITE,iBOX i007 wired optical mouse black
910-006236,Logitech,NEW,29.59,176,ON-SITE,Logitech Signature M650 L Wireless Mouse
910-003360,Logitech,NEW,3.69,171,ON-SITE,Logitech B100 Optical Combo Mouse
GY51S61904,Lenovo,NEW,15.5,163,ON-SITE,Lenovo 350 mouse Office Ambidextrous Bluetooth Optical 2400 DPI
910-002238,Logitech,NEW,8.28,159,ON-SITE,Logitech M185 mouse RF Wireless Optical.
910-006034,Logitech,NEW,22.1,132,ON-SITE,Logitech Marathon Mouse M705
910-005907,Logitech,NEW,9.04,120,ON-SITE,Logitech M190 mouse RF Wireless Optical 1000 DPI Ambidextrous
910-004878,Logitech,NEW,11.1,119,ON-SITE,Logitech M220 SILENT
910-004798,Logitech,NEW,7.02,115,ON-SITE,Logitech B170 Wireless Mouse
GY51L52638,Lenovo,NEW,9.58,112,ON-SITE,Wireless mouse - Lenovo 150 Wireless Mouse GY51L52638
910-005906,Logitech,NEW,8.6,109,ON-SITE,Logitech M190 mouse RF Wireless Optical 1000 DPI Ambidextrous
910-002237,Logitech,NEW,8.2,105,ON-SITE,Logitech LGT-M185R
910-004791,Logitech,NEW,38.85,104,ON-SITE,Logitech M720 Triathlon Mouse
4Y50X88822,Lenovo,NEW,29.08,99,ON-SITE,Lenovo 4Y50X88822 mouse Gaming Ambidextrous Bluetooth Optical 2400 DPI
GY51S61907,Lenovo,NEW,10.43,97,ON-SITE,Lenovo 350 mouse Office Ambidextrous Bluetooth Optical 2400 DPI
570-AAIS,Dell,NEW,8.32,94,ON-SITE,DELL MS116 mouse USB Type-A Optical 1000 DPI Ambidextrous
4Y51C21216,Lenovo,NEW,30.6,92,ON-SITE,Lenovo Go mouse Office Ambidextrous RF Wireless Optical 2400 DPI
910-006253,Logitech,NEW,26.9,70,ON-SITE,Logitech Signature M650 Wireless Mouse
MXK63Z/A,Apple,NEW,83.29,69,ON-SITE,Apple Magic mouse Office Ambidextrous Bluetooth
910-005508,Logitech,NEW,6.53,68,ON-SITE,Logitech B110 Silent
910-001949,Logitech,NEW,24.72,62,ON-SITE,Logitech Marathon Mouse M705
910-007120,Logitech,NEW,11.87,58,ON-SITE,Logitech M240 Silent mouse Travel Ambidextrous RF Wireless + Bluetooth 4000 DPI
90XB0AH0-BMU010,ASUS,NEW,8.36,50,ON-SITE,ASUS MD105 /VT-GN mouse Universal Right-hand RF Wireless + Bluetooth 2400 DPI
910-004640,Logitech,NEW,7.23,48,ON-SITE,Logitech M170 Wireless Mouse
570-AAIR,Dell,NEW,8.32,47,ON-SITE,DELL MS116 mouse Ambidextrous USB Type-A Optical 1000 DPI
910-006473,Logitech,NEW,42.7,45,ON-SITE,Logitech Lift Vertical Ergonomic Mouse
GY51D20867,Lenovo,NEW,16.57,45,ON-SITE,Lenovo 540 mouse Ambidextrous RF Wireless Optical 2400 DPI
910-006929,Logitech,NEW,61.56,44,ON-SITE,Logitech MX Anywhere 3S mouse Office Right-hand RF Wireless + Bluetooth Laser 8000 DPI
43N05AA,Hewlett-Packard,NEW,11.07,42,ON-SITE,HP 240 Empire Red Bluetooth Mouse
GY51S61919,Lenovo,NEW,21.04,40,ON-SITE,Lenovo Yoga mouse Office Ambidextrous Bluetooth Optical 4000 DPI
910-007015,Logitech,NEW,16.44,38,ON-SITE,Logitech Pebble 2 M350s mouse Travel Ambidextrous RF Wireless + Bluetooth Optical 4000 DPI
4Y50R20864,Lenovo,NEW,13.39,38,ON-SITE,Lenovo 4Y50R20864 mouse Office Ambidextrous RF Wireless Optical
910-004287,Logitech,NEW,17.11,37,ON-SITE,Logitech Wireless Mouse M280
910-004641,Logitech,NEW,7.67,36,ON-SITE,Logitech M170 Wireless Mouse
910-005823,Logitech,NEW,16.26,36,ON-SITE,Logitech G G102 LIGHTSYNC mouse USB Type-A 8000 DPI
90XB0AH0-BMU000,ASUS,NEW,8.36,36,ON-SITE,ASUS MD105 /MK-WH mouse Universal Right-hand RF Wireless + Bluetooth 2400 DPI
V0L81AA,Hewlett-Packard,NEW,13.17,33,ON-SITE,HP Z3700 Blue Wireless Mouse
GY51F09725,Lenovo,NEW,8.31,32,ON-SITE,Lenovo 530 Wireless Mouse – Platinum Grey
7KX12AA,Hewlett-Packard,NEW,13.99,30,ON-SITE,HP 220 mouse RF Wireless Optical
GY50R91293,Lenovo,NEW,10.25,28,ON-SITE,Lenovo GY50R91293 mouse Office Ambidextrous RF Wireless Optical 1200 DPI
4VY82AA,Hewlett-Packard,NEW,15.5,28,ON-SITE,HP Wireless Mouse Z3700 - White/Pink
IMOF009WG,IBOX,NEW,4.37,26,ON-SITE,iBOX i009W Rosella wireless optical mouse grey
90XB08U0-BMU010,ASUS,NEW,11.76,25,ON-SITE,ASUS Fragrance MD101 mouse Home Ambidextrous RF Wireless + Bluetooth Optical 2400 DPI
IMLAF005,IBOX,NEW,3.28,25,ON-SITE,iBox i005 mouse Ambidextrous USB Type-A Laser 1600 DPI
GY51C96033,Lenovo,NEW,49.49,25,ON-SITE,Lenovo Legion M600 Wireless Gaming mouse Ambidextrous RF Wireless + Bluetooth + USB Type-A Optical 16000 DPI
910-006764,Logitech,NEW,5.7,25,ON-SITE,Logitech Mouse M100
GX30K79401,Lenovo,NEW,11.7,24,ON-SITE,Lenovo 300 mouse Travel Ambidextrous RF Wireless Laser 1000 DPI
7KX11AA,Hewlett-Packard,NEW,13.6,24,ON-SITE,HP 220 mouse Ambidextrous RF Wireless
7UH88AA,Hewlett-Packard,NEW,13.39,22,ON-SITE,HP Wireless Mouse Z3700
81S67AA,Hewlett-Packard,NEW,11.92,22,ON-SITE,HP 245 Bluetooth Mouse
90XB08U0-BMU000,ASUS,NEW,11.76,21,ON-SITE,ASUS Fragrance MD101 mouse Home Ambidextrous RF Wireless + Bluetooth Optical 2400 DPI
7KX10AA,Hewlett-Packard,NEW,12.75,21,ON-SITE,HP Wireless Mouse 220 (Sunset Red)
GY51S61910,Lenovo,NEW,13.81,21,ON-SITE,Lenovo 350 mouse Office Ambidextrous Bluetooth Optical 2400 DPI
IMOS604,IBOX,NEW,4.82,21,ON-SITE,iBox Swift mouse Right-hand RF Wireless Optical 1600 DPI
910-007577,Logitech,NEW,113.6,20,ON-SITE,Logitech MX Master 4 for Mac mouse Office Right-hand Bluetooth Laser 8000 DPI
910-007014,Logitech,NEW,19.48,20,ON-SITE,Logitech Pebble 2 M350s mouse Travel Ambidextrous RF Wireless + Bluetooth Optical 4000 DPI
GY50X79385,Lenovo,NEW,47.15,20,ON-SITE,Lenovo Legion M600 Wireless Gaming mouse Ambidextrous RF Wireless + Bluetooth + USB Type-A Optical 16000 DPI
2S9L1AA,Hewlett-Packard,NEW,11.91,19,ON-SITE,HP 150 Wireless Mouse
910-005448,Logitech,NEW,54.73,18,ON-SITE,Logitech MX Vertical Advanced Ergonimic mouse RF Wireless+Bluetooth Optical 4000 DPI Right-hand
GY51S61925,Lenovo,NEW,20.18,17,ON-SITE,Lenovo Yoga mouse Office Ambidextrous Bluetooth Optical 4000 DPI
V0L80AA,Hewlett-Packard,NEW,13.81,17,ON-SITE,HP Z3700 White Wireless Mouse
GY51D20869,Lenovo,NEW,15.94,17,ON-SITE,Lenovo 540 mouse Ambidextrous RF Wireless Optical 2400 DPI
GY51D20878,Lenovo,NEW,7.47,17,ON-SITE,Lenovo GY51D20878 mouse Ambidextrous USB Type-C Optical 2400 DPI
3V0G9AA,Hewlett-Packard,NEW,14.15,16,ON-SITE,HP 240 Black Bluetooth Mouse
2HU83AA,Hewlett-Packard,NEW,12.51,16,ON-SITE,HP 200 mouse RF Wireless Optical 1000 DPI Ambidextrous
4Y51R29290,Lenovo,NEW,41.36,15,ON-SITE,Lenovo 4Y51R29290 mouse Universal Ambidextrous Bluetooth + USB Type-C Optical 2400 DPI
910-006630,Logitech,NEW,103.45,15,ON-SITE,Logitech G 910-006630 mouse Gaming Right-hand RF Wireless Optical 32000 DPI
910-004911,Logitech,NEW,16.97,15,ON-SITE,Mouse Logitech M330 Silent Plus Red
910-006180,Logitech,NEW,85.9,14,ON-SITE,Logitech G G502 X LIGHTSPEED Wireless Gaming Mouse
GY51D20877,Lenovo,NEW,8.31,13,ON-SITE,Lenovo 540 mouse Office Ambidextrous USB Type-C Optical
GY51S61898,Lenovo,NEW,16.78,13,ON-SITE,Lenovo 700 mouse Office Ambidextrous RF Wireless + Bluetooth Optical 4000 DPI
793F9AA,Hewlett-Packard,NEW,12.52,12,ON-SITE,HP Bluetooth Mouse 240 Lunar White
910-006238,Logitech,NEW,28.18,11,ON-SITE,Logitech Signature M650 L Wireless mouse 2000 DPI white
IMOF008WR,IBOX,NEW,3.14,11,ON-SITE,iBox LORIINI mouse Ambidextrous RF Wireless Optical 1600 DPI
IMOF008WBL,IBOX,NEW,3.11,10,ON-SITE,iBox LORIINI mouse Ambidextrous RF Wireless Optical 1600 DPI
25295,Trust,NEW,4.75,10,ON-SITE,Trust TM-101 mouse Home Ambidextrous USB Type-A Optical 1200 DPI
GY51D20879,Lenovo,NEW,7.67,10,ON-SITE,Lenovo 540 mouse Office Ambidextrous USB Type-C Optical 2400 DPI
171D8AA,Hewlett-Packard,NEW,15.41,10,ON-SITE,HP Z3700 Ceramic White Wireless Mouse
6H1A4AA,Hewlett-Packard,NEW,69.89,9,ON-SITE,HP Wireless Mouse 920 Ergo Vertical Black
B8YX3AA,Hewlett-Packard,NEW,61.33,9,ON-SITE,HP Ultra-Fast-Scroll Wireless Mouse 780M
910-006239,Logitech,NEW,27.51,9,ON-SITE,Logitech Signature M650 L Wireless Mouse
4Y51J62544,Lenovo,NEW,23.17,8,ON-SITE,Lenovo 4Y51J62544 mouse Right-hand Bluetooth Optical 2400 DPI
BH7N4AA,Hewlett-Packard,NEW,44.39,8,ON-SITE,HP Tilt Ergo PNK MSE 720M EMEA-INTL EN L mouse Right-hand RF Wireless + Bluetooth 6000 DPI
6E6F2AA,Hewlett-Packard,NEW,54.97,7,ON-SITE,HP 710 Rechargeable Silent Mouse
V0L82AA,Hewlett-Packard,NEW,13.39,7,ON-SITE,HP Z3700 Red Wireless Mouse
4Y51S61876,Lenovo,NEW,18.05,7,ON-SITE,Lenovo Pro Plus 6050 mouse Office Ambidextrous RF Wireless + Bluetooth Optical 2400 DPI
910-007617,Logitech,NEW,106.19,7,ON-SITE,Logitech MX Master 4 for Business - Graphite
24706,Trust,NEW,5.96,6,ON-SITE,Trust TM-201 mouse Office Right-hand RF Wireless Optical 1600 DPI
25673,Trust,NEW,18.35,6,ON-SITE,Trust 25673 mouse Universal Ambidextrous Bluetooth 3200 DPI
AZ7B7AA,Hewlett-Packard,NEW,18.92,6,ON-SITE,HP 400 Quiet Purple Wireless Mouse
BH0Z4AA,Hewlett-Packard,NEW,44.39,6,ON-SITE,HP Tilt Ergonomic Mouse 720M
910-006582,Logitech,NEW,70.24,5,ON-SITE,Logitech MX Master 3S for Business
26018,Trust,NEW,18.93,5,ON-SITE,Trust Seron Slim Multi mouse Office Ambidextrous RF Wireless + Bluetooth Optical 3200 DPI
IMOF010,IBOX,NEW,2.21,5,ON-SITE,iBOX i010 Rook wired optical mouse black
25132,Trust,NEW,20.45,4,ON-SITE,Trust Verto Vertical Ergonomic wireless mouse white (25132)
25146,Trust,NEW,30.45,4,ON-SITE,Trust Bayo+ mouse Office Right-hand RF Wireless + Bluetooth Optical 2400 DPI
AZ7B4AA,Hewlett-Packard,NEW,18.92,4,ON-SITE,HP 400 Quiet Blue Wireless Mouse
AUSC900P-R,AULA,NEW,53.14,3,ON-SITE,AULA SC900 Pro Red Mouse
7M1D3AA,Hewlett-Packard,NEW,22.08,3,ON-SITE,HP 420 Programmable Bluetooth Mouse
1D0K9AA,Hewlett-Packard,NEW,55.09,3,ON-SITE,HP 930 Creator Wireless Mouse
GY51H47355,Lenovo,NEW,48.86,3,ON-SITE,MYSZ LENOVO LEGION M600S QI BEZPRZEWODOWA MYSZ DO GIER STORM GREY
GY50X88832,Lenovo,NEW,20.17,3,ON-SITE,Lenovo 600 mouse Bluetooth Optical 2400 DPI
25399,Trust,NEW,34.54,3,ON-SITE,Trust Bayo+ mouse Office Right-hand RF Wireless + Bluetooth Optical 2400 DPI
25674,Trust,NEW,7.91,3,ON-SITE,Trust 25674 mouse Universal Ambidextrous Bluetooth 3200 DPI
IMOF009WBL,IBOX,NEW,4.36,3,ON-SITE,iBOX i009W Rosella wireless optical mouse blue
910-002201,Logitech,NEW,12.48,3,ON-SITE,Logitech Wireless Mouse M235
IMLAF005W,IBOX,NEW,4.27,2,ON-SITE,iBox i005 PRO mouse Ambidextrous RF Wireless Laser 1600 DPI
24729,Trust,NEW,15.12,2,ON-SITE,Trust GXT 922 YBAR mouse Right-hand USB Type-A Mechanical 7200 DPI
GY51L15679,Lenovo,NEW,8.35,2,ON-SITE,Lenovo 300 Wireless Compact Maus Kabellos Optisch Blau 3 Tasten 1000 dpi mouse Ambidextrous RF Wireless Optical
9C2F6AA#ABB,Hewlett-Packard,NEW,26.34,2,ON-SITE,HP 510 Ultra-Fast Rechargeable Wireless Mouse
X7Q43AA,Hewlett-Packard,NEW,13.39,2,ON-SITE,HP Z3700 Gold Wireless Mouse
4QM14AA,Hewlett-Packard,NEW,5.78,2,ON-SITE,HP Wired Mouse 1000
LEGM3B,AULA,NEW,27.64,2,ON-SITE,LEOBOG GM3 Black Mouse with Charging Dock
V0L79AA,Hewlett-Packard,NEW,13.39,1,ON-SITE,HP Z3700 Black Wireless Mouse
AZ7B0AA,Hewlett-Packard,NEW,36.5,1,ON-SITE,HP 700 Rechargeable Wireless Mouse
910-006958,Logitech,NEW,57.74,1,ON-SITE,Logitech MX Anywhere 3S for Business
910-006930,Logitech,NEW,75.06,1,ON-SITE,Logitech MX Anywhere 3S
25991,Trust,NEW,18.97,1,ON-SITE,Trust Zevo mouse Universal Right-hand RF Wireless + Bluetooth Optical 4000 DPI
IMOF011,IBOX,NEW,1.62,1,ON-SITE,iBOX i011 Seagull wired optical mouse white
A4HT2AA#AC3,POLY,NEW,109.38,200,ON-SITE,HP Poly Voyager Focus 2-M USB-C-C Headset USB-C/A Adapter Charging Stand
981-000406,Logitech,NEW,18.77,200,ON-SITE,Logitech H390 USB Computer Headset
981-000100,Logitech,NEW,14.32,200,ON-SITE,Logitech 960 USB Computer Headset
981-000770,Logitech,NEW,42.72,187,ON-SITE,Logitech G G432 Gaming Headset
C01B3AA,Hewlett-Packard,NEW,34.57,90,ON-SITE,HP Poly Mission 425 Stereo USB Wired Headset Classic
1000432,EPOS,NEW,22.48,65,ON-SITE,EPOS PC8 USB HANDSET
981-001213,Logitech,NEW,65.25,50,ON-SITE,Logitech Zone Vibe 100 Headset Wireless Head-band Calls/Music Bluetooth Graphite
C01A9AA,Hewlett-Packard,NEW,28.62,50,ON-SITE,HP Poly Mission 415 Monaural USB Wired Headset Classic
C01B6AA,Hewlett-Packard,NEW,40.08,50,ON-SITE,HP Poly Mission 425 Stereo USB Wired Headset
C01C6AA,Hewlett-Packard,NEW,81.17,41,ON-SITE,HP Poly Mission 625 Stereo USB Wired Headset
C01F8AA,Hewlett-Packard,NEW,83.29,30,ON-SITE,HP Poly Mission 815 Monaural USB Wired Headset
C01B2AA,Hewlett-Packard,NEW,36.69,28,ON-SITE,HP Poly Mission 415 Monaural USB Wired Headset
C01C3AA,Hewlett-Packard,NEW,77.1,28,ON-SITE,HP Poly Mission 615 Monaural USB Wired Headset
1000445,EPOS,NEW,13.51,27,ON-SITE,EPOS HANDSET PC5 CHAT
C01FCAA,Hewlett-Packard,NEW,93.1,26,ON-SITE,HP Poly Mission 825 Stereo USB Wired Headset
SHPIW1MV,IBOX,NEW,3.91,23,ON-SITE,Headphones with microphone I-Box W1MV
SHPI1528MV,IBOX,NEW,4.46,23,ON-SITE,Headphones with microphone I-Box HPI 1528 MV black
1000906,EPOS,NEW,65.11,20,ON-SITE,EPOS ADAPT 165T USB-C II Headset Black
1000551,EPOS,NEW,36.39,20,ON-SITE,EPOS SC 60 USB ML TELECOM HANDSET
981-000864,Logitech,NEW,86.21,20,ON-SITE,Logitech G G733 Wireless Headset
1000915,EPOS,NEW,41.74,18,ON-SITE,EPOS ADAPT 160 USB II headset wired headband office/call center USB Type-A black
1000431,EPOS,NEW,19.66,16,ON-SITE,Sennheiser PC 7 USB Headset Wired Headband Office/Call Centre USB Type-A Black
AV4P5AA#ABB,POLY,NEW,67.66,15,ON-SITE,HP Poly Voyager Legend 30 Headset
AccentumPlus,Sennheiser,NEW,136.29,12,ON-SITE,Sennheiser AccentumPlus Headphones Black
981-000271,Logitech,NEW,7.18,10,ON-SITE,Logitech H110 Stereo Headset
25463,Trust,NEW,30.52,10,ON-SITE,Trust Ayda - Wireless ENC headset (black)
1000635,EPOS,NEW,58.24,10,ON-SITE,EPOS | SENNHEISER IMPACT SC 75 USB MS Headset Wired Headband Calls/Music USB Type-A Black
1000550,EPOS,NEW,28.72,8,ON-SITE,EPOS IMPACT SC 30 USB ML Headset Black
981-000907,Logitech,NEW,102.93,8,ON-SITE,Logitech G PRO X Wireless Headset
25599-899-899,Jabra,NEW,109.6,8,ON-SITE,Jabra Evolve2 55 - Link380c MS Mono
1000901,EPOS,NEW,47.59,8,ON-SITE,EPOS ADAPT 160T USB II Headset Wired Headband Office/Call Centre USB Type-A Black
7Y210AA,POLY,NEW,72.26,7,ON-SITE,HP Poly Voyager 4310-M UC Headset +USB-C Cable +BT700 dongle
AUS6-B,AULA,NEW,25.06,6,ON-SITE,AULA S6 Black Headphones
1001419,EPOS,NEW,36.4,6,ON-SITE,EPOS 1001419 headset wired headband office/call center USB Type-C / USB Type-A black
1001262,EPOS,NEW,143.39,6,ON-SITE,EPOS ADAPT E1 True Wireless Stereo (TWS) In-Ear Business/Everyday Bluetooth Headset Black
1001174,EPOS,NEW,129.95,6,ON-SITE,EPOS IMPACT 860 ANC Headset Wired Headband Office/Call Centre USB Type-C Black
26599-989-989,Jabra,NEW,173.77,5,ON-SITE,Jabra 26599-989-989 headset/headset Wireless Headband Office/Call Center USB Type-A Bluetooth Black
981-000480,Logitech,NEW,27.73,4,ON-SITE,Logitech H540 USB Computer Headset
25334,Trust,NEW,20.37,4,ON-SITE,Trust HS-260 Headset Wired Neck-band Office/Call center USB Type-A Black
5393-829-309,Jabra,NEW,45.57,4,ON-SITE,Jabra 5393-829-309 Headset/Headset Wired Headband Office/Call Center Black
8H2G3AA,POLY,NEW,190.99,4,ON-SITE,Poly Voyager Surround 80 UC Microsoft Teams Certified USB-C Headset +USB-C/A Adapter
1000635,EPOS,NEW,55.33,3,ON-SITE,EPOS | SENNHEISER IMPACT SC 75 USB MS Headset Wired Headband Connectivity/Music USB Type-A Black
21665,Trust,NEW,6.14,3,ON-SITE,Trust Primo - chat headset (black)
1001253,EPOS,NEW,64.35,3,ON-SITE,EPOS IMPACT 460T Headset Wired Headband Connectivity/Music USB Type-C Black
1001261,EPOS,NEW,143.39,3,ON-SITE,EPOS ADAPT E1 True Wireless Stereo (TWS) In-Ear Business/Everyday Bluetooth Headset White
25274,Trust,NEW,19.56,2,ON-SITE,Trust Nouna Headset Wired & Wireless Head-band Calls/Music USB Type-C Bluetooth Pink
AUS6-C,AULA,NEW,25.06,2,ON-SITE,AULA S6 Champagne Headphones
1000635,EPOS,NEW,58.22,2,ON-SITE,EPOS IMPACT SC 75 USB MS Headset kabelgebunden Kopfbügel Anrufe/Musik USB Typ-A Schwarz
25275,Trust,NEW,12.96,1,ON-SITE,Trust Nouna Headset Wired & Wireless Head-band Calls/Music USB Type-C Bluetooth Blue
25373,Trust,NEW,14.27,1,ON-SITE,Trust HS-201 Headset Wired Head-band Office/Call center USB Type-A Black
506831,Sennheiser,NEW,125.34,1,ON-SITE,Sennheiser HD 599 Headphones Head-band Brown Ivory
V1184A01,UNITEK,NEW,54.92,15,ON-SITE,UNITEK V1184A01 AV extender AV transmitter & receiver Black
90MB1MN0-M0EAY0,ASUS,NEW,360.55,34,ON-SITE,Asus PRO WS B850M-ACE SE AM5 AMD motherboard
90MB1FZ0-M0EAY0,ASUS,NEW,776.81,20,ON-SITE,ASUS Pro WS TRX50-SAGE WIFI AMD TRX50 Socket sTR5 SSI CEB motherboard for workstations
B650D4U,Asrock,NEW,349.54,12,ON-SITE,Asrock B650D4U motherboard AMD B650 Express Socket AM5 micro ATX
MBD-H13SSL-O,Supermicro,NEW,650.89,8,ON-SITE,Supermicro MBD-H13SSL-N-O motherboard Socket SP5 ATX
EPYC4000D4U,Asrock,NEW,289.02,7,ON-SITE,Asrock EPYC4000D4U motherboard KNOLL3 X300 Socket AM5 micro ATX
TRX50 WS,Asrock,NEW,542.83,4,ON-SITE,Asrock TRX50 WS motherboard
90MB1LE0-M0EAY0,ASUS,NEW,748.76,4,ON-SITE,ASUS PRO WS TRX50-SAGE WIFI A AMD TRX50 Socket sTR5 CEB
9MZ33AR0MR-000,Gigabyte,NEW,917.55,4,ON-SITE,GIGABYTE MZ33-AR0 Socket SP5 Extended ATX
90SB0CI0-M0UAY0,ASUS,NEW,648.02,1,ON-SITE,ASUS K14PA-U12/ASMB11 Socket SP5 SSI CEB
MC13LE2,Gigabyte,NEW,317.58,1,ON-SITE,Gigabyte MC13-LE2 AM5 AMD motherboard
9MC13LE1MR-000,Gigabyte,NEW,460.33,1,ON-SITE,Motherboard - Gigabyte MC13-LE1 1x AM5 AMD Epyc 4004/Ryzen 7000/Ryzen 9000 B650E.
GENOA2D24G-2L+,Asrock,NEW,1218.88,1,ON-SITE,Asrock GENOA2D24G-2L+ motherboard AMD SoC Socket SP5
90SB0A90-M0UAY0,ASUS,NEW,342.06,33,ON-SITE,ASUS P12R-E Intel C256 LGA 1200 (Socket H5) ATX server motherboard
90SB0C70-M0UAY0,ASUS,NEW,389.4,18,ON-SITE,ASUS P13R-M Intel C262 LGA 1700 micro ATX
90SB0CY0-M0UAY1,ASUS,NEW,493.19,17,ON-SITE,ASUS P13R-E/10G-2T Intel C266 LGA 1700 ATX
EC266D4U,Asrock,NEW,312.09,14,ON-SITE,Asrock EC266D4U motherboard Intel C266 LGA 1700 micro ATX
MBD-X13SCL-F-B,Supermicro,NEW,380.6,9,ON-SITE,Supermicro X13SCL-F-B Bulk Intel C262 LGA 1700 micro ATX
90MB1DZ0-M0EAY0,ASUS,NEW,437.63,7,ON-SITE,ASUS PRO WS W680-ACE Intel W680 LGA 1700 ATX motherboard
9MA34CP0NR-000,Gigabyte,NEW,1313.89,6,ON-SITE,Gigabyte MA34-CP0 LGA7529 Intel motherboard
EC266D2I,Asrock,NEW,305.97,5,ON-SITE,Asrock EC266D2I motherboard Intel C266 LGA 1700 mini ITX
MBD-X14SAE-F-B,Supermicro,NEW,578.04,3,ON-SITE,Płyta główna Supermicro MBD-X14SAE-F-B
MBD-X13SCH-F-B,Supermicro,NEW,381.53,3,ON-SITE,Supermicro MBD-X13SCH-F Intel® C226 LGA 1700 micro ATX
MBD-X13SCL-F-B,Supermicro,NEW,380.81,2,ON-SITE,Supermicro X13SCL-F-B Bulk Intel C262 LGA 1700 micro ATX
9MX34BS0MR-000,Gigabyte,NEW,291.11,1,ON-SITE,Motherboard - Gigabyte MX34-BS0 1x LGA 1700 Intel® Xeon® E-2400 / 6300 Intel® Pentium® Gold G7400 / G7400T Intel® C262
90MB1KV0-M0EAY0,ASUS,NEW,507.31,1,ON-SITE,ASUS PRO WS W880-ACE SE Intel W880 LGA 1851 (Socket V1) ATX
90SF02G1-M000D0,ASUS,NEW,2109.8,18,ON-SITE,ASUS RS520A-E12-RS24U Socket SP5 Rack (2U) Grey
90SF03A1-M00070,ASUS,NEW,1218.97,8,ON-SITE,ASUS Server Platform RS300-E12-RS4/1+1 450 W 90SF03A1-M00070
6NS453S70MR000ABV1Z6,Gigabyte,NEW,3239.41,6,ON-SITE,Gigabyte Rack Platform (4U) Intel S453-S70-AAV1
90SF0451-M000N0,ASUS,NEW,3820.53,4,ON-SITE,Asus Rack Platform (1U) AMD RS700A-E13-RS4U
90SF0404-M00ZR0,ASUS,NEW,13717.86,3,ON-SITE,ASUS ESC8000A-E13P LGA 6096 Rack (4U) Silver Black
90SF0441-M001N0,ASUS,NEW,6229.8,3,ON-SITE,Asus Rack Platform (2U) AMD RS720A-E13-RS24G
90SF02H4-M00220,ASUS,NEW,12420.71,2,ON-SITE,Asus ESC8000A-E12P-SKU4/10G/3K
90SF03Y1-M000N0,ASUS,NEW,2230.81,2,ON-SITE,Asus Rack (1U) RS501A-E12-RS4 AMD Epyc 9005/9004
90SF0402-M00ZS0,ASUS,NEW,10392.81,2,ON-SITE,ASUS ESC8000A-E13 LGA 6096 Rack (4U) Silver
90SF0402-M01DD0,ASUS,NEW,22673.51,2,ON-SITE,ASUS ESC8000A-E13 LGA 6096 Rack (4U) Silver
6NR263Z36DR000ACJ10,Gigabyte,NEW,2580.48,2,ON-SITE,Gigabyte Rack Platform (2U) AMD R263-Z36
6NR133C13MR000ACG10,Gigabyte,NEW,1487.57,2,ON-SITE,Rack server platform (1U) - Gigabyte R133-C13-ACG1
SYS-620U-TNR,Supermicro,NEW,10405.57,2,ON-SITE,Server platform Supermicro SYS-620U-TNR
6NR183Z93DR000ACV11,Gigabyte,NEW,2382.31,1,ON-SITE,Gigabyte Rack Platform (1U) AMD R183-Z93
90SF03A1-M00060,ASUS,NEW,943.31,1,ON-SITE,RACK server ASUS RS300-E12-PS4 350W (90SF03A1-M00060) Grey
1U4L-GENOA/2T,Asrock,NEW,1975.29,1,ON-SITE,Asrock 1U4L-GENOA/2T server barebone AMD SoC LGA 6096 Rack (1U) Grey
1U8S4E-GENOA/2T,Asrock,NEW,2271.47,1,ON-SITE,Asrock 1U8S4E-GENOA/2T server barebone SoC Gniazdo SP5 (LGA 6096) Rack (1U)
90SF01U1-M00H90,ASUS,NEW,2389.34,1,ON-SITE,Asus Rack Platform (1U) Intel RS700-E11-RS4U
6NR133C10MR000ABA2Z0,Gigabyte,NEW,1342.92,1,ON-SITE,Gigabyte Rack Platform (1U) AMD R133-C10-000-AAA2
H81MHV3 3.0,Biostar,NEW,54.61,23,ON-SITE,Biostar H81MHV3 3.0 H81 Intel® H81 LGA 1150 (Socket H3) micro ATX
TB360-BTC PRO 2.0,Biostar,NEW,53.98,97,ON-SITE,Biostar TB360-BTC PRO 2.0 motherboard Intel® B360 LGA 1151 (Socket H4) ATX
H61MHV3,Biostar,NEW,53.54,15,ON-SITE,Biostar H61MHV3 motherboard Intel® H61 LGA 1155 (Socket H2) micro ATX
90MB1CW0-M1EAY0,ASUS,NEW,99.72,200,ON-SITE,ASUS PRIME B760-PLUS D4 Intel B760 LGA 1700 ATX
B760M-HDV/M.2 D4,Asrock,NEW,70.31,53,ON-SITE,Asrock B760M-HDV/M.2 D4 Intel B760 LGA 1700 micro ATX
7E06-001R,MSI,NEW,170.38,53,ON-SITE,MSI PRO Z790-P WIFI motherboard Intel Z790 LGA 1700 ATX
B760 DS3H WF6E GEN5,Gigabyte,NEW,112.88,38,ON-SITE,GIGABYTE B760 DS3H WIFI6E GEN5 Motherboard - Supports Intel Core 14th Gen CPUs 8+2+1 Phases Digital VRM up to 5600MHz DDR5 2xPCIe 4.0 M.2 Wi-Fi 6E 1GbE LAN USB 3.2 Gen 2x2
B760 GAMING X GEN5,Gigabyte,NEW,125.38,34,ON-SITE,GIGABYTE B760 GAMING X GEN5 Motherboard - Supports 14th Gen. Intel Core CPUs 8+1+1 phases VRM up to 5600MHz DDR5 3xPCIe 4.0 M.2 2.5 GbE LAN USB 3.2 Gen 2
90MB1DY0-M1EAYC,ASUS,NEW,135.76,30,ON-SITE,Asus PRO B760M-CT-CSM motherboard
B760M PRO RS,Asrock,NEW,107.39,24,ON-SITE,Asrock B760M Pro RS Intel B760 LGA 1700 micro ATX
H610MTE,Biostar,NEW,51.55,23,ON-SITE,Biostar H610MT-E motherboard Intel H610 LGA 1700 micro ATX
7D98-043R,MSI,NEW,128.03,21,ON-SITE,MSI B760 GAMING PLUS WIFI DDR4 motherboard Intel B760 LGA 1700 ATX
H610MH D5,Biostar,NEW,59.44,20,ON-SITE,BIOSTAR H610MH D5 motherboard
B760M-HDV/M.2,Asrock,NEW,79.93,20,ON-SITE,Asrock B760M-HDV/M.2 motherboard Intel B760 LGA 1700 micro ATX
7D91-009R,MSI,NEW,198.73,20,ON-SITE,MSI MAG Z790 TOMAHAWK WIFI motherboard Intel Z790 LGA 1700 ATX
90MB1AT0-M0EAYC,ASUS,NEW,104.32,17,ON-SITE,ASUS Pro H610M-C-CSM Intel H610 LGA 1700 micro ATX
B760MX2E,Biostar,NEW,69.99,13,ON-SITE,Biostar B760MX2-E D4 motherboard Intel B760 LGA 1700 micro ATX
7D99-017R,MSI,NEW,118.27,12,ON-SITE,MSI B760M GAMING PLUS WIFI motherboard Intel B760 LGA 1700 micro ATX
B760 PRO RS,Asrock,NEW,105.94,12,ON-SITE,Asrock B760 PRO RS Intel B760 LGA 1700 ATX
7D96-003R,MSI,NEW,170.35,10,ON-SITE,MSI MAG B760 TOMAHAWK WIFI motherboard Intel B760 LGA 1700 ATX
B760M-X GEN5,Asrock,NEW,83.23,10,ON-SITE,Asrock B760M-X Gen5 Intel B760 LGA 1700 micro ATX
B760M-H2/M.2,Asrock,NEW,74.87,9,ON-SITE,ASRock B760M-H2/M.2 motherboard
B760MXC PRO,Biostar,NEW,87.93,9,ON-SITE,BIOSTAR B760MXC PRO motherboard
7E29-002R,MSI,NEW,122.64,7,ON-SITE,MSI PRO B760-P II motherboard Intel B760 LGA 1700 ATX
90MB1A30-M0EAYC,ASUS,NEW,98.16,6,ON-SITE,ASUS PRO H610M-C D4-CSM Intel H610 LGA 1700 micro ATX
B760M STEEL LEGEND WIFI,Asrock,NEW,136.97,5,ON-SITE,Asrock B760M Steel Legend WiFi Intel B760 LGA 1700 micro ATX
90MB1HD0-M0EAY0,ASUS,NEW,159.93,5,ON-SITE,ASUS TUF GAMING B760M-PLUS II Intel B760 LGA 1700 micro ATX
B760M D3HP,Gigabyte,NEW,90.57,3,ON-SITE,GIGABYTE B760M D3HP Motherboard - Intel Core 14th Gen CPUs 4+1+1 Phases VRM up to 5600MHz DDR5 2xPCIe 4.0 M.2 GbE LAN USB 3.2 Gen 1
90MB1D00-M1EAYC,ASUS,NEW,98.32,2,ON-SITE,ASUS PRIME B760M-A D4-CSM Intel B760 LGA 1700 micro ATX
B760M DS3H WF6E GEN5,Gigabyte,NEW,114.63,1,ON-SITE,GIGABYTE B760M DS3H WIFI6E GEN5 Motherboard - Supports Intel Core 14th Gen CPUs 6+2+1 Phases Digital VRM up to 5600MHz DDR5 2xPCIe 4.0 M.2 Wi-Fi 6E 2.5GbE LAN USB 3.2 Gen2
H610M H V2 DDR5,Gigabyte,NEW,49.99,1,ON-SITE,GIGABYTE H610M H V2 DDR5 Motherboard - Supports Intel Core 14th CPUs 6+1+1 Hybrid Digital VRM up to 3200MHz DDR5 (OC) 1xPCIe 3.0 M.2 GbE LAN USB 3.2 Gen 1
H610M-H2/M.2,Asrock,NEW,52.42,1,ON-SITE,ASRock H610M-H2/M.2 motherboard
H610M S2H V2,Gigabyte,NEW,51.07,1,ON-SITE,GIGABYTE H610M S2H V2 Motherboard - Supports Intel Core 14th CPUs 4+1+1 Hybrid Phases Digital VRM up to 5600MHz DDR5 1xPCIe 3.0 M.2 GbE LAN USB 3.2 Gen 1
90MB1I70-M0EAY0,ASUS,NEW,199.85,55,ON-SITE,ASUS PRIME Z890-P WIFI Intel Z890 LGA 1851 (Socket V1) ATX
90MB1JL0-M0EAY0,ASUS,NEW,167.96,38,ON-SITE,ASUS TUF GAMING B860-PLUS WIFI Intel B860 LGA 1851 (Socket V1) ATX motherboard
Z890 Pro-A,Asrock,NEW,154.12,23,ON-SITE,ASRock Z890 Pro-A Intel Z890 LGA 1851 (Socket V1) ATX motherboard
B860M-X GEN5 WIFI,Asrock,NEW,114.21,23,ON-SITE,Asrock B860M-X Gen5 WiFi Intel B860 LGA 1851 (Socket V1) micro ATX
H810M-H,Asrock,NEW,64.49,22,ON-SITE,Asrock H810M-H Intel H810 LGA 1851 (Socket V1) micro ATX
Z890 LiveMixer WiFi,Asrock,NEW,209.49,20,ON-SITE,ASRock Z890 LiveMixer WiFi - Motherboard
PRO H810M-B,MSI,NEW,86.15,20,ON-SITE,MSI PRO H810M-B motherboard Intel H810 LGA 1851 (Socket V1) micro ATX
B860 Pro RS WiFi,Asrock,NEW,138.9,15,ON-SITE,Motherboard - ASRock B860 Pro RS WiFi
Z890 A MASTER AI TOP,Gigabyte,NEW,394.7,10,ON-SITE,GIGABYTE Z890 AORUS MASTER AI TOP Motherboard
90MB1I50-M0EAY0,ASUS,NEW,179.02,10,ON-SITE,ASUS PRIME Z890-P Intel Z890 LGA 1851 (Socket V1) ATX motherboard
Z890M Riptide WiFi,Asrock,NEW,213.03,9,ON-SITE,ASRock Z890M Riptide WiFi Motherboard
B860M CHALLENGER WIFI WHITE,Asrock,NEW,139.29,8,ON-SITE,B860M CHALLENGER WIFI WHITE motherboard
Z890 AERO G,Gigabyte,NEW,283.26,8,ON-SITE,GIGABYTE Z890 AERO G Motherboard
Z890I Nova WiFi,Asrock,NEW,245.96,8,ON-SITE,Asrock Phantom Gaming Z890I Nova WiFi Intel Z890 LGA 1851 (Socket V1) mini ITX
90MB1ID0-M0EAY0,ASUS,NEW,398,8,ON-SITE,ASUS ROG MAXIMUS Z890 HERO Intel Z890 LGA 1851 (Socket V1) ATX
B860 GAMING PLUS WIFI,MSI,NEW,165.07,8,ON-SITE,MSI B860 GAMING PLUS WIFI motherboard Intel B860 LGA 1851 (Socket V1) ATX
B860M GAMING PLUS WIFI,MSI,NEW,155.85,7,ON-SITE,MSI B860M GAMING PLUS WIFI motherboard Intel B860 LGA 1851 (Socket V1) micro ATX
B860M Lightning WiFi,Asrock,NEW,165.73,7,ON-SITE,Motherboard - ASRock B860M Lightning WiFi
Z890 Riptide WiFi,Asrock,NEW,252.34,7,ON-SITE,ASRock Z890 Riptide WiFi Motherboard
H810MTE 2.0,Biostar,NEW,72.17,6,ON-SITE,BIOSTAR H810MTE 2.0 motherboard
Z890 Pro RS,Asrock,NEW,193,6,ON-SITE,ASRock Z890 Pro RS - Motherboard
PRO B860-P WIFI,MSI,NEW,155.93,6,ON-SITE,MSI PRO B860-P WIFI motherboard Intel B860 LGA 1851 (Socket V1) ATX
7E32-002R,MSI,NEW,255.21,5,ON-SITE,MSI PRO Z890-A WIFI motherboard Intel Z890 LGA 1851 (Socket V1) ATX
90MB1JT0-M0EAY0,ASUS,NEW,144.66,5,ON-SITE,ASUS PRIME B860M-K Intel B860 LGA 1851 (Socket V1) micro ATX
B860M LiveMixer WiFi,Asrock,NEW,151.59,5,ON-SITE,Asrock B860M LiveMixer WiFi Intel B860 LGA 1851 (Socket V1) micro ATX
Z890 Steel Legend WiFi,Asrock,NEW,230.42,5,ON-SITE,ASRock Z890 Steel Legend WiFi - Motherboard
B860M CHALLENGER WIFI,Asrock,NEW,128.62,5,ON-SITE,Asrock B860M CHALLENGER WIFI motherboard
B860 STEEL LEGEND WIFI,Asrock,NEW,178.17,4,ON-SITE,Asrock B860 Steel Legend WiFi Intel B860 LGA 1851 (Socket V1) ATX
Z890 TAICHI,Asrock,NEW,397,4,ON-SITE,Asrock Z890 Taichi Intel Z890 LGA 1851 (Socket V1) ATX
90MB1KK0-M0EAYC,ASUS,NEW,112.61,4,ON-SITE,ASUS PRIME H810M-A-CSM Intel H810 LGA 1851 (Socket V1) micro ATX motherboard
Z890 GAMING WIFI,MSI,NEW,214.82,4,ON-SITE,MSI Z890 GAMING WIFI motherboard
90MB1IR0-M0EAY0,ASUS,NEW,291.83,3,ON-SITE,ASUS TUF GAMING Z890-PRO WIFI Intel Z890 LGA 1851 (Socket V1) ATX
Z890 AORUS MASTER,Gigabyte,NEW,499.69,3,ON-SITE,GIGABYTE Z890 AORUS MASTER Motherboard
Z890 Lightning WiFi,Asrock,NEW,240.3,3,ON-SITE,ASRock Z890 Z890 Lightning WiFi Motherboard
B860 CHALLENGER WIFI WHITE,Asrock,NEW,146.05,3,ON-SITE,Asrock B860 CHALLENGER WIFI motherboard
B860 CHALLENGER WIFI,Asrock,NEW,135.37,3,ON-SITE,Asrock B860 CHALLENGER WIFI motherboard
Z890 NOVA WIFI,Asrock,NEW,314.83,2,ON-SITE,Asrock Phantom Gaming Z890 Nova WiFi Intel Z890 LGA 1851 (Socket V1) ATX
B860 LIVEMIXER WIFI,Asrock,NEW,164.68,2,ON-SITE,Asrock B860 LiveMixer WiFi Intel B860 LGA 1851 (Socket V1) ATX
MPG Z890 CARBON WIFI,MSI,NEW,332.58,2,ON-SITE,MSI MPG Z890 CARBON WIFI motherboard Intel Z890 LGA 1851 (Socket V1) ATX
Z890 PRO RS WIFI WHITE,Asrock,NEW,204.84,1,ON-SITE,Asrock Z890 Pro RS WiFi White Intel Z890 LGA 1851 (Socket V1) ATX
A520M-HDV,Asrock,NEW,43.63,200,ON-SITE,Asrock A520M-HDV Socket AM4 micro ATX
90MB1600-M0EAY0,ASUS,NEW,55.21,200,ON-SITE,ASUS Prime B450M-K II AMD B450 Socket AM4 micro ATX
B550M-HDV,Asrock,NEW,58.61,194,ON-SITE,Asrock B550M-HDV Socket AM4 micro ATX AMD B550
PRIME B550M-K,ASUS,NEW,72.83,173,ON-SITE,ASUS PRIME B550M-K AMD B550 Socket AM4 micro ATX
B550M PHANTOM GAMING 4,Asrock,NEW,74.64,153,ON-SITE,Asrock B550M Phantom Gaming 4 Socket AM4 micro ATX AMD B550
A520M-HVS,Asrock,NEW,43.04,97,ON-SITE,Asrock A520M-HVS AMD A520 Socket AM4 micro ATX
B550M PRO4,Asrock,NEW,82.18,76,ON-SITE,Asrock B550M Pro4 Socket AM4 micro ATX AMD B550
7C95-001R,MSI,NEW,100.81,64,ON-SITE,MSI B550M PRO-VDH WIFI motherboard AMD B550 Socket AM4 micro ATX
90MB19X0-M0EAY0,ASUS,NEW,88.29,61,ON-SITE,ASUS PRIME B550M-A WIFI II AMD B550 Socket AM4 micro ATX
B550 PHANTOM GAMING 4,Asrock,NEW,80.28,52,ON-SITE,Asrock B550 Phantom Gaming 4 Socket AM4 ATX AMD B550
90MB14U0-M0EAY0,ASUS,NEW,92.52,35,ON-SITE,ASUS PRIME B550-PLUS AMD B550 Socket AM4 ATX
PRIME A520M-K,ASUS,NEW,53.84,32,ON-SITE,ASUS PRIME A520M-K AMD A520 micro ATX
B550M K,Gigabyte,NEW,72.96,29,ON-SITE,GIGABYTE B550M K Motherboard - AMD Ryzen 5000 CPUs up to 4733MHz DDR4 1xPCIe 4.0 + 1xPCIe 3.0 M.2 1GbE LAN USB 3.2 Gen 1
B550M-ITX/AC,Asrock,NEW,109.8,29,ON-SITE,Asrock B550M-ITX/ac Socket AM4 mini ITX AMD B550
A520M PRO4,Asrock,NEW,66.87,29,ON-SITE,Asrock A520M Pro4 Socket AM4 micro ATX
B550M GAMING X WIFI6,Gigabyte,NEW,98.59,19,ON-SITE,GIGABYTE B550M GAMING X WIFI6 Motherboard - AMD Ryzen 5000 CPUs 5+3 Phases VRM up to 3200MHz DDR4 1xPCIe 4.0 + 1xPCIe 3.0 M.2 Wi-Fi 6 1GbE LAN USB 3.2 Gen 1
A520MHP,Biostar,NEW,44.55,15,ON-SITE,Biostar A520MHP motherboard AMD A520 Socket AM4 micro ATX
B550M DS3H AC R2,Gigabyte,NEW,96.55,7,ON-SITE,GIGABYTE B550M DS3H AC R2 Motherboard - AMD Ryzen 5000 CPUs 5+3 Phases VRM up to 4733MHz DDR4 (O.C.) 1xPCIe 4.0 + 1xPCIe 3.0 M.2 Wi-Fi 5 1GbE LAN USB 3.2 Gen 1
PRO B550M-P,MSI,NEW,86.1,6,ON-SITE,MSI PRO B550M-P motherboard
7C56-002R,MSI,NEW,104.6,3,ON-SITE,MSI B550-A PRO motherboard AMD B550 Socket AM4 ATX
A520M-ITX/AC,Asrock,NEW,87.66,3,ON-SITE,Asrock A520M-ITX/ac Socket AM4 micro ATX
A520M K V2,Gigabyte,NEW,50.1,2,ON-SITE,GIGABYTE A520M K V2 Motherboard
90MB14S0-M0EAY0,ASUS,NEW,128.9,1,ON-SITE,ASUS ROG STRIX B550-F GAMING AMD B550 Socket AM4 ATX
B550 GAMING,MSI,NEW,108.5,1,ON-SITE,MSI B550 GAMING motherboard
B850M-X R2.0,Asrock,NEW,93.26,200,ON-SITE,Asrock B850M-X R2 AMD B850 Socket AM5 micro ATX
90MB1PR0-M0EAY0,ASUS,NEW,157.94,200,ON-SITE,ASUS B850 MAX GAMING WIFI AMD B850 Socket AM5 ATX
B650 EAGLE,Gigabyte,NEW,114.85,175,ON-SITE,GIGABYTE B650 EAGLE Motherboard - AMD Ryzen 9000 Series CPUs 12+2+2 Phases VRM up to 7600MHz DDR5 (OC) 1xPCIe 5.0 + 2xPCIe 4.0 M.2 GbE LAN USB 3.2 Gen 2
B650 EAGLE AX,Gigabyte,NEW,125.55,118,ON-SITE,GIGABYTE B650 EAGLE AX Motherboard
7E53-001R,MSI,NEW,196.58,85,ON-SITE,MSI MAG B850 TOMAHAWK WIFI motherboard AMD B850 Socket AM5 ATX
B650 GAMING X AX V2,Gigabyte,NEW,127.01,65,ON-SITE,GIGABYTE B650 GAMING X AX V2 Motherboard
B650MS2-E,Biostar,NEW,73.24,60,ON-SITE,BIOSTAR B650MS2-E motherboard
52123-11-40G,Sapphire,NEW,178.03,57,ON-SITE,Sapphire PURE B850A WIFI 7 AMD B850 Socket AM5 ATX
B850M Pro-A,Asrock,NEW,102.68,57,ON-SITE,Asrock B850M Pro-A AMD B850 Socket AM5 micro ATX
B650 PRO RS,Asrock,NEW,127.65,45,ON-SITE,Asrock B650 Pro RS AMD B650 Socket AM5 ATX
B850M FORCE,Gigabyte,NEW,124.78,44,ON-SITE,Gigabyte B850M FORCE motherboard
B850 PRO RS WIFI,Asrock,NEW,145.42,42,ON-SITE,Asrock B850 Pro RS WiFi AMD B850 Socket AM5 ATX
A620AM PRO-A WIFI,Asrock,NEW,95.24,35,ON-SITE,ASROCK A620AM PRO-A WIFI motherboard
B650M PRO RS,Asrock,NEW,108.81,35,ON-SITE,Asrock B650M Pro RS AMD B650 Socket AM5 micro ATX
B850 PRO-A WIFI,Asrock,NEW,137.95,32,ON-SITE,Asrock B850 Pro-A WiFi AMD B850 Socket AM5 ATX
B650 STEEL LEGEND WIFI,Asrock,NEW,155.32,29,ON-SITE,Asrock B650 STEEL LEGEND WIFI motherboard
52122-01-40G,Sapphire,NEW,349.74,27,ON-SITE,SAPPHIRE NITRO+ X870EA WIFI7 Motherboard
52122-02-40G,Sapphire,NEW,234.64,26,ON-SITE,SAPPHIRE PURE X870A WIFI 7 Motherboard
90MB1BP0-M0EAY0,ASUS,NEW,160.63,23,ON-SITE,ASUS ROG STRIX B650-A GAMING WIFI AMD B650 Socket AM5 ATX
B850 Pro-A,Asrock,NEW,128.28,21,ON-SITE,Asrock B850 Pro-A AMD B850 Socket AM5 ATX
PRO B840-P WIFI,MSI,NEW,123.44,21,ON-SITE,MSI PRO B840-P WIFI motherboard AMD B840 Socket AM5 ATX
B850 Pro RS,Asrock,NEW,133.68,20,ON-SITE,Asrock B850 Pro RS AMD B850 Socket AM5 ATX
B850M Riptide WiFi,Asrock,NEW,149.43,20,ON-SITE,Asrock Phantom Gaming B850M Riptide WiFi AMD B850 Socket AM5 micro ATX
B850M Steel Legend WiFi,Asrock,NEW,144.09,20,ON-SITE,Asrock B850M Steel Legend WiFi AMD B850 Socket AM5 micro ATX
X870 Pro RS WiFi,Asrock,NEW,187.07,19,ON-SITE,Motherboard - ASRock X870 Pro RS WiFi
B850MT2-E DJ,Biostar,NEW,97.63,19,ON-SITE,Biostar B850MT2-E DJ motherboard AMD B850 Socket AM5 micro ATX
52122-11-40G,Sapphire,NEW,361.19,19,ON-SITE,SAPPHIRE NITRO+ X870EA PHANTOMLINK P.E Motherboard
90MB1LN0-M0EAY0,ASUS,NEW,162.39,18,ON-SITE,ASUS PRIME B850M-A WIFI AMD B850 Socket AM5 micro ATX
90MB1LT0-M0EAY0,ASUS,NEW,138.32,17,ON-SITE,ASUS TUF GAMING B650E-E WIFI AMD B650 Socket AM5 ATX
B850 STEEL LEGEND WIFI,Asrock,NEW,171.07,17,ON-SITE,Asrock B850 Steel Legend WiFi AMD B850 Socket AM5 ATX
A620MT-E 2.0,Biostar,NEW,66.61,16,ON-SITE,BIOSTAR A620MT-E 2.0 motherboard
B850 EAGLE WIFI6E,Gigabyte,NEW,159.85,15,ON-SITE,GIGABYTE B850 EAGLE WIFI6E Motherboard
B850I LIGHTNING WIFI,Asrock,NEW,179.05,14,ON-SITE,Asrock Phantom Gaming B850I Lightning WiFi AMD B850 Socket AM5 mini ITX
X870 NOVA WIFI,Asrock,NEW,257.65,13,ON-SITE,ASRock X870 NOVA WIFI motherboard
X870 Steel Legend WiFi,Asrock,NEW,222.37,13,ON-SITE,Motherboard - ASRock X870 Steel Legend WiFi
B650M-H/M.2+,Asrock,NEW,74.27,13,ON-SITE,ASRock B650M-H/M.2+ motherboard
90MB1IF0-M0EAY0,ASUS,NEW,359.62,12,ON-SITE,ASUS ROG STRIX X870-A GAMING WIFI AMD X870 Socket AM5 ATX
A620AM PRO RS WIFI,Asrock,NEW,98.15,10,ON-SITE,Asrock A620AM Pro RS WiFi AMD A620A Socket AM5 micro ATX
90MB1NW0-M0EAY0,ASUS,NEW,228.46,10,ON-SITE,ASUS TUF GAMING B850-PRO WIFI7 W NEO AMD B850 Socket AM5 ATX
7E36-001R,MSI,NEW,71.47,10,ON-SITE,MSI PRO A620AM-B EVO motherboard AMD A620A Socket AM5 micro ATX
A620AI WiFi,Asrock,NEW,119.02,9,ON-SITE,Asrock A620AI WiFi AMD A620A Socket AM5 mini ITX
A620AM PRO-A,Asrock,NEW,84.53,9,ON-SITE,ASROCK A620AM PRO-A motherboard
X870 TAICHI CREATOR,Asrock,NEW,296.08,9,ON-SITE,Asrock X870 Taichi Creator AMD X870 Socket AM5 ATX
X870 Riptide WiFi,Asrock,NEW,217.14,9,ON-SITE,Motherboard - ASRock X870 Riptide WiFi
PRO B850M-P WIFI,MSI,NEW,143,9,ON-SITE,MSI PRO B850M-P WIFI motherboard AMD B850 Socket AM5 micro ATX
90MB1IT0-M0EAY0,ASUS,NEW,195.89,8,ON-SITE,ASUS PRIME X870-P AMD X870 Socket AM5 ATX
90MB1IB0-M0EAY0,ASUS,NEW,490.68,8,ON-SITE,ASUS ROG STRIX X870E-E GAMING WIFI AMD X870E Socket AM5 ATX
90MB1LB0-M0EAY0,ASUS,NEW,1027.34,7,ON-SITE,ASUS ROG CROSSHAIR X870E EXTREME AMD X870E Socket AM5 Extended ATX
90MB1NY0-M0EAY0,ASUS,NEW,323.02,7,ON-SITE,ASUS TUF GAMING X870-PRO WIFI7 W NEO AMD X870 Socket AM5 ATX
B850 EAGLE WIFI6E,Gigabyte,NEW,157.45,7,ON-SITE,GIGABYTE B850 EAGLE WIFI6E Motherboard
A620MP-E PRO,Biostar,NEW,83.1,7,ON-SITE,BIOSTAR A620MP-E PRO motherboard
A620AM-X,Asrock,NEW,79.23,7,ON-SITE,Asrock A620AM-X motherboard AMD A620 Socket AM5 micro ATX
B850 ROCK WIFI 7,Asrock,NEW,143.29,6,ON-SITE,Asrock B850 Rock WiFi 7 AMD B850 Socket AM5 ATX
B850M CHALLENGER,Asrock,NEW,110.47,5,ON-SITE,Asrock B850M CHALLENGER motherboard
X870 CHALLENGER WIFI WHITE,Asrock,NEW,207.98,5,ON-SITE,Asrock X870 CHALLENGER WIFI WHITE motherboard
X870 LIVEMIXER WIFI,Asrock,NEW,199.6,4,ON-SITE,Asrock X870 LiveMixer WiFi AMD X870 Socket AM5 ATX
X870E TAICHI OCF,Asrock,NEW,431.35,4,ON-SITE,Asrock X870E TAICHI OCF motherboard
X870 CHALLENGER WIFI,Asrock,NEW,201.56,3,ON-SITE,Asrock X870 Challenger WiFi AMD X870 Socket AM5 ATX
X870 Pro RS,Asrock,NEW,172.14,3,ON-SITE,Motherboard - ASRock X870 Pro RS
X870E Nova WiFi,Asrock,NEW,299.4,3,ON-SITE,Motherboard - ASRock X870E Nova WiFi
90MB1L20-M0EAY0,ASUS,NEW,177.93,3,ON-SITE,ASUS TUF GAMING B850-E WIFI AMD B850 Socket AM5 ATX
90MB1P20-M0EAY0,ASUS,NEW,482.42,3,ON-SITE,ASUS ROG STRIX X870E-E GAMING WIFI7 NEO AMD X870E Socket AM5 ATX
90MB1P10-M0EAY0,ASUS,NEW,259.18,3,ON-SITE,ASUS ROG STRIX B850-A GAMING WIFI7 NEO AMD B850 Socket AM5 ATX
90MB1PK0-M0EAY0,ASUS,NEW,99.22,2,ON-SITE,ASUS PRIME B840M-K AMD B840 Socket AM5 micro ATX
X870E Taichi Lite,Asrock,NEW,342.83,2,ON-SITE,Motherboard - ASRock X870E Taichi Lite
B850 RIPTIDE WIFI,Asrock,NEW,188.83,2,ON-SITE,Asrock Phantom Gaming B850 Riptide WiFi AMD B850 Socket AM5 ATX
B850M Pro RS,Asrock,NEW,112.24,2,ON-SITE,Asrock B850M Pro RS AMD B850 Socket AM5 micro ATX
A620AM-X WIFI,Asrock,NEW,87.61,2,ON-SITE,Asrock A620AM-X WiFi AMD A620A Socket AM5 micro ATX
90MB1K30-M0EAY0,ASUS,NEW,316.33,1,ON-SITE,ASUS ROG STRIX B850-I GAMING WIFI AMD B850 Socket AM5 mini ITX
A620M H,Gigabyte,NEW,68.83,1,ON-SITE,GIGABYTE A620M H Motherboard - Supports AMD Ryzen 8000 CPUs 5+2+2 Phases Digital VRM up to 7200MHz DDR5 (OC) 1xPCIe 4.0 M.2 GbE LAN USB 3.2 Gen 1
B850M D3HP,Gigabyte,NEW,115.18,1,ON-SITE,GIGABYTE B850M D3HP Motherboard - AMD Ryzen 9000 Series CPUs 5+2+2 Phases Digital VRM up to 8200MHz DDR5 (OC) 1xPCIe 5.0 + 1xPCIe 4.0 M.2 GbE LAN USB 3.2 Gen 2
MAG B850M MORTAR WIFI,MSI,NEW,173.02,1,ON-SITE,MSI MAG B850M MORTAR WIFI motherboard AMD B850 Socket AM5 micro ATX
MAG X870E TOMAHAWK MAX WIFI PZ,MSI,NEW,327.43,1,ON-SITE,MSI MAG X870E TOMAHAWK MAX WIFI PZ motherboard AMD X870E Socket AM5 ATX
A68N-2100K,Biostar,NEW,40.7,19,ON-SITE,Biostar A68N-2100K motherboard mini ITX
SNK-P0077P,Supermicro,NEW,49.24,2,ON-SITE,Supermicro SNK-P0077P computer cooling system Processor Heatsink/Radiatior Black Stainless steel
SNK-P0062P,Supermicro,NEW,40.9,1,ON-SITE,Supermicro SNK-P0062P computer cooling component Processor Heatsink
WRX90 WS EVO,Asrock,NEW,820.7,3,ON-SITE,Asrock WRX90 WS EVO motherboard AMD WRX90 Socket sTR5 EEB
100-000001443,AMD,NEW,3827.49,60,ON-SITE,AMD EPYC 9755 processor 2.7 GHz 512 MB L3
100-000000802,AMD,NEW,713.59,36,ON-SITE,AMD EPYC 9124 Processor (16C/32T) 3.0GHz (3.7GHz Turbo) Socket SP5 TDP 200W
100-000001234,AMD,NEW,3254.45,18,ON-SITE,AMD EPYC 9754 processor 2.25 GHz 256 MB L3
100-000001148,AMD,NEW,2670.12,15,ON-SITE,AMD EPYC 9355 processor 3.55 GHz 256 MB L3
100-000000789,AMD,NEW,2195.65,10,ON-SITE,AMD EPYC 9654 processor 2.4 GHz 384 MB L3
100-000001460,AMD,NEW,3827.37,9,ON-SITE,AMD EPYC 9745 processor 2.4 GHz 256 MB L3
100-000000800,AMD,NEW,1382.11,5,ON-SITE,AMD EPYC 9334 processor 2.7 GHz 128 MB L3
100-000001559,AMD,NEW,626.2,3,ON-SITE,AMD EPYC 4565P (16/32) 4.3GHz (Up to 5.7 GHz) Socket AM5 TDP 170W tray processor
100-000001558,AMD,NEW,393.59,2,ON-SITE,AMD EPYC 4465P Processor (12/24) 3.4GHz (Up to 5.4 GHz) Socket AM5 TDP 65W tray
100-000000674,AMD,NEW,4189.22,1,ON-SITE,AMD EPYC 9655 processor 2.6 GHz 384 MB L3
100-000001561,AMD,NEW,637.9,1,ON-SITE,AMD EPYC 4585PX (16/32) 4.3GHz (Up to 5.7 GHz) Socket AM5 TDP 170W tray processor
100-000000723,AMD,NEW,3799.48,4,ON-SITE,AMD Ryzen Threadripper PRO 9975WX processor 4 GHz 128 MB L3 Tray
100-100001595WOF,AMD,NEW,1456.8,3,ON-SITE,AMD Ryzen Threadripper 9960X processor
100-000001351,AMD,NEW,2038.75,2,ON-SITE,AMD Ryzen Threadripper 7970X processor 4 GHz 128 MB L3
BX8071514100,Intel,NEW,127.53,111,ON-SITE,Intel Core i3-14100 processor 12 MB Smart Cache Box
BX8071514100F,Intel,NEW,97.29,44,ON-SITE,Intel Core i3-14100F processor 12 MB Smart Cache Box
BX8071512100F,Intel,NEW,85.82,23,ON-SITE,Intel Core i3-12100F processor 12 MB Smart Cache Box
BX8071512400,Intel,NEW,165.56,200,ON-SITE,Intel Core i5-12400 processor 18 MB Smart Cache Box
BX8071512400F,Intel,NEW,132.73,200,ON-SITE,Intel Core i5-12400F processor 18 MB Smart Cache Box
BX8071514600K,Intel,NEW,236.89,200,ON-SITE,Intel Core i5-14600K processor 24 MB Smart Cache Box
BX8071514400F,Intel,NEW,154.36,200,ON-SITE,Intel Core i5-14400F processor 20 MB Smart Cache Box
BX8071512600KF,Intel,NEW,160.29,133,ON-SITE,Intel Core i5-12600KF processor 20 MB Smart Cache Box
BX80768225F,Intel,NEW,140.54,120,ON-SITE,Intel Core Ultra 5 225F processor 20 MB Smart Cache Box
BX80768250K,Intel,NEW,205.62,92,ON-SITE,Intel Core™ Ultra 5 250K Plus processor with 18 cores
BX80768250KF,Intel,NEW,189.99,86,ON-SITE,Intel Core™ Ultra 5 250KF Plus processor with 18 cores
BX80768225,Intel,NEW,164.77,81,ON-SITE,Intel Core Ultra 5 225 processor 20 MB Smart Cache Box
BX80768245K,Intel,NEW,181.14,68,ON-SITE,Intel Core Ultra 5 Desktop 245K processor
BX8071512600K,Intel,NEW,182.18,13,ON-SITE,Intel Core i5-12600K processor 20 MB Smart Cache Box
BX8071514600KF,Intel,NEW,217.61,12,ON-SITE,Intel Core i5-14600KF processor 24 MB Smart Cache Box
BX8071512700KF,Intel,NEW,218.66,200,ON-SITE,Intel Core i7-12700KF processor 25 MB Smart Cache Box
BX8071514700KF,Intel,NEW,322.86,192,ON-SITE,Intel Core i7-14700KF processor 33 MB Smart Cache Box
BX80768270K,Intel,NEW,304.64,164,ON-SITE,Intel Core™ Ultra 7 270K Plus 24-core processor
BX8071512700K,Intel,NEW,249.92,117,ON-SITE,Intel Core i7-12700K processor 25 MB Smart Cache Box
BX80768265KF,Intel,NEW,304.63,41,ON-SITE,Intel Core Ultra 7 Desktop 265KF processor
BX8071514700,Intel,NEW,325.53,27,ON-SITE,Intel Core i7-14700 processor 33 MB Smart Cache Box
BX8071514700K,Intel,NEW,360.92,17,ON-SITE,Intel Core i7-14700K processor 33 MB Smart Cache Box
BX8071512700,Intel,NEW,280.2,14,ON-SITE,Intel Core i7-12700 processor 25 MB Smart Cache Box
BX80768265F,Intel,NEW,328.13,4,ON-SITE,Intel Core Ultra 7 265F processor 30 MB Smart Cache Box
BX8071512700F,Intel,NEW,243.71,1,ON-SITE,Intel Core i7-12700F processor 25 MB Smart Cache Box
BX8071514900K,Intel,NEW,447.94,68,ON-SITE,Intel Core i9-14900K processor 36 MB Smart Cache Box
BX8071512900KF,Intel,NEW,294.21,43,ON-SITE,Intel Core i9-12900KF processor 30 MB Smart Cache Box
BX8071512900K,Intel,NEW,345.53,15,ON-SITE,Intel Core i9-12900K processor 30 MB Smart Cache Box
BX8071514900KF,Intel,NEW,447.93,5,ON-SITE,Intel Core i9-14900KF processor 36 MB Smart Cache Box
BX80715G7400,Intel,NEW,93.64,21,ON-SITE,Intel Pentium Gold G7400 processor 3.7 GHz 6 MB Smart Cache Box
100-100001084WOF,AMD,NEW,403.05,200,ON-SITE,AMD Ryzen 7 9800X3D processor 4.7 GHz 104 MB L2 & L3 (100-100001084WOF) Box
100-100001585BOX,AMD,NEW,136.5,200,ON-SITE,AMD Ryzen 5 5600XT processor 3.7 GHz 32 MB L3 Box
100-000001084,AMD,NEW,387.85,200,ON-SITE,AMD Ryzen 7 9800X3D processor 4.7 GHz 96 MB L3 Tray
100-100001904WOF,AMD,NEW,211.25,200,ON-SITE,AMD Ryzen 5 7500X3D processor 4 GHz 96 MB L3 Box
100-100001973WOF,AMD,NEW,433.34,200,ON-SITE,AMD Ryzen 7 9850X3D processor 4.7 GHz 96 MB L3 Box
100-000000151,AMD,NEW,68.69,200,ON-SITE,AMD Ryzen 3 4300GE processor 3.5 GHz 4 MB L3 Tray
100-100000651POF,AMD,NEW,322.34,200,ON-SITE,AMD Ryzen 7 5800X3D processor 3.4 GHz 96 MB L3 Box
100-000002235,AMD,NEW,297.95,200,ON-SITE,AMD Ryzen 7 7700X3D processor – TRAY
100-100000059WOF,AMD,NEW,312.24,200,ON-SITE,AMD Ryzen 9 5950X processor 3.4 GHz 64 MB L3
100-100000063WOF,AMD,NEW,205.17,200,ON-SITE,AMD Ryzen 7 5800X processor 3.8 GHz 32 MB L3
100-000000065,AMD,NEW,104.03,200,ON-SITE,AMD Ryzen 5 5600X processor 3.7 GHz 32 MB L3 Tray
100-100000926WOF,AMD,NEW,191.03,200,ON-SITE,AMD Ryzen 7 5700X processor 3.4 GHz 32 MB L3 Box
100-100000457BOX,AMD,NEW,85.99,200,ON-SITE,AMD Ryzen 5 5500 processor 3.6 GHz 16 MB L3 Box
100-100000644BOX,AMD,NEW,65.79,200,ON-SITE,AMD Ryzen 5 4500 processor 3.6 GHz 8 MB L3 Box
100-100000593WOF,AMD,NEW,166.71,200,ON-SITE,AMD Ryzen 5 7600X processor 4.7 GHz 32 MB L3 Box
100-100000910WOF,AMD,NEW,342.55,200,ON-SITE,PROCESSOR AMD RYZEN 7 7800X3D - BOX
100-000000926,AMD,NEW,136.35,200,ON-SITE,AMD Ryzen 7 5700X processor 3.4 GHz 32 MB L3
100-000000597,AMD,NEW,112.11,200,ON-SITE,AMD Ryzen 5 7500F processor 3.7 GHz 32 MB L3
100-000000927,AMD,NEW,98.48,200,ON-SITE,AMD Ryzen 5 5600 processor 3.5 GHz 32 MB L3
100-000000910,AMD,NEW,266.64,200,ON-SITE,AMD Ryzen 7 7800X3D processor 4.2 GHz 96 MB L3
100-000001489,AMD,NEW,140.39,200,ON-SITE,AMD Ryzen™ 5 5500GT tray - processor
100-100001404WOF,AMD,NEW,281.85,200,ON-SITE,AMD Ryzen 7 9700X processor 3.8 GHz 40 MB L2 & L3 Box
YD3200C5M4MFH,AMD,NEW,44.44,162,ON-SITE,AMD Ryzen 3 3200G processor 3.6 GHz 4 MB L3 Tray
YD3400C5M4MFH,AMD,NEW,62.62,160,ON-SITE,AMD Ryzen 5 3400G processor 3.7 GHz 4 MB L3 Tray
100-100001277WOF,AMD,NEW,504.05,140,ON-SITE,AMD Ryzen 9 9950X processor 4.3 GHz 80 MB L2 & L3 Box
100-100000662WOF,AMD,NEW,342.46,126,ON-SITE,AMD Ryzen 9 9900X processor 4.4 GHz 76 MB L2 & L3 Box
100-100000927BOX,AMD,NEW,122.34,99,ON-SITE,AMD Ryzen 5 5600 processor 3.5 GHz 32 MB L3 Box
100-100001237BOX,AMD,NEW,160.72,98,ON-SITE,AMD Ryzen™ 5 8600G - processor
100-100001405WOF,AMD,NEW,180.84,96,ON-SITE,AMD Ryzen 5 9600X processor 3.9 GHz 38 MB L2 & L3 Box
100-000001591,AMD,NEW,81.81,83,ON-SITE,AMD Ryzen 5 8400F processor 4.2 GHz 16 MB L3 Tray
100-000001581,AMD,NEW,301.99,81,ON-SITE,AMD Ryzen 9 5900XT processor 3.3 GHz 72 MB L2 & L3 Tray
100-000001973,AMD,NEW,419.15,80,ON-SITE,AMD Ryzen 7 9850X3D processor 4.7 GHz 96 MB L3 Tray
100-000000592,AMD,NEW,165.64,72,ON-SITE,AMD Ryzen 7 7700 processor 3.8 GHz 32 MB L3 TRAY
100-000001404,AMD,NEW,217.15,69,ON-SITE,AMD Ryzen 7 9700X processor 3.8 GHz 40 MB L2 & L3 (100-000001404) Tray
100-000001183,AMD,NEW,120.19,65,ON-SITE,AMD Ryzen 5 PRO 8500G processor 3.5 GHz 16 MB L3 Tray
100-000001900,AMD,NEW,112.11,51,ON-SITE,AMD Ryzen 5 7400 processor - TRAY
100-000001368,AMD,NEW,453.49,44,ON-SITE,AMD Ryzen 9 9900X3D processor 4.4 GHz 140 MB L2 & L3 Tray
100-100000591WOF,AMD,NEW,190.95,38,ON-SITE,AMD Ryzen 7 7700X processor 4.5 GHz 32 MB L3 Box
100-100000719WOF,AMD,NEW,605.05,29,ON-SITE,AMD Ryzen 9 9950X3D processor 4.3 GHz 144 MB L2 & L3 Box
100-000001277,AMD,NEW,413.09,20,ON-SITE,AMD Ryzen 9 9950X processor 4.3 GHz 80 MB L2 & L3 Tray
100-100001368WOF,AMD,NEW,524.25,16,ON-SITE,AMD Ryzen 9 9900X3D processor 4.4 GHz 140 MB L2 & L3 Box
100-000001590,AMD,NEW,126.25,14,ON-SITE,AMD Ryzen 7 8700F processor 4.1 GHz 16 MB L3 Tray
100-000001978,AMD,NEW,813.06,14,ON-SITE,AMD Ryzen 9 9950X3D2 processor - TRAY
100-000000590,AMD,NEW,291.89,13,ON-SITE,AMD Ryzen 9 7900 processor 3.7 GHz 64 MB L3
100-000000263,AMD,NEW,178.77,13,ON-SITE,AMD Ryzen 7 5700G processor 3.8 GHz 16 MB L3
100-100001905BOX,AMD,NEW,100.12,10,ON-SITE,AMD Ryzen 5 5500F processor 3 GHz 19 MB L2 & L3 Box
100-100001978WOF,AMD,NEW,908.05,9,ON-SITE,AMD Ryzen 9 9950X3D2 Dual Edition processor 4.3 GHz 192 MB L3 Box
100-000001237,AMD,NEW,146.45,7,ON-SITE,AMD Ryzen™ 5 8600G tray - processor
100-000000931,AMD,NEW,108.07,5,ON-SITE,AMD Ryzen™ 5 8500G tray - processor
100-100001590BOX,AMD,NEW,221.33,5,ON-SITE,AMD Ryzen 7 8700F processor 4.1 GHz 16 MB L3 Box
100-100000718BOX,AMD,NEW,201.15,5,ON-SITE,AMD Ryzen 5 9600 processor 3.8 GHz 32 MB L3 Box
100-100001581WOF,AMD,NEW,302.12,3,ON-SITE,AMD Ryzen 9 5900XT processor 3.3 GHz 72 MB L2 & L3 Box
PK8077105931000,Intel,NEW,2984.39,33,ON-SITE,Intel Xeon 6756E processor 1.8 GHz 96 MB Tray
CM8071506036801,Intel,NEW,296.61,27,ON-SITE,Intel Xeon 6315P processor 2.8 GHz 12 MB Tray
PK8072006348100,Intel,NEW,3762.55,2,ON-SITE,Procesor Intel Xeon 6 6736P (36C/72T) 2GHz (4 1GHz Turbo) Socket LGA4710 TDP 205W Tray
PK8072006399000,Intel,NEW,3336.65,1,ON-SITE,Procesor Intel Xeon 6 6714P (8C/16T) 4GHz (4 3GHz Turbo) Socket LGA4710 TDP 165W Tray
MTC40F204WS1RC64BR,Micron,NEW,3721.06,110,ON-SITE,Micron RDIMM DDR5 96GB 2Rx4 6400MHz PC5-51200 ECC REGISTERED MTC40F204WS1RC64BR
W-MEM5600E5D832G,GoodRam,NEW,850.21,28,ON-SITE,Goodram UDIMM ECC 32GB DDR5 2Rx8 5600MHz PC5-44800 W-MEM5600E5D832G
KSM64R52BD4-64MD,Kingston,NEW,2211.37,10,ON-SITE,Kingston Technology KSM64R52BD4-64MD memory module 64 GB 1 x 64 GB DDR5 6400 MT/s 288-pin DIMM
MTC40F2046S1RC56BD1T,Micron,NEW,2657.9,9,ON-SITE,Micron RDIMM 64GB DDR5 2Rx4 5600MHz PC5-44800 ECC REGISTERED MTC40F2046S1RC56BD1T Tray
KSM56E46BS8KM-16HA,Kingston,NEW,489.06,7,ON-SITE,Kingston Technology KSM56E46BS8KM-16HA memory module 16 GB 1 x 16 GB DDR5 ECC
KSM48R40BD4-64HA,Kingston,NEW,2126.32,4,ON-SITE,Kingston Technology KSM48R40BD4-64HA memory module 64 GB 1 x 64 GB DDR5 4800 MT/s
MTC20F2085S1RC64BT,Micron,NEW,1275.79,1,ON-SITE,Micron RDIMM 32GB DDR5 2Rx8 6400MHz PC5-51200 ECC REGISTERED MTC20F2085S1RC64BT Tray
MTC10F1084S1RC56BR,Micron,NEW,797.37,1,ON-SITE,Micron 16GB DDR5-5600 RDIMM 1Rx8 CL46
206314,CURVER,NEW,47.23,6,ON-SITE,CURVER Rattan 206314 Storage Unit with 3 × 14 L Drawers Cream
209907,CURVER,NEW,59.86,5,ON-SITE,CURVER Rattan 209907 Storage Unit with 4 × 14 L Drawers Cream
209906,CURVER,NEW,59.99,2,ON-SITE,CURVER Rattan 209906 Storage Unit with 4 × 14 L Drawers Dark Brown
206313,CURVER,NEW,47.09,1,ON-SITE,CURVER Rattan 206313 Storage Unit with 3 × 14 L Drawers Dark Brown
Gecko window tape MC889,ZTE Poland,NEW,6.66,36,ON-SITE,ZTE MC889 ODU window-mounting kit – White
CKG2-RM,UBIQUITI,NEW,90.17,21,ON-SITE,Ubiquiti CKG2-RM rack accessory Front panel
USGFLEX100H-EU0101F,ZyXEL,NEW,569.91,4,ON-SITE,Zyxel USG FLEX 100H hardware firewall 3 Gbit/s
USGFLEX100H-EU0102F,ZyXEL,NEW,629.63,4,ON-SITE,Zyxel USGFLEX100H hardware firewall 3 Gbit/s
USGFLEX200H-EU0102F,ZyXEL,NEW,919.06,3,ON-SITE,Zyxel USGFLEX200H hardware firewall 5 Gbit/s
USGFLEX50HP-EU0102F,ZyXEL,NEW,411.25,3,ON-SITE,Zyxel USGFLEX50HP-EU0102F hardware firewall 0.35 Gbit/s
USGFLEX700H-EU0102F,ZyXEL,NEW,1983.43,2,ON-SITE,Zyxel USGFLEX700H hardware firewall 15 Gbit/s
USGFLEX50H-EU0101F,ZyXEL,NEW,351.68,2,ON-SITE,Zyxel USGFLEX50H-EU0101F hardware firewall
USGFLEX700H-EU0101F,ZyXEL,NEW,1777.44,1,ON-SITE,Zyxel USG FLEX 700H hardware firewall 15 Gbit/s
USGFLEX500H-EU0102F,ZyXEL,NEW,1174.69,1,ON-SITE,Zyxel USGFLEX500H hardware firewall 10 Gbit/s
UMR-Ultra,UBIQUITI,NEW,99.09,40,ON-SITE,Ubiquiti UMR-Ultra Cellular network router
ATLGM&EG18-EA,MikroTik,NEW,211.63,13,ON-SITE,Mikrotik ATLGM&EG18-EA cellular signal booster Outdoor cellular signal booster White
wAPR-2nD&EC200A-EU,MikroTik,NEW,76.06,10,ON-SITE,Mikrotik wAP LTE kit (2024) 300 Mbit/s White Power over Ethernet (PoE)
FWA505V2-EU0202F,ZyXEL,NEW,202.21,6,ON-SITE,Router Wi-Fi 6 5G Zyxel FWA505V2-EU0202F Indoor Standalone/Nebula AX3000 WiFi 1x GB LAN 1 x GB WAN/LAN
FWA505V2-EU0102F,ZyXEL,NEW,202.23,5,ON-SITE,Zyxel FWA505V2-EU0102F Indoor Standalone/Nebula Wi-Fi 6 5G Router with 1-year Nebula Pro licence AX1800 Wi-Fi 1x GB LAN
LHGGR&R11E-LTE7,MikroTik,NEW,133.24,1,ON-SITE,Router LTE Mikrotik LHGG LTE7 kit (LHGGR&R11E-LTE7) LTE: Cat 7
C52iG-5HaxD2HaxD-TC,MikroTik,NEW,76.3,200,ON-SITE,Mikrotik hAP ax2 wireless router Gigabit Ethernet Dual-band (2.4 GHz / 5 GHz) Black
UCG-Ultra,UBIQUITI,NEW,100.33,100,ON-SITE,Ubiquiti ULTRA gateway/controller 1000 Mbit/s
RB5009UG+S+IN,MikroTik,NEW,165.88,96,ON-SITE,Mikrotik RB5009UG+S+IN wired router 2.5 Gigabit Ethernet Black
RB5009UPr+S+IN,MikroTik,NEW,226.56,78,ON-SITE,Mikrotik RB5009UPR+S+IN wired router 2.5 Gigabit Ethernet Gigabit Ethernet Black
UCG-Max,UBIQUITI,NEW,280.77,75,ON-SITE,Ubiquiti Cloud Gateway Max gateway/controller 10 100 1000 Mbit/s
UCG-Fiber,UBIQUITI,NEW,275.27,56,ON-SITE,Ubiquiti UCG-Fiber (30W) gateway/controller 10 100 1000 2500 10000 Mbit/s
RB960PGS,MikroTik,NEW,68.83,55,ON-SITE,Mikrotik hEX PoE wired router White
UDR7,UBIQUITI,NEW,275.56,51,ON-SITE,Ubiquiti Dream 7 wireless router 2.5 Gigabit Ethernet Tri-band (2.4 GHz / 5 GHz / 6 GHz) White
RB952Ui-5ac2nD,MikroTik,NEW,43.65,47,ON-SITE,Mikrotik HAP ac lite 733 Mbit/s White Power over Ethernet (PoE)
UDM-SE,UBIQUITI,NEW,499.04,44,ON-SITE,Ubiquiti Dream Machine Special Edition gateway/controller 1000 Mbit/s
CCR2004-16G-2S+,MikroTik,NEW,352.69,43,ON-SITE,Mikrotik CCR2004-16G-2S+ wired router Gigabit Ethernet White
L009UiGS-RM,MikroTik,NEW,90.12,43,ON-SITE,Mikrotik L009UiGS-RM wired router 2.5 Gigabit Ethernet Gigabit Ethernet Red
RBcAPL-2nD,MikroTik,NEW,21.73,39,ON-SITE,Mikrotik cAP lite 54 Mbit/s White Power over Ethernet (PoE)
RBD53iG-5HacD2HnD,MikroTik,NEW,84.23,38,ON-SITE,Mikrotik hAP ac3 wireless router Gigabit Ethernet Dual-band (2.4 GHz / 5 GHz) Black
RBD52G-5HacD2HnD-TC,MikroTik,NEW,59.66,35,ON-SITE,Mikrotik hAP ac2 1167 Mbit/s Black Power over Ethernet (PoE)
RBmAPL-2nD,MikroTik,NEW,23.98,31,ON-SITE,Mikrotik mAP lite White Power over Ethernet (PoE)
C53UiG+5HPaxD2HPaxD,MikroTik,NEW,107.6,31,ON-SITE,Mikrotik hAP ax3 wireless router Gigabit Ethernet Dual-band (2.4 GHz / 5 GHz) Black
RB952Ui-5ac2nD-TC,MikroTik,NEW,43.43,25,ON-SITE,Mikrotik hAP ac lite tower Black Power over Ethernet (PoE)
RB750r2,MikroTik,NEW,32.51,24,ON-SITE,Mikrotik hEX lite wired router White
wAPG-5HaxD2HaxD,MikroTik,NEW,67.74,23,ON-SITE,Mikrotik wAP ax
UDM-Pro-Max,UBIQUITI,NEW,617.54,21,ON-SITE,Ubiquiti Dream Machine Pro Max gateway/controller 10 100 1000 2500 Mbit/s
RBcAPGi-5acD2nD,MikroTik,NEW,64.19,20,ON-SITE,Mikrotik cAP ac 867 Mbit/s White Power over Ethernet (PoE)
CCR2116-12G-4S+,MikroTik,NEW,753.36,11,ON-SITE,Mikrotik CCR2116-12G-4S+ wired router Gigabit Ethernet White
RB5009UPr+S+OUT,MikroTik,NEW,245.94,10,ON-SITE,Router Mikrotik RB5009UPr+S+OUT Total Ethernet Ports:9; Architecture:ARM 64bit; CPU core:4
RB4011iGS+RM,MikroTik,NEW,165.92,8,ON-SITE,Mikrotik RB4011IGS+RM wired router Gigabit Ethernet Black
CCR2004-1G-12S+2XS,MikroTik,NEW,450.14,8,ON-SITE,Mikrotik CCR2004-1G-12S+2XS wired router Gigabit Ethernet White
RBcAPGi-5acD2nD-XL,MikroTik,NEW,75.77,8,ON-SITE,Mikrotik cAP XL ac 867 Mbit/s White Power over Ethernet (PoE)
RB951Ui-2HnD,MikroTik,NEW,45.34,5,ON-SITE,Mikrotik RB951Ui-2HnD White Power over Ethernet (PoE)
UDM-Pro,UBIQUITI,NEW,395.64,5,ON-SITE,Ubiquiti UniFi Dream Machine Pro Managed Gigabit Ethernet (10/100/1000) White
RB1100x4,MikroTik,NEW,233.43,3,ON-SITE,Mikrotik RB1100AHx4 wired router Gigabit Ethernet Stainless steel
RB4011iGS+5HacQ2HnD-IN,MikroTik,NEW,212.69,2,ON-SITE,Mikrotik RB4011iGS+5HacQ2HnD-IN wireless router Gigabit Ethernet Dual-band (2.4 GHz / 5 GHz) Black
RB951Ui-2nD,MikroTik,NEW,34.03,1,ON-SITE,Mikrotik hAP White Power over Ethernet (PoE)
KID-2030-DSR3-PL,Kidde,NEW,12.56,12,ON-SITE,Smoke detector 2030-DSR3 KIDDE
KID-2030-DSR3T-PL,Kidde,NEW,20.16,10,ON-SITE,Set of two smoke detectors 2030-DSR3 KIDDE
KID-DSR-K5-PL,Kidde,NEW,30.95,10,ON-SITE,Carbon monoxide detector K5CO + smoke detector 2030-DSR3 KIDDE
1764759,BCS,NEW,32.58,2,ON-SITE,PULSON LCD/S WH
D340W,reolink,NEW,112.54,15,ON-SITE,Reolink D340W - 5MP Video Doorbell with Chime 2.4/5 GHz Wi-Fi Person Detection Two-Way Audio Works with NVRs white
CS-SD7,ezviz,NEW,113.81,9,ON-SITE,EZVIZ SD7 Wireless Black
VTO2311R-WP,DAHUA,NEW,123.77,9,ON-SITE,Dahua Technology VTO2311R-WP video intercom system 2 MP Light grey
D340B,reolink,NEW,117.2,5,ON-SITE,Reolink D340B
VTO2202F-P-S3,DAHUA,NEW,117.28,2,ON-SITE,Dahua Technology VTO2202F-P-S3 video intercom system 2 MP Silver
11-03043,Kambukka,NEW,33.78,11,ON-SITE,Kambukka Elton 750ml Mango Maniac water bottle
11-03042,Kambukka,NEW,31.72,10,ON-SITE,Kambukka Elton 750ml Mojito Summer water bottle
11-03041,Kambukka,NEW,19.42,8,ON-SITE,Kambukka Elton 1000 ml - Orange Vibes
11-04060,Kambukka,NEW,10.76,2,ON-SITE,KAMBUKKA Lagoon 400 ml water bottle Love Birds
11-04048,Kambukka,NEW,18.11,1,ON-SITE,Kambukka Lagoon 750ml Crisp Blue water bottle
CHDHX-121-RW,Go-Pro,NEW,259.46,161,ON-SITE,GoPro CHDHX-121-RW sports photography camera 27 MP 5K Ultra HD CMOS 25.4 / 1.9 mm (1 / 1.9 ) Wi-Fi 121 g
CHDHZ203RW,Go-Pro,NEW,198.23,28,ON-SITE,GoPro MAX 360 Ultra HD action camera
010-13388-00,Garmin,NEW,75.6,29,ON-SITE,Garmin HRM 200 heart rate monitor Breast Bluetooth/ANT+ Black
010-13383-01,Garmin,NEW,122.66,10,ON-SITE,Garmin HRM 600 heart rate monitor Breast Bluetooth/ANT+ Black
010-02862-10,Garmin,NEW,182.2,37,ON-SITE,Garmin Vivoactive 5 3.05 cm (1.2 ) AMOLED 42 mm Digital 390 x 390 pixels Touchscreen Black Wi-Fi GPS (satellite)
010-02810-10,Garmin,NEW,361.5,34,ON-SITE,Garmin Forerunner 265 3.3 cm (1.3 ) AMOLED 46 mm Digital 416 x 416 pixels Touchscreen Black Wi-Fi GPS (satellite)
010-02985-01,Garmin,NEW,249.96,25,ON-SITE,Garmin vívoactive 6 3.05 cm (1.2 ) AMOLED 42 mm Digital 390 x 390 pixels Touchscreen White Wi-Fi GPS (satellite)
010-02805-00,Garmin,NEW,243.18,18,ON-SITE,Garmin Instinct 2X Solar 2.79 cm (1.1 ) MIP 50 mm Digital 176 x 176 pixels Touchscreen Graphite GPS (satellite)
010-02862-12,Garmin,NEW,171,17,ON-SITE,Garmin Vivoactive 5 3.05 cm (1.2 ) AMOLED 42 mm Digital 390 x 390 pixels Touchscreen Blue Wi-Fi GPS (satellite)
010-02784-00,Garmin,NEW,330.96,15,ON-SITE,Garmin Venu 3 3.56 cm (1.4 ) AMOLED 45 mm Digital 454 x 454 pixels Touchscreen Silver White Wi-Fi GPS (satellite)
010-02863-21,Garmin,NEW,205.89,14,ON-SITE,Garmin Forerunner 165 3.05 cm (1.2 ) AMOLED Digital 390 x 390 pixels Touchscreen Grey GPS (satellite)
010-03025-01,Garmin,NEW,401.9,11,ON-SITE,Garmin Fenix E 3.3 cm (1.3 ) AMOLED 47 mm Digital 416 x 416 pixels Touchscreen Black Wi-Fi GPS (satellite)
010-03020-00,Garmin,NEW,312.47,10,ON-SITE,Garmin Instinct 3 AMOLED 3.3 cm (1.3 ) 50 mm Digital 416 x 416 pixels Touchscreen Black GPS (satellite)
010-02907-21,Garmin,NEW,851.58,10,ON-SITE,Garmin fenix 8 3.56 cm (1.4 ) 51 mm Digital 280 x 280 pixels Touchscreen Titanium Wi-Fi GPS (satellite)
010-02785-03,Garmin,NEW,325.76,10,ON-SITE,Garmin Venu 3S 3.05 cm (1.2 ) AMOLED 41 mm Digital 390 x 390 pixels Touchscreen Gold Rose Wi-Fi GPS (satellite)
010-02862-13,Garmin,NEW,200.43,9,ON-SITE,Garmin Vivoactive 5 3.05 cm (1.2 ) AMOLED Digital 390 x 390 pixels Touchscreen Violet Wi-Fi GPS (satellite)
010-04307-00,Garmin,NEW,208.35,9,ON-SITE,Garmin Forerunner 70 3.05 cm (1.2 ) AMOLED 43 mm Digital 390 x 390 pixels Touchscreen Black GPS (satellite)
010-02785-55,Garmin,NEW,366.42,9,ON-SITE,Garmin 010-02785-55 smartwatch / sport watch 3.05 cm (1.2 ) AMOLED 41 mm Digital 390 x 390 pixels Touchscreen Gold Wi-Fi GPS (satellite)
010-03198-11,Garmin,NEW,929.58,8,ON-SITE,Garmin fenix 8 Pro 3.56 cm (1.4 ) AMOLED 47 mm Digital 454 x 454 pixels Touchscreen Graphite Titanium Wi-Fi GPS (satellite)
010-03025-00,Garmin,NEW,434.31,8,ON-SITE,Garmin Fenix E 3.3 cm (1.3 ) AMOLED 47 mm Digital 416 × 416 pixels Touchscreen Stainless steel Wi-Fi GPS (satellite)
010-02985-02,Garmin,NEW,237.22,7,ON-SITE,Garmin vívoactive 6 3.05 cm (1.2 ) AMOLED 42 mm Digital 390 x 390 pixels Touchscreen Green Wi-Fi GPS (satellite)
010-02905-40,Garmin,NEW,1039.5,6,ON-SITE,Garmin Fenix 8 3.56 cm (1.4 ) AMOLED 51 mm Digital 454 x 454 pixels Touchscreen Titanium Wi-Fi GPS (satellite)
010-02562-13,Garmin,NEW,140.91,6,ON-SITE,Garmin Forerunner 55 MIP 42 mm Digital 208 x 208 pixels Touchscreen Grey GPS (satellite)
010-02785-00,Garmin,NEW,321.47,6,ON-SITE,Garmin Venu 3S 3.05 cm (1.2 ) AMOLED 41 mm Digital 390 x 390 pixels Touchscreen Grey Wi-Fi GPS (satellite)
010-02903-00,Garmin,NEW,679.84,5,ON-SITE,Garmin Fenix 8 3.3 cm (1.3 ) AMOLED 43 mm Digital 416 x 416 pixels Touchscreen Silver Wi-Fi GPS (satellite)
010-02785-02,Garmin,NEW,325.77,5,ON-SITE,Garmin Venu 3S 3.05 cm (1.2 ) AMOLED 41 mm Digital 390 x 390 pixels Touchscreen Gold Grey Wi-Fi GPS (satellite)
010-02903-21,Garmin,NEW,820.79,5,ON-SITE,Garmin fenix 8 3.3 cm (1.3 ) AMOLED 43 mm Digital 416 x 416 pixels Touchscreen Black Wi-Fi GPS (satellite)
010-02980-03,Garmin,NEW,518.3,5,ON-SITE,Garmin Venu X1 5.08 cm (2 ) AMOLED Digital 448 x 486 pixels Touchscreen Grey Wi-Fi GPS (satellite)
010-02810-11,Garmin,NEW,360.3,5,ON-SITE,Garmin Forerunner 265 3.3 cm (1.3 ) AMOLED 46 mm Digital 416 x 416 pixels Touchscreen Black White Wi-Fi GPS (satellite)
010-03406-01,Garmin,NEW,1282.48,5,ON-SITE,Garmin Tactix 8 51mm AMOLED Black
010-03198-01,Garmin,NEW,1047.23,4,ON-SITE,Garmin fenix 8 Pro 3.56 cm (1.4 ) AMOLED 47 mm Digital 454 x 454 pixels Touchscreen Grey Wi-Fi GPS (satellite)
010-02905-00,Garmin,NEW,783.35,4,ON-SITE,Garmin Fenix 8 3.56 cm (1.4 ) AMOLED 51 mm Digital 454 x 454 pixels Touchscreen Titanium Wi-Fi GPS (satellite)
010-02904-00,Garmin,NEW,650.08,4,ON-SITE,Garmin Fenix 8 3.56 cm (1.4 ) AMOLED 47 mm Digital 454 x 454 pixels Touchscreen Black Wi-Fi GPS (satellite)
010-02810-12,Garmin,NEW,338.87,4,ON-SITE,Garmin Forerunner 265 3.3 cm (1.3 ) AMOLED 46 mm Digital 416 x 416 pixels Touchscreen Black Blue Wi-Fi GPS (satellite)
010-02785-01,Garmin,NEW,339.72,3,ON-SITE,Garmin Venu 3S 3.05 cm (1.2 ) AMOLED 41 mm Digital 390 x 390 pixels Touchscreen Grey Silver Wi-Fi GPS (satellite)
010-02970-02,Garmin,NEW,490.59,3,ON-SITE,Garmin Forerunner 570 3.05 cm (1.2 ) AMOLED 42 mm Digital 390 x 390 pixels Touchscreen Pink White Wi-Fi GPS (satellite)
010-02970-00,Garmin,NEW,474.27,3,ON-SITE,Garmin Forerunner 570 3.05 cm (1.2 ) AMOLED 42 mm Digital 390 x 390 pixels Touchscreen Black Wi-Fi GPS (satellite)
010-02805-04,Garmin,NEW,258.03,3,ON-SITE,Garmin Instinct 2X Solar 2.79 cm (1.1 ) MIP 50 mm Digital 176 x 176 pixels Touchscreen White GPS (satellite)
010-02778-01,Garmin,NEW,470.1,2,ON-SITE,Garmin fenix 7X Pro 3.56 cm (1.4 ) MIP 51 mm Digital 280 x 280 pixels Touchscreen Grey Wi-Fi GPS (satellite)
010-03405-01,Garmin,NEW,1179.4,2,ON-SITE,Garmin Tactix 8 47mm AMOLED Black
010-03407-01,Garmin,NEW,1282.48,2,ON-SITE,Garmin Tactix 8 51mm SOLAR Black
010-02784-01,Garmin,NEW,295.98,2,ON-SITE,Garmin Venu 3 3.56 cm (1.4 ) AMOLED 45 mm Digital 454 x 454 pixels Touchscreen Black Wi-Fi GPS (satellite)
010-02809-10,Garmin,NEW,502.67,2,ON-SITE,Garmin Forerunner 965 3.56 cm (1.4 ) AMOLED 47 mm Digital 454 x 454 pixels Touchscreen Black Wi-Fi GPS (satellite)
010-02862-11,Garmin,NEW,187.67,2,ON-SITE,Garmin Vivoactive 5 3.05 cm (1.2 ) AMOLED 42 mm Digital 390 x 390 pixels Touchscreen White Wi-Fi GPS (satellite)
010-02905-21,Garmin,NEW,823.72,1,ON-SITE,Garmin Fenix 8 3.56 cm (1.4 ) AMOLED 51 mm Digital 454 x 454 pixels Touchscreen Titanium Wi-Fi GPS (satellite)
010-02863-20,Garmin,NEW,184.8,1,ON-SITE,Garmin Forerunner 165 3.05 cm (1.2 ) AMOLED 43 mm Digital 390 x 390 pixels Touchscreen Black GPS (satellite)
010-02805-01,Garmin,NEW,233.28,1,ON-SITE,Garmin Instinct 2X Solar 2.79 cm (1.1 ) MIP 50 mm Digital 176 x 176 pixels Touchscreen Red GPS (satellite)
5121,Salta,NEW,37.35,8,ON-SITE,Salta Techniq Children Freestanding
5837A,Salta,NEW,280.81,7,ON-SITE,Salta Premium Ground - 214 x 305 cm recreational/backyard trampoline
5263A,Salta,NEW,275.97,3,ON-SITE,SALTA Cosmos 427 cm Trampoline black
5374G,Salta,NEW,714.48,2,ON-SITE,Salta First Class - 427 cm recreational/backyard trampoline
5366A,Salta,NEW,578.01,1,ON-SITE,Salta Trampoline Royal Baseground - 396x244cm
010-02890-01,Garmin,NEW,592.76,5,ON-SITE,Garmin Edge 1050 bicycle navigation
T-TBP-ML5B,TOPEAK,NEW,31.93,10,ON-SITE,Bike Bag Topeak Loader Midloader (under frame 4.5 litres)
T-TT9635B2,TOPEAK,NEW,63.12,1,ON-SITE,Topeak MTX TrunkBag DXP 2.0 (with sides) new 2024 (04.2024)
YCK0/10/60/2,Yale,NEW,3.22,2,ON-SITE,Keyed bicycle cable 10 mm - YCK0/10/60/2 Black
YCK0/12/200/2,Yale,NEW,6.26,1,ON-SITE,12 mm steel keyed bicycle cable - YCK0/12/200/2 Black
E2 PRO D,Segway,NEW,292.99,9,ON-SITE,Segway-Ninebot KickScooter Electric Scooter E2 Pro Grey 20 km/h
F3 D,Segway,NEW,480.31,1,ON-SITE,Ninebot by Segway F3 D Black
MAX G3 D,Segway,NEW,780.14,1,ON-SITE,Segway-Ninebot KickScooter electric scooter Max G3 D Black
230415,KETER,NEW,28.64,200,ON-SITE,SHERWOOD STORAGE BOX 270 L KETER garden box
249384,KETER,NEW,33.52,51,ON-SITE,Keter 249384 storage box Rectangular Resin Light grey
249722,KETER,NEW,31.93,35,ON-SITE,KETER Garden Box ( 249722) 270 L Graphite
166142,VILEDA,NEW,9.11,200,ON-SITE,Spin Mop Refill Vileda Turbo 2in1 2 pc(s)
155747,VILEDA,NEW,5.55,200,ON-SITE,Mop Refill Vileda Ultramax/Ultramat Turbo
151608,VILEDA,NEW,5.35,189,ON-SITE,Spin Mop Refill Vileda Turbo 2in1
160933,VILEDA,NEW,8.47,187,ON-SITE,Mop Refill Vileda Ultramax XL/Ultramat Turbo XL
167749,VILEDA,NEW,6.44,149,ON-SITE,Spin Mop Refill Vileda TURBO 3in1 Microfiber 1 pc(s)
168926,VILEDA,NEW,8.92,102,ON-SITE,Steam Mop Refill Vileda Steam
167968,VILEDA,NEW,3.47,96,ON-SITE,Mop Refill Vileda 3Action Velour XL
128746,VILEDA,NEW,2.32,85,ON-SITE,Mop handle Vileda (Click) Black Red
52106,LEIFHEIT,NEW,21.22,82,ON-SITE,LEIFHEIT 52106 mop Cotton Fiber Dry&wet Blue White
173490,VILEDA,NEW,7.16,80,ON-SITE,Vileda Ultramax Care mop refill
141626,VILEDA,NEW,7.1,64,ON-SITE,Mop Refill Vileda UltraMax Micro & Cotton
152623,VILEDA,NEW,5.07,60,ON-SITE,Spin Mop Refill Vileda TURBO Classic
157919,VILEDA,NEW,4.06,48,ON-SITE,Mop Refill Vileda Microfibre & Power
178330,VILEDA,NEW,6.72,43,ON-SITE,Refill for Vileda H2prO spin mop
167964,VILEDA,NEW,3.05,41,ON-SITE,Mop Refill Vileda Soft
157870,VILEDA,NEW,11.12,24,ON-SITE,Bucket with Wringer Vileda UltraMax
180855,VILEDA,NEW,9.34,22,ON-SITE,Vileda Steam Plus Sensitive steam mop refill
173655,VILEDA,NEW,5.92,21,ON-SITE,Mop Refill Vileda 1-2 Spray Max
175786,VILEDA,NEW,6.45,18,ON-SITE,Refill for Vileda H2prO flat mop
128767,VILEDA,NEW,11.53,14,ON-SITE,Bucket with Wringer Vileda Torsion Power
128747,VILEDA,NEW,2.36,8,ON-SITE,Brush handle Vileda (thread)
180853,VILEDA,NEW,11.97,6,ON-SITE,Vileda Steam Plus XXL Sensitive steam mop refill
2.863-197.0,KARCHER,NEW,16.46,24,ON-SITE,Kärcher 2.863-197.0 vacuum accessory/supply
2.863-198.0,KARCHER,NEW,18.91,24,ON-SITE,Kärcher 2.863-198.0 vacuum accessory/supply
141742,VILEDA,NEW,5.37,31,ON-SITE,Dust Pan and Brush Vileda 2in1
179432,VILEDA,NEW,4.05,11,ON-SITE,Vileda dustpan with short handle + 2 Flex&Catch refills
177664,VILEDA,NEW,4.9,10,ON-SITE,Vileda Flex&Catch dustpan refills 5 pcs.
179434,VILEDA,NEW,5.72,9,ON-SITE,Vileda dustpan with long handle + 1 Flex&Catch refill
177662,VILEDA,NEW,7.98,3,ON-SITE,Vileda Flex&Catch dustpan refills 10 pcs.
159520,VILEDA,NEW,18.45,15,ON-SITE,Window Squeegee with Pole Vileda
175775,VILEDA,NEW,38.25,200,ON-SITE,Vileda H2prO flat mop
163422,VILEDA,NEW,33,175,ON-SITE,Rotary mop Vileda Turbo
178332,VILEDA,NEW,39.97,143,ON-SITE,Vileda H2prO rotary mop
55096,LEIFHEIT,NEW,43.97,141,ON-SITE,Leifheit Profi Mop XL with bucket on wheels
56796,LEIFHEIT,NEW,18.56,90,ON-SITE,Leifheit Classic mop
56792,LEIFHEIT,NEW,18.29,82,ON-SITE,Leifheit 56792 mop Metal Plastic Viscose Turquoise White
52110,LEIFHEIT,NEW,21.24,81,ON-SITE,Leifheit Power mop
160932,VILEDA,NEW,29.07,76,ON-SITE,Mop & Bucket System Vileda Ultramax Box XL
52102,LEIFHEIT,NEW,32.71,61,ON-SITE,LEIFHEIT Clean Twist Mop Ergo mobile mopping system/bucket Single tank Blue
163427,VILEDA,NEW,40.64,60,ON-SITE,Spin Mop Vileda Ultramax Turbo XL
52101,LEIFHEIT,NEW,29,48,ON-SITE,Leifheit Clean Twist Disc mop
160931,VILEDA,NEW,18.64,47,ON-SITE,Mop Vileda Ultramax XL
142593,VILEDA,NEW,5.31,43,ON-SITE,Mop Vileda Supermocio Soft
155737,VILEDA,NEW,24.93,43,ON-SITE,Mop & Bucket System Vileda Ultramax Box
52001,LEIFHEIT,NEW,9.6,37,ON-SITE,Leifheit 52001 can/pail 2.5 L
140008,VILEDA,NEW,6.41,28,ON-SITE,Mop Vileda 3Action Velour XL
173502,VILEDA,NEW,20.53,28,ON-SITE,Mop Vileda 1-2 Spray Max Box
55092,LEIFHEIT,NEW,32.69,26,ON-SITE,Leifheit 55092 mop Microfibre 8000 ml Dry&wet Microfiber Blue Grey
167248,VILEDA,NEW,12.28,25,ON-SITE,Flat mop Vileda Active Max
160474,VILEDA,NEW,6.12,20,ON-SITE,Mop Vileda Microfibre And Power
173657,VILEDA,NEW,20,10,ON-SITE,Vileda 1-2 Spray MAX spray mop Red White
167245,VILEDA,NEW,12.7,7,ON-SITE,Vileda Pet Pro hair and coat mop
155741,VILEDA,NEW,14.97,7,ON-SITE,Mop Vileda Ultramax
55023,LEIFHEIT,NEW,23.45,3,ON-SITE,Leifheit Profi Cotton Plus mop Fiber Grey Turquoise White
2244850,YANKEE home,NEW,8.62,15,ON-SITE,Elektrischer Lufterfrischer – Starterset BLACK CHERRY YANKEE
2244854,YANKEE home,NEW,8.57,5,ON-SITE,Elektrischer Lufterfrischer – Starterset PINK SANDS YANKEE
177722,VILEDA,NEW,1.56,84,ON-SITE,Vileda Dermo Plus ‘L’ Gloves Green Cotton Nitrile
166566,VILEDA,NEW,0.98,41,ON-SITE,Gloves Vileda Universal L
179654,VILEDA,NEW,7.27,36,ON-SITE,Vileda Multi Latex 100 Disposable gloves Beige 100 pc(s)
177720,VILEDA,NEW,1.57,33,ON-SITE,Vileda Dermo Plus ‘M’ Gloves Green Cotton Nitrile
166565,VILEDA,NEW,0.97,32,ON-SITE,Gloves Vileda Universal M
167824,VILEDA,NEW,6.51,27,ON-SITE,VILEDA Safe Hands – nitrile gloves M/L 100 pcs
167394,VILEDA,NEW,1.1,26,ON-SITE,Gloves Vileda Extra Sensation M
166564,VILEDA,NEW,0.95,21,ON-SITE,Gloves Vileda Universal S
167395,VILEDA,NEW,1.14,14,ON-SITE,Vileda Extra Sensation Household gloves Green Cotton Latex 1 pc(s)
179652,VILEDA,NEW,7.28,5,ON-SITE,Vileda Multi Latex 100 Disposable gloves Beige 100 pc(s)
179707,VILEDA,NEW,1.53,1,ON-SITE,Vileda Natural Latex gloves size M/L 10 pairs
171805,VILEDA,NEW,1.9,200,ON-SITE,Cloth Vileda Actifibre Soft 1 pc(s)
183298,VILEDA,NEW,2.12,200,ON-SITE,Vileda Actifibre Pro glass and window cloth 1 piece
183303,VILEDA,NEW,1.89,200,ON-SITE,Vileda Actifibre Pro All-Purpose Kitchen Cloth 1 piece
162401,VILEDA,NEW,1.77,183,ON-SITE,Window Cloth Vileda 1 pc(s)
168863,VILEDA,NEW,1.55,57,ON-SITE,Cleaning Coth Vleda Microfibre 1 pc(s)
171813,VILEDA,NEW,3.08,39,ON-SITE,Vileda ACTIFIBRE Soft Universal Soft cloth 2 pc.
171216,VILEDA,NEW,4.76,36,ON-SITE,Cleaning Cloth Vileda Microfibre Colors 8 pcs
155717,VILEDA,NEW,2.73,30,ON-SITE,Cleaning Clothes Vileda Microfiber Colors 4 pc(s)
159616,VILEDA,NEW,3.12,25,ON-SITE,Cleaning Cloth Vileda Microfibre Cloth Colors Extra Large 4 pcs
169743,VILEDA,NEW,1.43,24,ON-SITE,Sponge Scrubber Vileda 3pc(s)
167602,VILEDA,NEW,2.61,24,ON-SITE,Cleaning Cloth Vileda Microfibre Ultra Fresh 3 pcs.
151991,VILEDA,NEW,2.43,22,ON-SITE,Floor Cloth Vileda Microfibre Colors 1 pc(s)
168876,VILEDA,NEW,1.65,20,ON-SITE,Kitchen Cleaning Cloth Vileda 2in1
168310,VILEDA,NEW,2.52,12,ON-SITE,Cleaning Cloth Vileda Microfibre 100% Recycled 3 pcs.
179229,VILEDA,NEW,1.9,11,ON-SITE,Universal cloth with enzymes Vileda Pro Clean 2 pcs.
179370,VILEDA,NEW,2.38,10,ON-SITE,Universal cloth with enzymes Vileda Pro Clean 4 pcs.
6.295-944.0,KARCHER,NEW,7.1,200,ON-SITE,Kärcher 6.295-944.0 floor cleaner/restorer Liquid (concentrate)
15-DLQ12-1,URNEX,NEW,7.62,163,ON-SITE,Urnex Descaler 1000ml
6.295-772.0,KARCHER,NEW,4.34,90,ON-SITE,Kärcher 6.295-772.0 glass cleaner Spray bottle 500 ml
6.295-943.0,KARCHER,NEW,6.7,80,ON-SITE,Kärcher 6.295-943.0 floor cleaner/restorer Liquid (concentrate)
11919,LEIFHEIT,NEW,5.88,30,ON-SITE,ALL-PURPOSE CLEANER 1L LEIFHEIT
41415,LEIFHEIT,NEW,5.62,30,ON-SITE,Leifheit 41415 all-purpose cleaner 1000 ml liquid
41418,LEIFHEIT,NEW,6.02,30,ON-SITE,Leifheit 41418 all-purpose cleaner 1000 ml liquid
41414,LEIFHEIT,NEW,5.65,29,ON-SITE,Leifheit 41414 all-purpose cleaner 1000 ml liquid
6.295-769.0,KARCHER,NEW,13.89,26,ON-SITE,Kärcher 6.295-769 pressure washer accessory Car cleaning kit
BBZWDSET,BOSCH,NEW,6.12,10,ON-SITE,Bosch BBZWDSET vacuum accessory/supply Cleaning solution Cylinder vacuum
płyn Brava jet,IROBOT,NEW,15.58,10,ON-SITE,Jet liquid (ready to use) iRobot Braava Combo
FR00225_1000,FRISCHER,NEW,8.65,4,ON-SITE,Liquid for mopping robots including wood Frischer 1l (concentrate)
6.295-771.0,KARCHER,NEW,6.71,4,ON-SITE,Kärcher RM519 Fast Dry Liquid Carpet Cleaner all-purpose cleaner 1000 ml
180742,VILEDA,NEW,5.2,101,ON-SITE,Vileda Turbo Cleaning Brush
169342,VILEDA,NEW,5.36,72,ON-SITE,Broom Refill Vileda 3Action
128763,VILEDA,NEW,8.2,49,ON-SITE,Broom VILEDA 2in1 Garden Outdoor (red/yellow)
175559,VILEDA,NEW,5.42,42,ON-SITE,Universal Broom Refill Vileda Classica 2w1
143782,VILEDA,NEW,8.08,29,ON-SITE,Universal Broom Vileda Classica 2-in-1
142494,VILEDA,NEW,9.42,27,ON-SITE,Broom Vileda 3 Action - 3in1 (red)
143702,VILEDA,NEW,8.92,27,ON-SITE,Broom Vileda Duactiva Classic
173814,VILEDA,NEW,7.21,23,ON-SITE,Refill for Vileda Always Clean PET PRO brush
174000,VILEDA,NEW,10.11,17,ON-SITE,Vileda Always Clean PET PRO Brush
128762,VILEDA,NEW,7.62,16,ON-SITE,Broom VILEDA Profiled 2in1 (red)
136082,VILEDA,NEW,9.5,15,ON-SITE,Parquet Brush Vileda 2in1
175565,VILEDA,NEW,5.64,7,ON-SITE,Broom Refill Vileda DuActiva
141656,VILEDA,NEW,1.72,65,ON-SITE,Sponge Vileda Glitzi Power Inox 2 pc(s)
105715,VILEDA,NEW,1.28,44,ON-SITE,Vileda Miraclean Magic Sponge 4-pack
179700,VILEDA,NEW,1.37,42,ON-SITE,Viscose scourer with enzymes Vileda Pro Clean 2 pcs.
160561,VILEDA,NEW,1.06,40,ON-SITE,Steel Scrubbers Vileda Glitzi Spiral 3 pc(s)
138203,VILEDA,NEW,1.39,31,ON-SITE,Profiled Sponge Vileda Glitzi Plus 3 pc(s)
169492,VILEDA,NEW,1.9,28,ON-SITE,Sponge Vileda Pur Active Colors 4 pc(s)
173845,VILEDA,NEW,0.86,26,ON-SITE,Sponge Scourer Vileda Tip-Top 5 pcs.
180758,VILEDA,NEW,2.16,23,ON-SITE,Vileda Punch Strong Orange Scouring Pad 1 piece
182804,VILEDA,NEW,2.16,12,ON-SITE,Vileda Punch Flexible Sponge Lemon 1 pc.
169474,VILEDA,NEW,1.12,11,ON-SITE,Sponge Scourer Vileda Pur Active 2 pc(s)
168527,VILEDA,NEW,1.26,8,ON-SITE,Viscose Sponge Vileda Glitzi Always Clean 2 pcs.
179246,VILEDA,NEW,1.37,6,ON-SITE,Vileda Pro Clean enzyme profiled scourer 3 pcs.
182810,VILEDA,NEW,2.16,4,ON-SITE,Vileda Punch All-Purpose Sponge – Apple 1 piece
5125,Salta,NEW,105.72,28,ON-SITE,Football goal with training screen Salta Legend 220 x 170 x 80 cm
GP 100,Medisana,NEW,8.13,8,ON-SITE,Medisana GP 100 Hot/Cold Gel Compress for the Head
GP 102,Medisana,NEW,10.74,8,ON-SITE,Medisana GP 102 Hot/Cold Gel Compress for the Shoulders
88107,Medisana,NEW,6.49,7,ON-SITE,Medisana GP 103 Hot/Cold Gel Shoulder Compress
GP 104,Medisana,NEW,9.46,7,ON-SITE,Medisana GP 104 Hot/Cold Gel Compress for the Lower Back
88105,Medisana,NEW,6.96,6,ON-SITE,Medisana GP 105 Hot/Cold Gel Compress for the Leg
88101,Medisana,NEW,8.15,5,ON-SITE,Medisana GP 101 Hot/Cold Gel Neck Compress
C7977A,Hewlett Packard Enterprise,NEW,66.74,50,ON-SITE,HPE LTO-7 Ultrium 15TB RW Data Cartridge
Q2078A,Hewlett Packard Enterprise,NEW,71.6,22,ON-SITE,HPE LTO-8 Ultrium 30TB RW Data Cartridge
Q2079A,Hewlett Packard Enterprise,NEW,83.73,12,ON-SITE,HPE LTO-9 Ultrium 45TB RW Data Cartridge
C7976A,Hewlett Packard Enterprise,NEW,40.06,5,ON-SITE,HPE LTO-6 Ultrium 6.25TB RW Data Cartridge
U6-Pro,UBIQUITI,NEW,157.98,336,ON-SITE,Ubiquiti U6-PRO wireless access point 4800 Mbit/s White Power over Ethernet (PoE)
U6+,UBIQUITI,NEW,100.34,221,ON-SITE,Ubiquiti U6+ wireless access point 2402 Mbit/s White Power over Ethernet (PoE)
U7-Pro,UBIQUITI,NEW,177.89,200,ON-SITE,Ubiquiti UniFi U7 Pro 5400 Mbit/s Wi-Fi Access Point 7 white PoE+
UAP-AC-PRO,UBIQUITI,NEW,137.01,159,ON-SITE,Ubiquiti UAP-AC-PRO wireless access point 1300 Mbit/s White Power over Ethernet (PoE)
U7-Lite,UBIQUITI,NEW,96.04,134,ON-SITE,Ubiquiti U7 Lite 4300 Mbit/s White Power over Ethernet (PoE)
U7-PRO-XG,UBIQUITI,NEW,194.34,105,ON-SITE,Ubiquiti U7 Pro XG 5800 Mbit/s White Power over Ethernet (PoE)
U7-Pro-Max,UBIQUITI,NEW,273.53,94,ON-SITE,Ubiquiti U7 Pro Max 5700 Mbit/s White Power over Ethernet (PoE)
U7-Outdoor,UBIQUITI,NEW,194.43,51,ON-SITE,Ubiquiti U7 Outdoor 4300 Mbit/s White Power over Ethernet (PoE)
U7-PRO-XG-B,UBIQUITI,NEW,196.36,50,ON-SITE,Ubiquiti U7 Pro XG 5800 Mbit/s Black Power over Ethernet (PoE)
U7-Pro-Wall,UBIQUITI,NEW,193.96,43,ON-SITE,Ubiquiti U7 Pro Wall 5700 Mbit/s White Power over Ethernet (PoE)
U7-PRO-OUTDOOR,UBIQUITI,NEW,275.6,42,ON-SITE,Ubiquiti U7 Pro Outdoor 8600 Mbit/s White Power over Ethernet (PoE)
U7-PRO-XGS-B,UBIQUITI,NEW,292.39,41,ON-SITE,Ubiquiti U7 Pro XGS 8600 Mbit/s Black Power over Ethernet (PoE)
U6-Mesh-Pro,UBIQUITI,NEW,195.82,41,ON-SITE,Ubiquiti U6 Mesh Pro 2400 Mbit/s White Power over Ethernet (PoE)
U6-IW,UBIQUITI,NEW,185.22,36,ON-SITE,Ubiquiti Unifi 6 In-Wall 4800 Mbit/s White Power over Ethernet (PoE)
U7-PRO-XGS,UBIQUITI,NEW,292.42,30,ON-SITE,Ubiquiti U7 Pro XGS 8600 Mbit/s White Power over Ethernet (PoE)
WBE510D-EU0101F,ZyXEL,NEW,262.13,20,ON-SITE,Zyxel WBE510D 5764 Mbit/s White Power over Ethernet (PoE)
U7-IW,UBIQUITI,NEW,144.48,16,ON-SITE,Ubiquiti U7 In-Wall 4300 Mbit/s White Power over Ethernet (PoE)
NWA55BE-EU0102F,ZyXEL,NEW,138.51,14,ON-SITE,Zyxel NWA55BE 5100 Mbit/s White Power over Ethernet (PoE)
NWA50BE-EU0102F,ZyXEL,NEW,78.6,11,ON-SITE,Zyxel NWA50BE Wi-Fi 7 Access Point 2.4GHz(2x2)/5GHz(2x2) PoE+ 1x2.5G
NWA30BE-EU0102F,ZyXEL,NEW,73.99,10,ON-SITE,Zyxel NWA30BE 5012 Mbit/s White Power over Ethernet (PoE)
E7,UBIQUITI,NEW,491.66,10,ON-SITE,Ubiquiti E7 wireless access point 11500 Mbit/s White Power over Ethernet (PoE)
NWA110BE-EU0101F,ZyXEL,NEW,150.01,6,ON-SITE,Zyxel NWA110BE 5764 Mbit/s White Power over Ethernet (PoE)
NWA50BEPRO-EU0102F,ZyXEL,NEW,101.65,4,ON-SITE,Zyxel NWA50BE PRO 5764 Mbit/s White Power over Ethernet (PoE)
NWA90BE-EU0102F,ZyXEL,NEW,106.25,4,ON-SITE,Zyxel NWA90BE 4324 Mbit/s White Power over Ethernet (PoE)
NWA55AXPRO-EU0102F,ZyXEL,NEW,120.05,4,ON-SITE,Access Point Wi-Fi 6 Zyxel NWA55AXEPRO AX3000
NWA55AXPTP-EU0102F,ZyXEL,NEW,161.72,2,ON-SITE,Outdoor Wireless Bridge Zyxel NWA55AXPTP AX2400 2.4GHz(1x1)/5GHz(2x2) PoE+ 1x1G IP55 Standalone/Nebula Cloud Managed zasilacz w kpl. zestaw 2 szt 5Ghz do 5 km
IAP500BE-EU0101F,ZyXEL,NEW,184.49,2,ON-SITE,Zyxel IAP500BE 5012 Mbit/s Black Power over Ethernet (PoE)
NWA210BE-EU0101F,ZyXEL,NEW,212.48,2,ON-SITE,Zyxel NWA210BE 11530 Mbit/s White Power over Ethernet (PoE)
NWA210AXV2-EU0101F,ZyXEL,NEW,144.77,2,ON-SITE,Zyxel NWA210AXV2-EU0101F wireless access point 2975 Mbit/s White Power over Ethernet (PoE)
WBE630S-EU0101F,ZyXEL,NEW,374.94,2,ON-SITE,Zyxel WBE630S 11530 Mbit/s White Power over Ethernet (PoE)
NWA240BE-EU0101F,ZyXEL,NEW,226.06,1,ON-SITE,Zyxel NWA240BE White Power over Ethernet (PoE)
NWA130BE-EU0101F,ZyXEL,NEW,182.73,1,ON-SITE,Zyxel NWA130BE-EU0101F wireless access point 5764 Mbit/s White Power over Ethernet (PoE)
Loco5AC,UBIQUITI,NEW,44.76,200,ON-SITE,Ubiquiti NanoStation 5AC Loco 1000 Mbit/s White Power over Ethernet (PoE)
LocoM2,UBIQUITI,NEW,43.13,191,ON-SITE,Ubiquiti NanoStation M2 150 Mbit/s White Power over Ethernet (PoE)
NBE-5AC-GEN2,UBIQUITI,NEW,89.51,74,ON-SITE,Ubiquiti NanoBeam 5AC Gen 2 Network bridge 450 Mbit/s White
SXTsq-5axD,MikroTik,NEW,49.19,57,ON-SITE,Mikrotik SXTsq 5 ax (SXTsq-5axD)
LBE-M5-23,UBIQUITI,NEW,43.9,48,ON-SITE,Ubiquiti LBE-M5-23 bridge/repeater 1x1 SISO 100 Mbit/s White
NSM2,UBIQUITI,NEW,80.33,44,ON-SITE,Ubiquiti NanoStation M2 Network bridge White
RBSXTsq5nD,MikroTik,NEW,34.86,27,ON-SITE,Mikrotik SXTsq Lite5 White Power over Ethernet (PoE)
SXTR&R11e-LTE7,MikroTik,NEW,84.12,19,ON-SITE,Mikrotik SXT LTE7 kit Cellular network modem/router
FOA-LC-SMD,ALANTEC,NEW,0.66,15,ON-SITE,SM LC duplex adapter
UACC-DAC-SFP10-1M,UBIQUITI,NEW,13.67,200,ON-SITE,Ubiquiti UACC-DAC-SFP10-1M InfiniBand/fibre optic cable SFP+ Black
UACC-DAC-SFP10-0.5M,UBIQUITI,NEW,12.57,143,ON-SITE,Ubiquiti UACC-DAC-SFP10-0.5M InfiniBand/fibre optic cable SFP+ Black
UACC-OM-MM-10G-D-2,UBIQUITI,NEW,35.87,127,ON-SITE,Ubiquiti UACC-OM-MM-10G-D-2 network transceiver module Fiber optic 10000 Mbit/s 850 nm
UACC-OM-SM-10G-D-2,UBIQUITI,NEW,78.81,118,ON-SITE,Ubiquiti UACC-OM-SM-10G-D-2 network transceiver module Fiber optic 10000 Mbit/s SFP+ 1310 nm
UACC-CM-RJ45-MG,UBIQUITI,NEW,61.36,49,ON-SITE,Ubiquiti UACC-CM-RJ45-MG network transceiver module Copper 10000 Mbit/s SFP+
UACC-OM-SM-1G-S-2,UBIQUITI,NEW,21.32,49,ON-SITE,Ubiquiti UACC-OM-SM-1G-S-2 network transceiver module Fiber optic 1250 Mbit/s SFP
UACC-DAC-SFP10-3M,UBIQUITI,NEW,18.42,47,ON-SITE,Ubiquiti UACC-DAC-SFP10-3M InfiniBand/fibre optic cable SFP+ Black
S-RJ01,MikroTik,NEW,21.65,40,ON-SITE,Mikrotik S-RJ01 network switch module Gigabit Ethernet
UACC-AOC-SFP10-10M,UBIQUITI,NEW,40.88,32,ON-SITE,Ubiquiti UACC-AOC-SFP10-10M InfiniBand/fibre optic cable SFP+ Aqua colour
S-31DLC20D,MikroTik,NEW,17.32,29,ON-SITE,Mikrotik S-31DLC20D network transceiver module 1250 Mbit/s SFP 1310 nm
UACC-OM-SM-10G-S-2,UBIQUITI,NEW,147.6,29,ON-SITE,Ubiquiti UACC-OM-SM-10G-S-2 network transceiver module Fiber optic 10000 Mbit/s
UACC-OM-MM-1G-D-2,UBIQUITI,NEW,15.8,26,ON-SITE,Ubiquiti UACC-OM-MM-1G-D-2 network transceiver module Fiber optic 1250 Mbit/s SFP
UACC-DAC-SFP28-0.5M,UBIQUITI,NEW,21.92,25,ON-SITE,Ubiquiti UACC-DAC-SFP28-0.5M InfiniBand/fibre optic cable Black
UACC-CM-RJ45-1G,UBIQUITI,NEW,15.87,25,ON-SITE,Ubiquiti UACC-CM-RJ45-1G network transceiver module Copper 1000 Mbit/s RJ-45
UACC-DAC-SFP28-1M,UBIQUITI,NEW,22.51,14,ON-SITE,Ubiquiti UACC-DAC-SFP28-1M InfiniBand/fibre optic cable Black
S+85DLC03D,MikroTik,NEW,43.3,11,ON-SITE,Mikrotik S+85DLC03D network transceiver module Fiber optic 10000 Mbit/s SFP+ 850 nm
DAC10G-1M-ZZ0103F,ZyXEL,NEW,26.93,11,ON-SITE,Zyxel DAC10G-1M-ZZ0103F InfiniBand/fibre optic cable SFP+ Black
UACC-AOC-SFP10-5M,UBIQUITI,NEW,35.11,11,ON-SITE,Ubiquiti UACC-AOC-SFP10-5M InfiniBand/fibre optic cable SFP+ Aqua colour
UACC-AOC-SFP10-20M,UBIQUITI,NEW,49.5,9,ON-SITE,Ubiquiti UACC-AOC-SFP10-20M InfiniBand/fibre optic cable SFP+ Aqua colour
DAC10G-3M-ZZ0103F,ZyXEL,NEW,45.39,6,ON-SITE,Zyxel DAC10G-3M InfiniBand/fibre optic cable SFP+ Black
UACC-DAC-SFP28-3M,UBIQUITI,NEW,35.05,4,ON-SITE,Ubiquiti UACC-DAC-SFP28-3M InfiniBand/fibre optic cable Black
SFP10G-LR-ZZ0101F,ZyXEL,NEW,227.72,4,ON-SITE,Zyxel SFP10G-LR network transceiver module Fiber optic 10000 Mbit/s SFP+ 1310 nm
UACC-AOC-SFP28-10M,UBIQUITI,NEW,53.15,1,ON-SITE,Ubiquiti UACC-AOC-SFP28-10M InfiniBand/fibre optic cable Aqua colour
GS105GE,NETGEAR,NEW,19.57,96,ON-SITE,NETGEAR GS105 Unmanaged Gigabit Ethernet (10/100/1000) Blue
GS108GE,NETGEAR,NEW,24.6,55,ON-SITE,NETGEAR GS108GE network switch Unmanaged Gigabit Ethernet (10/100/1000) Blue
GS-105BV5-EU0101F,ZyXEL,NEW,11.98,55,ON-SITE,Zyxel GS-105BV5-EU0101F network switch Unmanaged L2 Gigabit Ethernet (10/100/1000)
XMG-105HP-EU0101F,ZyXEL,NEW,100.7,49,ON-SITE,Zyxel XMG-105HP Unmanaged 2.5G Ethernet (100/1000/2500) Power over Ethernet (PoE) Silver
GS-108BV5-EU0101F,ZyXEL,NEW,17.17,44,ON-SITE,Zyxel GS-108BV5-EU0101F network switch Unmanaged L2 Gigabit Ethernet (10/100/1000)
GS105E-200PES,NETGEAR,NEW,26.79,20,ON-SITE,NETGEAR GS105E-200PES network switch Managed L2/L3 Gigabit Ethernet (10/100/1000) Grey
GS308-300PES,NETGEAR,NEW,22.77,11,ON-SITE,NETGEAR GS308-300PES network switch Unmanaged L2 Gigabit Ethernet (10/100/1000) Black
XMG-105-ZZ0101F,ZyXEL,NEW,71.21,10,ON-SITE,Zyxel XMG-105 Unmanaged 2.5G Ethernet (100/1000/2500) Grey
XMG-108-ZZ0101F,ZyXEL,NEW,100.75,10,ON-SITE,Zyxel XMG-108 Unmanaged 2.5G Ethernet (100/1000/2500) Silver
GS1100-24E-EU0104F,ZyXEL,NEW,63.92,10,ON-SITE,Switch Zyxel GS1100-24E 24p Unmanaged Gigabit (GS1100-24E-EU0104F)
GS1100-16E-EU0101F,ZyXEL,NEW,53.67,9,ON-SITE,Zyxel GS1100-16E-EU0101F 16-port Unmanaged Fanless Slim Switch
GS1100-16-EU0104F,ZyXEL,NEW,52.77,8,ON-SITE,Zyxel GS1100-16 16-port Unmanaged Gigabit Switch (GS1100-16-EU0104F)
GS308E-400EUS,NETGEAR,NEW,30.91,8,ON-SITE,NETGEAR GS308E Managed L2/L3 Gigabit Ethernet (10/100/1000) Black
GS108LP-100EUS,NETGEAR,NEW,87.59,8,ON-SITE,NETGEAR GS108LP Unmanaged Gigabit Ethernet (10/100/1000) Power over Ethernet (PoE) 1U Black Grey
GS305-300PES,NETGEAR,NEW,17.51,8,ON-SITE,NETGEAR GS305 Unmanaged L2 Gigabit Ethernet (10/100/1000) Black
GS116LP-100EUS,NETGEAR,NEW,153.99,8,ON-SITE,NETGEAR GS116LP Unmanaged Gigabit Ethernet (10/100/1000) Power over Ethernet (PoE) Black
GS108PP-100EUS,NETGEAR,NEW,101.03,6,ON-SITE,NETGEAR GS108PP Unmanaged Gigabit Ethernet (10/100/1000) Power over Ethernet (PoE) Black
GS308EPP-100PES,NETGEAR,NEW,126.43,6,ON-SITE,NETGEAR 8-Port Gigabit Ethernet High-Power PoE+ Plus Switch (GS308EPP) Managed L2/L3 Gigabit Ethernet (10/100/1000) Power over Ethernet (PoE) Black
GS324-200EUS,NETGEAR,NEW,90.88,5,ON-SITE,NETGEAR GS324 Unmanaged Gigabit Ethernet (10/100/1000) Black
GS316EP-100PES,NETGEAR,NEW,225.88,5,ON-SITE,NETGEAR GS316EP Managed Gigabit Ethernet (10/100/1000) Power over Ethernet (PoE) Black
GS1100-10HP-EU0102F,ZyXEL,NEW,116.65,4,ON-SITE,Zyxel GS1100-10HP v2 Unmanaged Gigabit Ethernet (10/100/1000) Power over Ethernet (PoE) Black
GS1100-16EP-EU0101F,ZyXEL,NEW,115.57,4,ON-SITE,Switch Zyxel GS1100-16EP-EU0101F
GS116-300EUS,NETGEAR,NEW,73.14,4,ON-SITE,NETGEAR GS116 Unmanaged L2 Gigabit Ethernet (10/100/1000) Black
GS305P-300EUS,NETGEAR,NEW,58.88,4,ON-SITE,NETGEAR GS305Pv3 Unmanaged Gigabit Ethernet (10/100/1000) Power over Ethernet (PoE) Black
GS316P-100EUS,NETGEAR,NEW,167.47,3,ON-SITE,NETGEAR GS316P Unmanaged Gigabit Ethernet (10/100/1000) Power over Ethernet (PoE) Black
GS1008HP-EU0101F,ZyXEL,NEW,61.12,3,ON-SITE,Zyxel GS1008HP Unmanaged Gigabit Ethernet (10/100/1000) Power over Ethernet (PoE) Grey
XMG-108HP-EU0101F,ZyXEL,NEW,124.71,2,ON-SITE,Zyxel XMG-108HP Unmanaged 2.5G Ethernet (100/1000/2500) Power over Ethernet (PoE)
GS305E-100PES,NETGEAR,NEW,22.7,1,ON-SITE,NETGEAR GS305E Managed Gigabit Ethernet (10/100/1000) Black
GS116PP-100EUS,NETGEAR,NEW,186.28,1,ON-SITE,NETGEAR GS116PP Unmanaged Gigabit Ethernet (10/100/1000) Power over Ethernet (PoE) Black
USW-Flex-2.5G-5,UBIQUITI,NEW,51.27,80,ON-SITE,Ubiquiti UniFi Flex Mini 2.5G Managed 2.5G Ethernet (100/1000/2500) Power over Ethernet (PoE) Desktop White
USW-Lite-16-PoE,UBIQUITI,NEW,200.95,79,ON-SITE,Ubiquiti UniFi Switch Lite 16 PoE L2 Gigabit Ethernet (10/100/1000) Power over Ethernet (PoE) White
USW-Flex-Mini,UBIQUITI,NEW,28.31,65,ON-SITE,Ubiquiti UniFi USW Flex Mini 5P (10/100/1000) PoE managed switch
USW-Ultra-60W,UBIQUITI,NEW,141.28,57,ON-SITE,Ubiquiti Ultra 60W Managed L2 Gigabit Ethernet (10/100/1000) Power over Ethernet (PoE) White
USW-Ultra,UBIQUITI,NEW,99.16,54,ON-SITE,Ubiquiti Ultra Managed L2 Gigabit Ethernet (10/100/1000) Power over Ethernet (PoE) White
CRS326-24G-2S+RM,MikroTik,NEW,162.18,54,ON-SITE,Mikrotik CRS326-24G-2S+RM network switch Managed L2 Gigabit Ethernet (10/100/1000) Grey
CSS106-5G-1S,MikroTik,NEW,32.75,50,ON-SITE,Mikrotik RB260GS Gigabit Ethernet (10/100/1000) Power over Ethernet (PoE) White
GS1200-8V3-EU0101F,ZyXEL,NEW,21.94,46,ON-SITE,Zyxel GS1200-8V3 Managed L2 Gigabit Ethernet (10/100/1000) Desktop Grey
USW-Pro-8-PoE,UBIQUITI,NEW,297.8,39,ON-SITE,Ubiquiti UniFi USW-PRO-8-POE network switch Managed L2/L3 Gigabit Ethernet (10/100/1000) Power over Ethernet (PoE) 1U White
USW-Flex-2.5G-8,UBIQUITI,NEW,156.82,39,ON-SITE,Ubiquiti UniFi Flex 2.5G Managed L2 2.5G Ethernet (100/1000/2500) Desktop/Wall-Mounting White
USW-Flex,UBIQUITI,NEW,99.21,39,ON-SITE,Ubiquiti UniFi USW-FLEX Managed L2 Gigabit Ethernet (10/100/1000) Power over Ethernet (PoE) White
GS1200-5V3-EU0101F,ZyXEL,NEW,16.12,35,ON-SITE,Zyxel GS1200-5V3 Managed L2 Gigabit Ethernet (10/100/1000) Desktop Grey
CRS310-8G+2S+IN,MikroTik,NEW,167.07,35,ON-SITE,Mikrotik CRS310-8G+2S+IN 10p Managed 2.5G/Multigigabit/10G Switch
USW-24-POE,UBIQUITI,NEW,374.96,33,ON-SITE,Ubiquiti UniFi 24-Port PoE Managed L2/L3 Gigabit Ethernet (10/100/1000) Power over Ethernet (PoE) 1U Silver
USW-Ultra-210W,UBIQUITI,NEW,197.22,29,ON-SITE,Ubiquiti Ultra 210W Managed L2 Gigabit Ethernet (10/100/1000) Power over Ethernet (PoE) White
USW-Pro-24-POE,UBIQUITI,NEW,685.04,26,ON-SITE,Ubiquiti UniFi Pro 24-Port PoE Managed L2/L3 Gigabit Ethernet (10/100/1000) Power over Ethernet (PoE) 1U Silver
USW-Pro-Max-16-PoE,UBIQUITI,NEW,389.91,25,ON-SITE,Ubiquiti Pro Max 16 PoE Managed L3 Gigabit Ethernet (10/100/1000) Power over Ethernet (PoE) Grey
USW-48-POE,UBIQUITI,NEW,584.62,24,ON-SITE,Ubiquiti UniFi USW-48-POE network switch Managed L2 Gigabit Ethernet (10/100/1000) Power over Ethernet (PoE) 1U Stainless steel
CSS106-1G-4P-1S,MikroTik,NEW,42.47,23,ON-SITE,Mikrotik CSS106-1G-4P-1S network switch Gigabit Ethernet (10/100/1000) Power over Ethernet (PoE) White
CRS328-24P-4S+RM,MikroTik,NEW,413.28,22,ON-SITE,MikroTik CRS328-24P-4S+RM 28P PoE (PoE+ 24) 10G managed gigabit switch
USW-24,UBIQUITI,NEW,226.94,20,ON-SITE,Ubiquiti UniFi USW-24 network switch Managed L2 Gigabit Ethernet (10/100/1000) Silver
USW-16-POE,UBIQUITI,NEW,296.84,20,ON-SITE,Ubiquiti UniFi 16-Port PoE Managed L2/L3 Gigabit Ethernet (10/100/1000) Power over Ethernet (PoE) 1U Silver
USW-Pro-48-POE,UBIQUITI,NEW,1077.16,19,ON-SITE,Ubiquiti UniFi Pro 48-Port PoE Managed L2/L3 Gigabit Ethernet (10/100/1000) Power over Ethernet (PoE) 1U Silver
USW-Pro-XG-10-PoE,UBIQUITI,NEW,698.59,19,ON-SITE,Ubiquiti UniFi Pro XG 10 PoE Managed L2/L3 10G Ethernet (100/1000/10000) Power over Ethernet (PoE) 1U Grey
CRS106-1C-5S,MikroTik,NEW,44.57,18,ON-SITE,Mikrotik CRS106-1C-5S network switch Gigabit Ethernet (10/100/1000) Power over Ethernet (PoE) White
USW-Aggregation,UBIQUITI,NEW,262.82,18,ON-SITE,Ubiquiti USW-AGGREGATION network switch Managed L2 1U Silver
GS1200-8HPV3-EU0101F,ZyXEL,NEW,45.82,17,ON-SITE,Zyxel GS1200-8HPV3 Managed L2 Gigabit Ethernet (10/100/1000) Power over Ethernet (PoE) Desktop Grey
CSS610-8G-2S+IN,MikroTik,NEW,89.79,17,ON-SITE,Mikrotik CSS610-8G-2S+IN network switch Gigabit Ethernet (10/100/1000) Power over Ethernet (PoE) White
GS1920-24V2-EU0101F,ZyXEL,NEW,184.36,17,ON-SITE,Zyxel GS1920-24V2 Managed Gigabit Ethernet (10/100/1000) Black
CRS354-48G-4S+2Q+RM,MikroTik,NEW,466.51,16,ON-SITE,Mikrotik CRS354-48G-4S+2Q+RM network switch Managed L2 Gigabit Ethernet (10/100/1000) Grey
GS1200-5HPV3-EU0101F,ZyXEL,NEW,42.96,16,ON-SITE,Zyxel GS1200-5HPV3 Managed L2 Gigabit Ethernet (10/100/1000) Power over Ethernet (PoE) Desktop Grey
USW-Pro-XG-8-PoE,UBIQUITI,NEW,499.73,15,ON-SITE,Ubiquiti UniFi Pro XG 8 PoE Managed L2/L3 10G Ethernet (100/1000/10000) Power over Ethernet (PoE) Grey
CRS112-8P-4S-IN,MikroTik,NEW,161.75,15,ON-SITE,Mikrotik CRS112-8P-4S-IN network switch Gigabit Ethernet (10/100/1000) Power over Ethernet (PoE) White
GS728TPP-300EUS,NETGEAR,NEW,417.85,14,ON-SITE,NETGEAR GS728TPP Managed L2/L3/L4 Gigabit Ethernet (10/100/1000) Power over Ethernet (PoE) Grey
GS192024HPV2-EU0101F,ZyXEL,NEW,296.57,13,ON-SITE,Zyxel GS1920-24HPV2 Managed Gigabit Ethernet (10/100/1000) Power over Ethernet (PoE) Black
GS1350-26HP-EU0101F,ZyXEL,NEW,385.93,11,ON-SITE,Zyxel GS1350-26HP-EU0101F network switch Managed L2 Gigabit Ethernet (10/100/1000) Power over Ethernet (PoE) Grey
CRS309-1G-8S+IN,MikroTik,NEW,207.24,11,ON-SITE,Mikrotik CRS309-1G-8S+ Managed Gigabit Ethernet (10/100/1000) Power over Ethernet (PoE) White
GS108T-300PES,NETGEAR,NEW,70.2,11,ON-SITE,NETGEAR GS108T Managed L2 Gigabit Ethernet (10/100/1000) Grey
USW-Pro-XG-24-PoE,UBIQUITI,NEW,1752.95,10,ON-SITE,Ubiquiti UniFi Pro XG 24 PoE Managed L2/L3 10G Ethernet (100/1000/10000) Power over Ethernet (PoE) 1U Grey
USW-Pro-Max-16,UBIQUITI,NEW,274.86,10,ON-SITE,Ubiquiti Pro Max 16 L3 2.5G Ethernet (100/1000/2500) 1U Grey
GS1900-8HP-EU0103F,ZyXEL,NEW,104.88,9,ON-SITE,Zyxel GS1900-8HP v3 PoE Managed L2 Gigabit Ethernet (10/100/1000) Power over Ethernet (PoE) Black
USW-48,UBIQUITI,NEW,401.91,8,ON-SITE,Ubiquiti UniFi USW-48 network switch Managed L2 Gigabit Ethernet (10/100/1000) Silver
GS110TP-300EUS,NETGEAR,NEW,136.4,8,ON-SITE,NETGEAR GS110TP Managed L2/L3/L4 Gigabit Ethernet (10/100/1000) Power over Ethernet (PoE) Grey
GS728TXP-300EUS,NETGEAR,NEW,435.15,8,ON-SITE,NETGEAR 28-Port PoE Gigabit/10G Stackable Smart Switch (GS728TXP)
GS1200-10V3-EU0101F,ZyXEL,NEW,34.82,8,ON-SITE,Zyxel GS1200-10v3 Managed L2 Gigabit Ethernet (10/100/1000) Desktop Grey
XGS2220-30HP-EU0101F,ZyXEL,NEW,573.87,8,ON-SITE,Zyxel XGS2220-30HP Managed L3 Gigabit Ethernet (10/100/1000) Power over Ethernet (PoE) Black
GS1900-10HP-EU0102F,ZyXEL,NEW,116.27,8,ON-SITE,Zyxel GS1900-10HP Managed L2 Gigabit Ethernet (10/100/1000) Power over Ethernet (PoE) Black
CRS326-24S+2Q+RM,MikroTik,NEW,454.51,8,ON-SITE,MikroTik CRS326-24S+2Q+RM 25P 10G managed L3 switch
GS752TP-300EUS,NETGEAR,NEW,574.27,7,ON-SITE,NETGEAR GS752TP Managed L2/L3/L4 Gigabit Ethernet (10/100/1000) Power over Ethernet (PoE) 1U Black
GS1915-8-EU0101F,ZyXEL,NEW,61.32,7,ON-SITE,Zyxel GS1915-8 Managed L2 Gigabit Ethernet (10/100/1000) Black
GS724TP-300EUS,NETGEAR,NEW,300.82,6,ON-SITE,NETGEAR GS724TP Managed L2/L3/L4 Gigabit Ethernet (10/100/1000) Power over Ethernet (PoE) Blue
ECS-Aggregation,UBIQUITI,NEW,4216.7,6,ON-SITE,Ubiquiti UniFi ECS-Aggregation Managed L2/L3 1U Grey
GSM4210PD-100EUS,NETGEAR,NEW,697.77,6,ON-SITE,NETGEAR 8x1G PoE+ 110W 1x1G and 1xSFP Managed Switch
XS1935-12F-ZZ0101F,ZyXEL,NEW,389.65,5,ON-SITE,Switch Zyxel XS1935-12F 12p Managed Multigigabit/10G
XGS2220-54FP-EU0101F,ZyXEL,NEW,1356.09,5,ON-SITE,Zyxel XGS2220-54FP Managed L3 Gigabit Ethernet (10/100/1000) Power over Ethernet (PoE)
GS1920-48V2-EU0101F,ZyXEL,NEW,332.23,5,ON-SITE,Zyxel GS1920-48V2 Managed Gigabit Ethernet (10/100/1000) Black
XS1930-12HP-ZZ0101F,ZyXEL,NEW,588,4,ON-SITE,Zyxel XS1930-12HP-ZZ0101F network switch Managed L3 10G Ethernet (100/1000/10000) Power over Ethernet (PoE) Black
GS2220-28HP-EU0101F,ZyXEL,NEW,414.52,4,ON-SITE,Zyxel GS2220-28HP-EU0101F network switch Managed L2 Gigabit Ethernet (10/100/1000) Power over Ethernet (PoE) Black
XGS1935-28HP-EU0101F,ZyXEL,NEW,380.04,4,ON-SITE,Zyxel XGS1935-28HP Managed L2+/L3 Gigabit Ethernet (10/100/1000)
GS728TP-300EUS,NETGEAR,NEW,322.54,4,ON-SITE,NETGEAR GS728TP Managed L2/L3/L4 Gigabit Ethernet (10/100/1000) Power over Ethernet (PoE) Grey
USW-Pro-HD-24-PoE,UBIQUITI,NEW,980.53,4,ON-SITE,Ubiquiti UniFi Pro HD 24 PoE Managed L2/L3 2.5G Ethernet (100/1000/2500) Power over Ethernet (PoE) 1U Grey
USW-Pro-Max-48-PoE,UBIQUITI,NEW,1264.92,4,ON-SITE,Ubiquiti USW-PRO-MAX-48-POE network switch L3 2.5G Ethernet (100/1000/2500) Power over Ethernet (PoE) Grey
USW-Pro-XG-48-PoE,UBIQUITI,NEW,2475.18,4,ON-SITE,Ubiquiti UniFi Pro XG 48 PoE Managed L3 10G Ethernet (100/1000/10000) Power over Ethernet (PoE) 1U Grey
GS1350-18HP-EU0101F,ZyXEL,NEW,317.32,4,ON-SITE,Zyxel GS1350-18HP-EU0101F network switch Managed L2 Gigabit Ethernet (10/100/1000) Power over Ethernet (PoE) Grey
CRS310-1G-5S-4S+IN,MikroTik,NEW,151.66,4,ON-SITE,Mikrotik CRS310-1G-5S-4S+IN network switch Managed L3 Power over Ethernet (PoE) 1U
GS752TXP-300EUS,NETGEAR,NEW,730.03,4,ON-SITE,NETGEAR 52-Port PoE Gigabit/10G Stackable Smart Switch (GS752TXP)
GS748T-600EUS,NETGEAR,NEW,443.92,3,ON-SITE,NETGEAR GS748Tv6 Managed L2/L3/L4 Gigabit Ethernet (10/100/1000) Black Grey
ES-24-250W,UBIQUITI,NEW,360.55,3,ON-SITE,Ubiquiti ES-24-250W network switch Managed L2/L3 Gigabit Ethernet (10/100/1000) Power over Ethernet (PoE) 1U Black
GS2220-50-EU0101F,ZyXEL,NEW,469.74,3,ON-SITE,Zyxel GS2220-50-EU0101F network switch Managed L2 Gigabit Ethernet (10/100/1000) Black
USW-Pro-XG-Aggregation,UBIQUITI,NEW,2450.25,2,ON-SITE,Ubiquiti UniFi Pro XG Aggregation Managed L2/L3 1U Grey
USW-Pro-HD-24,UBIQUITI,NEW,600.07,2,ON-SITE,Ubiquiti UniFi Pro HD 24 Managed L2/L3 2.5G Ethernet (100/1000/2500) 1U Grey
XMG2230-28HP-ZZ0101F,ZyXEL,NEW,859.66,2,ON-SITE,Zyxel XMG2230-28HP Managed L2/L3 2.5G Ethernet (100/1000/2500) Power over Ethernet (PoE) 1U Black
XS1935-10-ZZ0101F,ZyXEL,NEW,421.03,2,ON-SITE,Switch Zyxel XS1935-10-ZZ0101F 10p Managed Multigigabit/10G
XMG1915-18EP-EU0101F,ZyXEL,NEW,424.45,2,ON-SITE,Zyxel XMG1915-18EP Managed L2 2.5G Ethernet (100/1000/2500) Power over Ethernet (PoE)
GS1900-24-EU0102F,ZyXEL,NEW,124.34,2,ON-SITE,Zyxel GS-1900-24 v2 Managed L2 Gigabit Ethernet (10/100/1000) 1U Black
XGS1210-12-ZZ0102F,ZyXEL,NEW,137.26,2,ON-SITE,Zyxel XGS1210-12-ZZ0102F network switch Managed Gigabit Ethernet (10/100/1000) Grey
GS190024HPV2-EU0101F,ZyXEL,NEW,267.38,2,ON-SITE,Zyxel GS1900-24HP Managed Gigabit Ethernet (10/100/1000) 1U Black
USW-Enterprise-24-PoE,UBIQUITI,NEW,781.26,2,ON-SITE,Ubiquiti USW-ENTERPRISE-24-POE network switch Managed L3 Gigabit Ethernet (10/100/1000) Power over Ethernet (PoE) Silver
GS324TP-200EUS,NETGEAR,NEW,323.04,2,ON-SITE,Switch Netgear GS310TP-200EUS 10p PoE 55W (PoE+: 8p) Managed Gigabit
XSM4216F-100EUS,NETGEAR,NEW,1395.93,2,ON-SITE,NETGEAR M4250-16XF Managed L2/L3 1U Black
USW-Enterprise-8-PoE,UBIQUITI,NEW,465.56,1,ON-SITE,Ubiquiti UniFi Enterprise 8 PoE Managed L3 2.5G Ethernet (100/1000/2500) Power over Ethernet (PoE) Stainless steel
GS1900-8-EU0102F,ZyXEL,NEW,54.83,1,ON-SITE,Zyxel GS1900-8 Managed L2 Gigabit Ethernet (10/100/1000) Black
GS1920-8HPV2-EU0101F,ZyXEL,NEW,185.15,1,ON-SITE,Zyxel GS1920-8HPV2 Managed Gigabit Ethernet (10/100/1000) Power over Ethernet (PoE) Black
GS724TPP-300EUS,NETGEAR,NEW,391.9,1,ON-SITE,NETGEAR GS724TPv3 Managed L2 Gigabit Ethernet (10/100/1000) Power over Ethernet (PoE) Grey
USW-Pro-XG-48,UBIQUITI,NEW,1966.95,1,ON-SITE,Ubiquiti UniFi Pro XG 48 Managed L2/L3 10G Ethernet (100/1000/10000) 1U Grey
USW-EnterpriseXG-24,UBIQUITI,NEW,1117.93,1,ON-SITE,Ubiquiti UniFi Enterprise XG 24 Managed L3 10G Ethernet (100/1000/10000) Stainless steel
ORO-RELAX ZEL XL,oromed,NEW,25.57,3,ON-SITE,Orthopaedic pillow ORO-RELAX ZEL XL
910-001356,Logitech,NEW,18.1,124,ON-SITE,Logitech Wireless Presenter R400
KQIH0,Vention,NEW,10.34,27,ON-SITE,Vention presentation pointer with red laser
KQJH0,Vention,NEW,20.81,20,ON-SITE,Vention presentation pointer with green laser
910-005843,Logitech,NEW,24.44,16,ON-SITE,Logitech R500 Laser Presentation Remote
4XW1S62315,Lenovo,NEW,39.86,12,ON-SITE,Lenovo 4XW1S62315 wireless presenter Bluetooth/RF Black
910-004861,Logitech,NEW,71.46,10,ON-SITE,Logitech Spotlight
251491,KETER,NEW,17.7,78,ON-SITE,TOOL ORGANISER STACK'N'ROLL KETER
PK008,ALANTEC,NEW,5.08,41,ON-SITE,Alantec PK008 cable organizer Cable box Wall Black
PK025CZA,ALANTEC,NEW,2.03,29,ON-SITE,Alantec PK025CZA cable tie mount Black Velcro 1 pc(s)
PK009,A-LAN,NEW,4.73,25,ON-SITE,Alantec PK009 cable organizer Wall Cable holder Black 1 pc(s)
PK047,A-LAN,NEW,4.43,16,ON-SITE,Alantec Brush grommet 1U
PK048,ALANTEC,NEW,5.35,10,ON-SITE,Alantec PK048 1U 19 cable organizer with brushed grommet 5 plastic holders
UACC-Rack-Panel-Patch-Blank-24,UBIQUITI,NEW,30.38,31,ON-SITE,Ubiquiti UACC-Rack-Panel-Patch-Blank-24 Keystone panel
PK020,A-LAN,NEW,11.95,20,ON-SITE,Alan PK020 patch panel 1U
PK001,ALANTEC,NEW,27.57,16,ON-SITE,Alantec PK001 UTP cat.6 patch panel 24 LSA ports with 1U 19 shelf
PK-U6-1,Q-LANTEC,NEW,19.14,5,ON-SITE,Alantec PK-U6-1 patch panel
FOP-1U-24SCS-C,ALANTEC,NEW,21.32,4,ON-SITE,Alantec FOP-1U-24SCS-C patch panel
SA-P-19-1U-350-4-C-02,ALANTEC,NEW,14.86,16,ON-SITE,Alantec SA-P-19-1U-350-4-C-02 Fixed shelf 19 1U depth 350mm black
SA-P-19-1U-550-4-C-02,ALANTEC,NEW,22.44,12,ON-SITE,Alantec SA-P-19-1U-550-4-C-02 Fixed shelf 19 1U depth 550mm black
SA-P-19-1U-650-4-C-02,ALANTEC,NEW,25.19,5,ON-SITE,Alantec SA-P-19-1U-650-4-C-02 Fixed shelf 19 1U depth 650mm black
U-Rack-6U-TL,UBIQUITI,NEW,305.76,1,ON-SITE,Ubiquiti U-Rack-6U-TL Rack base
SW-9U-600-450-01-SF,A-LAN,NEW,80.32,9,ON-SITE,ALANTEC Racking cabinet 19 9U 600x450 Grey FLAT PACK
SW-4U-600-450-01-SA,A-LAN,NEW,60.22,5,ON-SITE,ALANTEC 19 4U 600x450 wall-mounted cabinet grey
SW-6U-600-450-01-SF,A-LAN,NEW,66.17,4,ON-SITE,ALANTEC Racking cabinet 19 6U 600x450 Grey FLAT PACK
SW-15U-600-450-N-DSJ-OP-RP-B-S,ALANTEC,NEW,127.69,1,ON-SITE,Q-LANTEC 19 15U wall-mounted rack 600x450 glass door grey
ZG38C08271,Lenovo,NEW,61.2,12,ON-SITE,Lenovo Keyboard Pack for the Lenovo Idea Tab Pro Gen 2
MX2D3ZM/A,Apple,NEW,123.73,200,ON-SITE,Apple Pencil Pro
MXN43ZM/A,Apple,NEW,76.92,172,ON-SITE,Apple Pencil (2nd Generation) stylus pen 18.2 g White
MUWA3ZM/A,Apple,NEW,75.86,158,ON-SITE,Apple Pencil 3 (USB-C)
3J122AA,Hewlett-Packard,NEW,42.63,52,ON-SITE,HP Rechargeable MPP 2.0 Tilt Pen (Black)
GX81S07448,Lenovo,NEW,30.54,37,ON-SITE,Lenovo Yoga Pen P stylus pen 13.5 g Grey
3V2X4AA,Hewlett-Packard,NEW,23.79,30,ON-SITE,HP MPP 1.51 Pen graphite
MU8F2ZM/A,Apple,NEW,76.92,23,ON-SITE,Apple Pencil (2nd Gen)
25191,Trust,NEW,24.23,2,ON-SITE,Trust Kyna Active - stylus pen
Kamvas 16,HUION,NEW,358.49,22,ON-SITE,Huion Kamvas 16 NEW Gen.3 graphics tablet
GS2201,HUION,NEW,375.61,8,ON-SITE,Graphics tablet Huion Kamvas 22
L610,HUION,NEW,77.89,6,ON-SITE,Huion L610 FREGO M Black graphics tablet
Kamvas Pro 16,HUION,NEW,353.88,6,ON-SITE,HUION Kamvas Pro 16 graphic tablet 5080 lpi 344.16 x 193.59 mm USB Black
GS2202,HUION,NEW,432.71,6,ON-SITE,Graphics tablet Huion Kamvas 22 Plus
6930444802127,HUION,NEW,600.69,5,ON-SITE,HUION Kamvas 24 Plus graphic tablet 5080 lpi 526 85 x 296 35 mm USB-C Black
HS610,HUION,NEW,65.84,2,ON-SITE,HUION HS610 graphic tablet 5080 lpi 254 x 158.8 mm USB Black
PRO 19,HUION,NEW,708.45,2,ON-SITE,Huion Kamvas Pro 19 graphics tablet
Pro 13 2.5K,HUION,NEW,304.87,2,ON-SITE,HUION KAMVAS PRO 13 2.5K GRAPHICS TABLET
H610X,HUION,NEW,52.5,1,ON-SITE,Huion Inspiroy H610X graphics tablet
Kamvas Pro 12,HUION,NEW,271.77,1,ON-SITE,HUION KAMVAS PRO 12 TABLET
ZG38C06985,Lenovo,NEW,30.63,94,ON-SITE,Lenovo Idea Tab Folio Case 27.9 cm (11 ) Grey
4X40H57287,Lenovo,NEW,21.87,67,ON-SITE,Lenovo 4X40H57287 laptop case 35.8 cm (14.1 ) Briefcase Black
ZG38C06653,Lenovo,NEW,16.08,50,ON-SITE,Lenovo ZG38C06653 tablet case 25.6 cm (10.1 ) Folio Grey
ZG38C06654,Lenovo,NEW,18.11,29,ON-SITE,Lenovo ZG38C06654 tablet case 25.6 cm (10.1 ) Folio Blue
ZG38C07423,Lenovo,NEW,30.65,28,ON-SITE,Lenovo Folio Case For Idea Tab Plus 30.7 cm (12.1 ) Black
ZG38C06921,Lenovo,NEW,20.2,19,ON-SITE,Lenovo Folio Case for Tab One 22.1 cm (8.7 ) Green
ZG38C07677,Lenovo,NEW,30.59,19,ON-SITE,Lenovo Folio Case for Yoga Tab 28.2 cm (11.1 )
ZG38C05800,Lenovo,NEW,34.09,19,ON-SITE,Lenovo Tab Plus Sleeve 29.2 cm (11.5 ) Sleeve case Grey
ZG38C06913,Lenovo,NEW,17.03,19,ON-SITE,Lenovo Folio Case for Tab One 22.1 cm (8.7 ) Grey
ZG38C07500,Lenovo,NEW,75.41,18,ON-SITE,Lenovo ACC Idea Tab Plus Folio Keyboard Case LG (US-EN1)
ZG38C05989,Lenovo,NEW,26.01,18,ON-SITE,Lenovo ZG38C05989 tablet case 32.3 cm (12.7 ) Folio Green
GX41S14777,Lenovo,NEW,26.83,11,ON-SITE,Lenovo GX41S14777 portable game console case Travel case Polyurethane (PU) Black
ZG38C05980,Lenovo,NEW,27.81,8,ON-SITE,Lenovo ZG38C05980 tablet case 32.3 cm (12.7 ) Folio Grey
ZG38C07678,Lenovo,NEW,28.26,3,ON-SITE,Lenovo Folio Case for Yoga Tab 28.2 cm (11.1 ) Grey
ZAEJ0034PL,Lenovo,NEW,153.23,200,ON-SITE,Lenovo Tab Mediatek Helio G85 64 GB 25.6 cm (10.1 ) 4 GB LTE Wi-Fi 5 (802.11ac) Android 14 Grey
SM-X236BZAPEUB,Samsung,NEW,292.72,200,ON-SITE,Samsung Galaxy Tab A11+ 5G (11 )
SM-X230NZAPEUB,Samsung,NEW,270.62,200,ON-SITE,Samsung Galaxy Tab A11+ 256 GB 27.9 cm (11 ) 8 GB Wi-Fi 5 (802.11ac) Gray
ZAFM0141PL,Lenovo,NEW,249.5,200,ON-SITE,Lenovo Idea Tab Mediatek 128 GB 27.9 cm (11 ) 8 GB Wi-Fi 5 (802.11ac) Android 15 Grey
SM-X130NZSAEUE,Samsung,NEW,124.64,163,ON-SITE,Samsung Galaxy Tab SM-X130 64 GB 22.1 cm (8.7 ) 4 GB Wi-Fi 5 (802.11ac) Silver
SM-X236BZAREUE,Samsung,NEW,235.48,139,ON-SITE,Samsung Galaxy Tab A11+ 5G 128 GB 27.9 cm (11 ) 6 GB Wi-Fi 5 (802.11ac) Grey
ZAG70451PL,Lenovo,NEW,261.42,115,ON-SITE,Lenovo Idea Tab Plus MediaTek Dimensity 6400 256 GB 30.7 cm (12.1 ) 8 GB Wi-Fi 5 (802.11ac) Android 15 Grey
ZAFR0949PL,Lenovo,NEW,195.91,106,ON-SITE,Lenovo Idea Tab Mediatek 256 GB 27.9 cm (11 ) 2.5K 8 GB Wi-Fi 5 (802.11ac) Android 15 Grey
ZAF00266SE,Lenovo,NEW,122.42,96,ON-SITE,Lenovo Tab One Mediatek 64 GB 22.1 cm (8.7 ) 4 GB Wi-Fi 5 (802.11ac) Android 14 Grey
SM-X826BZAREUB,Samsung,NEW,931.95,94,ON-SITE,Samsung S10+ 5G 256 GB 31.5 cm (12.4 ) 12 GB Android 14 Grey
ZAF00253PL,Lenovo,NEW,117.69,70,ON-SITE,Lenovo Tab One Mediatek 128 GB 22.1 cm (8.7 ) 4 GB Wi-Fi 5 (802.11ac) Android 14 Grey
ZAHD0355PL,Lenovo,NEW,541.74,56,ON-SITE,Lenovo Idea Tab Pro Gen 2 13 Snapdragon 8s Gen 4 8GB 128GB Android 16 Keyboard Pack + Pen
ZAFM0200PL,Lenovo,NEW,287.21,55,ON-SITE,Lenovo Idea Tab Mediatek 256 GB 27.9 cm (11 ) 8 GB Wi-Fi 5 (802.11ac) Android 15 Grey
ZAFR0262PL,Lenovo,NEW,259.19,53,ON-SITE,Lenovo Idea Tab MediaTek Dimensity 6300 11 2.5K IPS 500 nits 90 Hz Touch 8/128 GB Arm Mali-G57 MC2 WiFi Luna Grey
SM-X135FZSAEUE,Samsung,NEW,169.55,50,ON-SITE,Samsung Galaxy Tab A11 LTE (8.7 )
ZAFM0260PL,Lenovo,NEW,313.21,49,ON-SITE,Lenovo Idea Tab 5G Mediatek 128 GB 27.9 cm (11 ) 8 GB Wi-Fi 5 (802.11ac) Android 15 Grey
SM-X406BZSREUE,Samsung,NEW,329.5,48,ON-SITE,Samsung Galaxy Tab S10 Lite SM-X406B 5G LTE-TDD & LTE-FDD 128 GB 27.7 cm (10.9 ) 6 GB Wi-Fi 6 (802.11ax) Silver
ZAE40205PL,Lenovo,NEW,360.17,40,ON-SITE,Lenovo Idea Tab Pro MediaTek Dimensity 8300 12.7 3K Touch IPS 400 nits 144 Hz AG 8/256 GB WiFi Luna Grey
ZAEJ0028PL,Lenovo,NEW,157.9,34,ON-SITE,Lenovo Tab 4G Mediatek 128 GB 25.6 cm (10.1 ) 4 GB Wi-Fi 5 (802.11ac) Android 14 Grey
SM-X230NZAPEUB,Samsung,NEW,270.65,29,ON-SITE,Samsung Galaxy Tab A11+ (11 )
ZAG70962PL,Lenovo,NEW,324.93,29,ON-SITE,Lenovo Idea Tab Plus MediaTek Dimensity 6400 12.1 2.5K touchscreen 800 nits 90Hz 12/256GB Arm Mali-G57 MC2 Wi-Fi Luna Grey
ZAHD0367PL,Lenovo,NEW,487.28,28,ON-SITE,Lenovo Idea Tab Pro Gen 2 SM8735P 13 8/128GB Wi-Fi Luna Grey
SM-X236BZAREUE,Samsung,NEW,244.79,19,ON-SITE,Samsung Galaxy Tab A11+ 5G 128 GB 27.9 cm (11 ) 6 GB Wi-Fi 5 (802.11ac) Grey
ZAHT0144PL,Lenovo,NEW,402.87,18,ON-SITE,Lenovo Tab Plus Gen 2 12.1 2.5K 120Hz 8/128GB Wi-Fi Celestial White
ZAEH0040PL,Lenovo,NEW,130.79,10,ON-SITE,Lenovo Tab Mediatek Helio G85 64 GB 25.6 cm (10.1 ) 4 GB Wi-Fi 5 (802.11ac) Android 14 Grey
ZAG60036GR,Lenovo,NEW,454.42,9,ON-SITE,Lenovo Yoga Tab Snapdragon 256 GB 28.2 cm (11.1 ) 12 GB Wi-Fi 7 (802.11be) Android 15 Grey
ZAFR0442PL,Lenovo,NEW,197.83,9,ON-SITE,Lenovo Idea Tab 11 MediaTek Dimensity 6300 11 2.5K IPS 500 nits 90 Hz Touch 8/128 GB Arm Mali-G57 MC2 WiFi Android Luna Grey
ZAFR0982SE,Lenovo,NEW,242.5,8,ON-SITE,Lenovo Idea Tab Mediatek 128 GB 27.9 cm (11 ) 8 GB Wi-Fi 5 (802.11ac) Android 15 Grey
ZAFM0744SE,Lenovo,NEW,216.68,1,ON-SITE,Lenovo Idea Tab 5G Mediatek 128 GB 27.9 cm (11 ) 8 GB Wi-Fi 5 (802.11ac) Android 15 Grey
ZAG60132PL+40AWGN65EU,Lenovo,NEW,419.49,1,ON-SITE,Lenovo Yoga Tab 11.1 8/256GB WiFi Seashell + Lenovo GaN Nano 65W Adapter 40AWGN65EU
MDYJ4HC/A,Apple,NEW,1364.46,3,ON-SITE,Apple iPad 13-inch Pro Wi-Fi 256GB with standard glass - Space Black
172650,VILEDA,NEW,3.46,14,ON-SITE,Vileda PET PRO M microfibre pet towel
172651,VILEDA,NEW,6.04,9,ON-SITE,Vileda PET PRO L microfibre pet towel
PBAU0005PL,Motorola,NEW,145.8,200,ON-SITE,Motorola Moto G67 5G 4/128GB Nile smartphone
SM-A176BZKAEUE,Samsung,NEW,181.15,200,ON-SITE,Samsung Galaxy A17 5G 17 cm (6.7 ) Hybrid Dual SIM Android 15 USB Type-C 4 GB 128 GB 5000 mAh Black
SM-A175FZKBEUE,Samsung,NEW,169.29,200,ON-SITE,Samsung Galaxy A17 17 cm (6.7 ) Hybrid Dual SIM 4G USB Type-C 4 GB 128 GB 5000 mAh Black
SM-A175FZABEUE,Samsung,NEW,169.29,200,ON-SITE,Samsung Galaxy A17 17 cm (6.7 ) Hybrid Dual SIM 4G USB Type-C 4 GB 128 GB 5000 mAh Grey
SM-A176BZKAEUE,Samsung,NEW,181.16,200,ON-SITE,Samsung Galaxy A17 5G 17 cm (6.7 ) Hybrid Dual SIM Android 15 USB Type-C 4 GB 128 GB 5000 mAh Black
SM-A576BZADEUE,Samsung,NEW,392.98,200,ON-SITE,Samsung Galaxy A57 5G 17 cm (6.7 ) Dual SIM Android 16.0 USB Type-C 8 GB 256 GB 5000 mAh Grey
SM-G556BZKDEEE,Samsung,NEW,223.53,200,ON-SITE,Samsung Galaxy XCover7 Enterprise Edition
SM-S942BZKGEUB,Samsung,NEW,729.57,150,ON-SITE,Samsung Galaxy S26 16 cm (6.3 ) Dual SIM Android 16.0 5G USB Type-C 12 GB 256 GB 4300 mAh Black
PBBK0003PL,Motorola,NEW,149.82,128,ON-SITE,Motorola moto g17 17.1 cm (6.72 ) Dual SIM Android 15 USB Type-C 8 GB 128 GB 5200 mAh Blue
SM-A576BLBDEUE,Samsung,NEW,390.66,120,ON-SITE,Samsung Galaxy A57 5G 17 cm (6.7 ) Dual SIM Android 16.0 USB Type-C 8 GB 256 GB 5000 mAh Blue
SM-S942BZVGEUE,Samsung,NEW,729.57,110,ON-SITE,Samsung Galaxy S26 16 cm (6.3 ) Dual SIM Android 16.0 5G USB Type-C 12 GB 256 GB 4300 mAh Violet
SM-S942BLBGEUE,Samsung,NEW,729.57,102,ON-SITE,Samsung Galaxy S26 16 cm (6.3 ) Dual SIM Android 16.0 5G USB Type-C 12 GB 256 GB 4300 mAh Blue
PBBE0081PL,Motorola,NEW,381.17,100,ON-SITE,Motorola edge 70 fusion 17.2 cm (6.78 ) Dual SIM Android 16.0 5G USB Type-C 12 GB 256 GB 7000 mAh Black
SM-S942BZKGEUE,Samsung,NEW,727.24,76,ON-SITE,Samsung Galaxy S26 16 cm (6.3 ) Dual SIM Android 16.0 5G USB Type-C 12 GB 256 GB 4300 mAh Black
PBA50029PL,Motorola,NEW,397.66,64,ON-SITE,Motorola edge 70 17 cm (6.7 ) Dual SIM Android 16.0 5G USB Type-C 12 GB 512 GB 4800 mAh Green
PBBK0014DE,Motorola,NEW,129.48,58,ON-SITE,Motorola moto g17 17.1 cm (6.72 ) Dual SIM Android 15 USB Type-C 4 GB 128 GB 5200 mAh Blue
GA09601-GB,Google,NEW,637.42,44,ON-SITE,Google Pixel 10 Pro 16 cm (6.3 ) Dual SIM Android 16.0 5G 16 GB 128 GB 4870 mAh Black
SM-S948BZWHEUE,Samsung,NEW,1412.08,39,ON-SITE,Samsung Galaxy S26 Ultra 17.5 cm (6.9 ) Dual SIM Android 16.0 5G USB Type-C 16 GB 1 TB 5000 mAh White
SM-S948BZWGEUE,Samsung,NEW,1134.37,38,ON-SITE,Samsung Galaxy S26 Ultra 17.5 cm (6.9 ) Dual SIM Android 16.0 5G USB Type-C 12 GB 512 GB 5000 mAh White
SM-A175FZAEEUE,Samsung,NEW,216.54,37,ON-SITE,Samsung Galaxy A17 17 cm (6.7 ) Hybrid Dual SIM 4G USB Type-C 8 GB 256 GB 5000 mAh Grey
PBAB0004PL,Motorola,NEW,800.13,35,ON-SITE,Motorola Moto Signature 6.8 Dual SIM Android USB Type-C 16 GB 512 GB 5200 mAh Black
SM-A176BZAAEUE,Samsung,NEW,181.16,31,ON-SITE,Samsung Galaxy A17 5G 17 cm (6.7 ) Hybrid Dual SIM Android 15 USB Type-C 4 GB 128 GB 5000 mAh Grey
SM-S942BLBGEUE,Samsung,NEW,729.57,30,ON-SITE,Samsung Galaxy S26 16 cm (6.3 ) Dual SIM Android 16.0 5G USB Type-C 12 GB 256 GB 4300 mAh Blue
SM-F976BZKCEUE,Samsung,NEW,1600.41,25,ON-SITE,Samsung Galaxy Z Fold8 Ultra 20.3 cm (8 ) Dual SIM 5G USB Type-C 12 GB 512 GB 5000 mAh Graphite
MZB0NOCEU,Xiaomi,NEW,463.71,24,ON-SITE,Xiaomi 17T 16.7 cm (6.59 ) Dual SIM 5G USB Type-C 12 GB 256 GB 6500 mAh Black
SM-S731BDBDEUB,Samsung,NEW,498.9,24,ON-SITE,Samsung Galaxy S25 FE 6.7 Dual SIM Android 16.0 5G USB Type-C 8 GB 128 GB 4900 mAh Navy
SM-A576BZVDEUE,Samsung,NEW,397.65,22,ON-SITE,Samsung Galaxy A57 5G 17 cm (6.7 ) Dual SIM Android 16.0 USB Type-C 8 GB 256 GB 5000 mAh Lilac
SM-S931BZKGEUE,Samsung,NEW,611.8,21,ON-SITE,Samsung Galaxy S25 SM-S931B/DS 15.8 cm (6.2 ) Dual SIM Android 15 5G USB Type-C 12 GB 256 GB 4000 mAh Black
PBBD0028PL,Motorola,NEW,360.05,20,ON-SITE,Motorola edge 70 fusion FIFA Edition 17.2 cm (6.78 ) Dual SIM Android 16.0 5G USB Type-C 8 GB 256 GB 5200 mAh Black
PBAW0024RO,Motorola,NEW,282.42,19,ON-SITE,Motorola Moto G77 5G 12/256 GB smartphone in Pantone Black Olive
SM-S931BZSDEUE,Samsung,NEW,534.26,19,ON-SITE,Samsung Galaxy S25 15.8 cm (6.2 ) Dual SIM Android 15 5G USB Type-C 12 GB 128 GB 4000 mAh Silver
SM-S942BLBHEUE,Samsung,NEW,776.59,18,ON-SITE,Samsung Galaxy S26 16 cm (6.3 ) Dual SIM Android 16.0 5G USB Type-C 12 GB 512 GB 4300 mAh Blue
SM-F976BZKBEUE,Samsung,NEW,1435.61,18,ON-SITE,Samsung Galaxy Z Fold8 Ultra 20.3 cm (8 ) Dual SIM 5G USB Type-C 12 GB 256 GB 5000 mAh Graphite
SM-A576BZABEUE,Samsung,NEW,334.1,15,ON-SITE,Samsung Galaxy A57 5G 17 cm (6.7 ) Dual SIM Android 16.0 USB Type-C 8 GB 128 GB 5000 mAh Grey
SM-F976BZVCEUE,Samsung,NEW,1600.41,15,ON-SITE,Samsung Galaxy Z Fold8 Ultra 20.3 cm (8 ) Dual SIM 5G USB Type-C 12 GB 512 GB 5000 mAh Violet
PBAU0035PL,Motorola,NEW,223.54,14,ON-SITE,Motorola Moto G67 5G 8/256 GB smartphone in PANTONE Nile
SM-S741BLGDEUE,Samsung,NEW,550.59,14,ON-SITE,Samsung Galaxy S26 FE 17 cm (6.7 ) Dual SIM Android 17 5G USB Type-C 128 GB 4900 mAh Green
SM-G766BZKDEEE,Samsung,NEW,392.99,12,ON-SITE,Samsung Galaxy XCover7 Pro 16.8 cm (6.6 ) Hybrid Dual SIM 5G USB Type-C 6 GB 128 GB 4350 mAh Black
PBB20002PL,Motorola,NEW,1129.75,12,ON-SITE,Motorola razr 70 ultra 17.7 cm (6.96 ) Dual SIM Android 16.0 5G USB Type-C 16 GB 512 GB 5000 mAh Violet
SM-S931BZKHEUE,Samsung,NEW,717.7,11,ON-SITE,Samsung Galaxy S25 SM-S931B/DS 15.8 cm (6.2 ) Dual SIM Android 15 5G USB Type-C 12 GB 512 GB 4000 mAh Black
PBBM0000PL,Motorola,NEW,183.5,11,ON-SITE,Motorola moto g17 power 17.1 cm (6.72 ) Hybrid Dual SIM Android 15 USB Type-C 8 GB 256 GB 6000 mAh Purple
PBAW0023RO,Motorola,NEW,301.28,10,ON-SITE,Motorola moto g77 17.3 cm (6.8 ) Hybrid Dual SIM Android 16.0 5G USB Type-C 8 GB 256 GB 5200 mAh Green
PBB20014PL,Motorola,NEW,1164.91,10,ON-SITE,Motorola razr 70 ultra 17.7 cm (6.96 ) Dual SIM Android 16.0 5G USB Type-C 16 GB 512 GB 5000 mAh Wood
SM-S942BZKGEEE,Samsung,NEW,729.57,10,ON-SITE,Samsung Galaxy S26 Enterprise Edition 16 cm (6.3 ) Dual SIM Android 16.0 5G USB Type-C 12 GB 256 GB 4300 mAh Black
PBAW0008PL,Motorola,NEW,261.24,10,ON-SITE,Motorola moto g77 17.3 cm (6.8 ) Hybrid Dual SIM Android 16.0 5G USB Type-C 8 GB 128 GB 5200 mAh Black
PBAW0010PL,Motorola,NEW,261.25,10,ON-SITE,Motorola moto g77 17.3 cm (6.8 ) Hybrid Dual SIM Android 16.0 5G USB Type-C 8 GB 128 GB 5200 mAh Green
PBAX0037PL,Motorola,NEW,1367.68,10,ON-SITE,Motorola razr fold 20.6 cm (8.09 ) Dual SIM Android 16.0 5G USB Type-C 16 GB 512 GB 6000 mAh Black
SM-F976BZWBEUE,Samsung,NEW,1454.46,10,ON-SITE,Samsung Galaxy Z Fold8 Ultra 20.3 cm (8 ) Dual SIM Android 17 5G USB Type-C 12 GB 256 GB 5000 mAh Cream
SM-F976BZVBEUE,Samsung,NEW,1435.61,10,ON-SITE,Samsung Galaxy Z Fold8 Ultra 20.3 cm (8 ) Dual SIM 5G USB Type-C 12 GB 256 GB 5000 mAh Violet
SM-S931BLBDEUE,Samsung,NEW,534.26,8,ON-SITE,Samsung Galaxy S25 15.8 cm (6.2 ) Dual SIM Android 15 5G USB Type-C 12 GB 128 GB 4000 mAh Blue
SM-A576BDBDEUE,Samsung,NEW,397.64,8,ON-SITE,Samsung Galaxy A57 5G 17 cm (6.7 ) Dual SIM Android 16.0 USB Type-C 8 GB 256 GB 5000 mAh Navy
PBC20016RO,Motorola,NEW,435.37,8,ON-SITE,Motorola Edge 70 Pro 6.78 Android 16.0 5G USB Type-C 8 GB 256 GB 6500 mAh Pantone Titan
PBBK0015DE,Motorola,NEW,129.48,8,ON-SITE,Motorola moto g17 17.1 cm (6.72 ) Dual SIM Android 15 USB Type-C 4 GB 128 GB 5200 mAh Purple
SM-F971BZWBEUE,Samsung,NEW,1346.23,8,ON-SITE,Samsung Galaxy Z Fold8 19.3 cm (7.6 ) Dual SIM 5G USB Type-C 12 GB 256 GB 4800 mAh Cream
SM-S942BZVHEUE,Samsung,NEW,800.11,7,ON-SITE,Samsung Galaxy S26 16 cm (6.3 ) Dual SIM Android 16.0 5G USB Type-C 12 GB 512 GB 4300 mAh Violet
SM-F971BLVBEUE,Samsung,NEW,1325.03,7,ON-SITE,Samsung Galaxy Z Fold8 19.3 cm (7.6 ) Dual SIM 5G USB Type-C 12 GB 256 GB 4800 mAh Lavender
SM-F971BZKCEUE,Samsung,NEW,1562.7,7,ON-SITE,Samsung Galaxy Z Fold8 19.3 cm (7.6 ) Dual SIM 5G USB Type-C 12 GB 512 GB 4800 mAh Graphite
NX789J/16GB_2,REDMAGIC,NEW,942,6,ON-SITE,Smartphone REDMAGIC 10 Pro 5G 16/512GB Moonlight
SM-S741BZKDEUE,Samsung,NEW,529.41,6,ON-SITE,Samsung Galaxy S26 FE 17 cm (6.7 ) Dual SIM Android 17 5G USB Type-C 128 GB 4900 mAh Graphite
SM-S948BZKHEUE,Samsung,NEW,1355.51,5,ON-SITE,Samsung Galaxy S26 Ultra 17.5 cm (6.9 ) Dual SIM Android 16.0 5G USB Type-C 16 GB 1 TB 5000 mAh Black
PBAX0003PL,Motorola,NEW,1694.61,4,ON-SITE,Motorola razr fold 20.6 cm (8.09 ) Dual SIM Android 16.0 5G USB Type-C 16 GB 512 GB 6000 mAh Black
PBAX0007PL,Motorola,NEW,1694.6,4,ON-SITE,Motorola razr fold 20.6 cm (8.09 ) Dual SIM Android 16.0 5G USB Type-C 16 GB 512 GB 6000 mAh White
SM-S948BZVDEUE,Samsung,NEW,964.91,3,ON-SITE,Samsung Galaxy S26 Ultra 17.5 cm (6.9 ) Dual SIM Android 16.0 5G USB Type-C 12 GB 256 GB 5000 mAh Violet
PBBM0001PL,Motorola,NEW,183.5,3,ON-SITE,Motorola moto g17 power 17.1 cm (6.72 ) Hybrid Dual SIM Android 15 USB Type-C 8 GB 256 GB 6000 mAh Blue
SM-S937BZKDEUB,Samsung,NEW,508.22,3,ON-SITE,Samsung Galaxy S25 Edge 6.7 Dual SIM Android 15 5G USB Type-C 12 GB 256 GB 3900 mAh Black
6936520895168,Honor,NEW,455.5,2,ON-SITE,Honor 600 DS 5G 8/256 Smartphone – Velvet Black
SM-A175FZKBEUB,Samsung,NEW,169.3,1,ON-SITE,Samsung SM-A175FZKBEUE smartphone 17 cm (6.7 ) Hybrid Dual SIM 4G USB Type-C 4 GB 128 GB 5000 mAh Black
6936520895199,Honor,NEW,468.79,1,ON-SITE,Honor 600 5G 16.7 cm (6.57 ) Dual SIM Android 16.0 USB Type-C 8 GB 512 GB 6400 mAh Black
SM-S948BLBDEUE,Samsung,NEW,964.92,1,ON-SITE,Samsung Galaxy S26 Ultra 17.5 cm (6.9 ) Dual SIM Android 16.0 5G USB Type-C 12 GB 256 GB 5000 mAh Blue
SM-F971BZKBEUE,Samsung,NEW,1341.55,1,ON-SITE,Samsung Galaxy Z Fold8 19.3 cm (7.6 ) Dual SIM 5G USB Type-C 12 GB 256 GB 4800 mAh Graphite
SM-S731BZWDEUB,Samsung,NEW,498.9,1,ON-SITE,Samsung Galaxy S25 FE 6.7 Dual SIM Android 16.0 5G USB Type-C 8 GB 128 GB 4900 mAh White
MZB0MN4EU,Xiaomi,NEW,1074.87,1,ON-SITE,Xiaomi 17 Ultra 17.5 cm (6.9 ) 5G 16 GB 512 GB 6000 mAh Black
MG8H4ZD/A,Apple,NEW,1122.5,20,ON-SITE,Apple iPhone 17 Pro 256GB Cosmic Orange
MG8M4ZD/A,Apple,NEW,1334.33,6,ON-SITE,Apple iPhone 17 Pro 512GB Cosmic Orange
MG8Q4ZD/A,Apple,NEW,1503.79,3,ON-SITE,Apple iPhone 17 Pro 1TB Cosmic Orange
MFYQ4HX/A,Apple,NEW,1461.44,2,ON-SITE,Apple iPhone 17 Pro Max 512GB Silver
MG2P4SX/A,Apple,NEW,825.95,1,ON-SITE,Apple iPhone Air 16.5 cm (6.5 ) Dual SIM iOS 26 5G USB Type-C 256 GB Blue
25653,Trust,NEW,14.01,5,ON-SITE,TRUST Vymo Children’s Rucksack featuring PAW Patrol – Blue
25654,Trust,NEW,14.01,5,ON-SITE,TRUST Vymo Children’s Rucksack featuring PAW Patrol – Pink
KX-TG1611PDH,Panasonic,NEW,25.2,184,ON-SITE,Panasonic KX-TG1611 telephone DECT telephone Black Caller ID
KX-TG2512PDT,Panasonic,NEW,56.44,2,ON-SITE,Panasonic KX-TG2512 DECT telephone Grey Caller ID
65P8K,TCL,NEW,478.53,39,ON-SITE,TCL P8K 65P8K TV 165 1 cm (65 ) 4K Ultra HD Smart TV Wi-Fi Metallic 350 cd/m2
32MQH7030Z,Metz,NEW,117.96,18,ON-SITE,Metz MQH7030Z 81 3 cm (32 ) HD Ready Smart TV Black
55S100,dreame,NEW,608.22,10,ON-SITE,Dreame Aura Mini LED 4k TV S100 139.7 cm (55 ) 4K Ultra HD Smart TV Wi-Fi Black 350 cd/m2
65Q100,dreame,NEW,559.34,5,ON-SITE,Dreame Vivid QLED TV Q100 165.1 cm (65 ) 4K Ultra HD Smart TV Wi-Fi Black 350 cd/m2
32MTH2000Z,Metz,NEW,89.24,5,ON-SITE,Metz 32MTH2000Z 80 cm (32 ) HD Ready TV Black
55PUS8001/12,Philips,NEW,380.35,4,ON-SITE,Philips 55PUS8001/12 TV 139.7 cm (55 ) 4K Ultra HD Smart TV Wi-Fi Black
50Q100,dreame,NEW,394.02,4,ON-SITE,Dreame Vivid QLED TV Q100 127 cm (50 ) 4K Ultra HD Smart TV Wi-Fi Black 350 cd/m2
65S100,dreame,NEW,803,3,ON-SITE,Dreame Aura Mini LED 4k TV S100 165.1 cm (65 ) 4K Ultra HD Smart TV Wi-Fi Black 350 cd/m2
40PQS6901/12,Philips,NEW,246.08,3,ON-SITE,Philips 40PQS6901/12 TV 101.6 cm (40 ) Full HD Smart TV Wi-Fi Black
43MQH7030Z,Metz,NEW,175.27,3,ON-SITE,Metz MQH7030Z 109.2 cm (43 ) Full HD Smart TV Black
43PUS7810/12,Philips,NEW,234.2,2,ON-SITE,Philips 43PUS7810/12 TV 109.2 cm (43 ) 4K Ultra HD Smart TV Wi-Fi Black
55C69KS,TCL,NEW,367.78,2,ON-SITE,TCL C69KS 55C69KS TV 139.7 cm (55 ) 4K Ultra HD Smart TV Wi-Fi Metallic
43S5L,TCL,NEW,210.8,1,ON-SITE,TCL S5L 43S5L TV 109.2 cm (43 ) Full HD Smart TV Wi-Fi Black 300 cd/m2
55HR7265E,SHARP,NEW,327.12,1,ON-SITE,Sharp 55HR7265E TV 139.7 cm (55 ) 4K Ultra HD Smart TV Wi-Fi Black
8RA46AA,Hewlett-Packard,NEW,3.28,7,ON-SITE,HP B250 PC Mounting Bracket
16U00AA,Hewlett-Packard,NEW,7.56,6,ON-SITE,HP B550 PC Mounting Bracket
23206,Medisana,NEW,13.45,200,ON-SITE,Ecomed by Medisana BU-95E upper arm blood pressure monitor
51162,Medisana,NEW,21.42,182,ON-SITE,Upper Arm Blood Pressure Monitor Medisana BU 512
51073,Medisana,NEW,12.24,118,ON-SITE,Medisana BW 345 wrist blood pressure monitor
51076,Medisana,NEW,20.19,35,ON-SITE,Medisana BW 360 wrist blood pressure monitor
ORO-N6 BASIC,oromed,NEW,19.25,20,ON-SITE,HI-TECH MEDICAL ORO-N6 BASIC blood pressure unit Upper arm Automatic
51074,Medisana,NEW,13.59,16,ON-SITE,Medisana BW 320 Wrist Automatic 2 user(s)
ONO-N3,oromed,NEW,14.81,12,ON-SITE,HI-TECH MEDICAL ORO-N3 COMPACT+ZASILACZ Upper arm Automatic
51179,Medisana,NEW,24.06,9,ON-SITE,Upper arm blood pressure monitor Medisana BU 565
ORO-N13 COMPACT,oromed,NEW,17.65,9,ON-SITE,OROMED RO-N13 COMPACT USB Upper Arm Blood Pressure Monitor
ORO-N12 SMART,oromed,NEW,17.14,8,ON-SITE,ORO-N12 SMART OROMED USB Upper Arm Blood Pressure Monitor
51582,Medisana,NEW,39.04,7,ON-SITE,Upper arm blood pressure monitor Medisana BU 582 (black)
ORO-N2 BASIC,oromed,NEW,14.54,5,ON-SITE,HI-TECH MEDICAL ORO-N2 BASIC blood pressure unit Upper arm Automatic
ORO-BP 1,oromed,NEW,16.07,5,ON-SITE,OROMED ORO-BP2 USB REFRIGERATOR electronic blood pressure monitor
ORO-N8 COMFORT,oromed,NEW,19.22,4,ON-SITE,HI-TECH MEDICAL ORO-N8 COMFORT blood pressure unit Upper arm Automatic
51584,Medisana,NEW,42.55,3,ON-SITE,Upper arm blood pressure monitor Medisana BU 584 connect
51201,Medisana,NEW,30.27,2,ON-SITE,Medisana BU 572 upper arm blood pressure monitor (white)
ORO-N14 COMFORT,oromed,NEW,17.38,2,ON-SITE,OROMED ORO-N14 COMFORT UPPER ARM BLOOD PRESSURE MONITOR
54536,Medisana,NEW,30.11,14,ON-SITE,Medisana IN 540 Compressor Inhaler
ORO-MESH BABY PINK,oromed,NEW,19.12,7,ON-SITE,OROMED ORO-MESH BABY PINK Inhaler
ORO-MESH BABY GREEN,oromed,NEW,19.12,7,ON-SITE,OROMED ORO-MESH BABY GREEN Inhaler
ORO-MESH FAMILY,oromed,NEW,24.9,6,ON-SITE,Oromed ORO-MESH FAMILY portable inhaler
54590,Medisana,NEW,20.8,4,ON-SITE,Medisana IN 515 Portable Ultrasonic Inhaler
54548,Medisana,NEW,40.83,3,ON-SITE,Medisana 54548 inhaler
ORO-MESH,oromed,NEW,29.38,1,ON-SITE,HI-TECH MEDICAL ORO-MESH inhaler Steam inhaler
79454,Medisana,NEW,16.33,43,ON-SITE,Pulse Oximeter Medisana PM 100 Black
79493,Medisana,NEW,18.03,7,ON-SITE,Medisana PM 180 pulse oximeter
ORO-OXIMETER BLACK,oromed,NEW,9.14,6,ON-SITE,Pulse oximeter Oro-Oximeter Black
ORO-PULSE YELLOW,oromed,NEW,11.75,4,ON-SITE,Oromed ORO-PULSE YELLOW pulse oximeter
DW055PL-XJ,DeWalt,NEW,27.39,52,ON-SITE,DEWALT LASER DISTANCE MEASURER 16M DW055PL-XJ
NWA,NETATMO,NEW,91.21,10,ON-SITE,Netatmo NWA Anemometer
CR 1166,Adler,NEW,14.54,7,ON-SITE,Camry CR 1166 Weather station
NWS,NETATMO,NEW,118.8,6,ON-SITE,Netatmo NWS weather station
NRG,NETATMO,NEW,65.88,5,ON-SITE,Netatmo NRG Smart Rain Gauge
NWS-S,NETATMO,NEW,137.04,4,ON-SITE,Weather Station ORIGINAL NETATMO NWS-S SAND Sand
NBU-NWS-NIM,NETATMO,NEW,204.38,4,ON-SITE,Netatmo NBU-NWS-NIM indoor weather station
NWS-M,NETATMO,NEW,138.28,3,ON-SITE,Netatmo NWS-M Weather station Mint
YT-73080,YATO,NEW,5.3,77,ON-SITE,Yato YT-73080 Digital multimeter
YT-73022,YATO,NEW,12.59,16,ON-SITE,COMPRESSION PRESSURE GAUGE FOR GASOLINE ENGINES 8 PCS. YATO YT-73022
NWM,NETATMO,NEW,23.91,7,ON-SITE,Netatmo NWM wall mount
NIM,NETATMO,NEW,65.73,5,ON-SITE,Netatmo NIM indoor module
NRS,NETATMO,NEW,35.52,3,ON-SITE,Netatmo NRS weather station cover
NIM-M,NETATMO,NEW,66,1,ON-SITE,Indoor Module Original NETATMO NIM-M Mint
60079,Medisana,NEW,6.55,76,ON-SITE,Hygrometer Medisana HG 100
G-21820,GEFU,NEW,15.96,5,ON-SITE,GEFU 21820 food thermometer -45 - 200 °C Digital
AD 1186w,Adler,NEW,11.9,4,ON-SITE,Adler AD 1186W alarm clock Digital alarm clock Black White
AD 1186,Adler,NEW,11.98,2,ON-SITE,Adler AD 1186 alarm clock Digital alarm clock Black
DS4608-SR7U2100SGW,ZEBRA,NEW,110.6,36,ON-SITE,Zebra DS4608-SR Handheld bar code reader 1D/2D LED Black
DS9308-SR4U2100AZE,ZEBRA,NEW,109.33,36,ON-SITE,Zebra DS9308-SR Fixed bar code reader 1D/2D LED Black
LI3678-SR3U42A0S1W,ZEBRA,NEW,363.87,9,ON-SITE,Zebra LI3678-SR Handheld bar code reader 1D Black Green
DS2278-SR7U2100PRW,ZEBRA,NEW,166.84,2,ON-SITE,Zebra DS2278 Handheld bar code reader 1D/2D LED Black
RX7600 CL 8GO,Asrock,NEW,367.18,200,ON-SITE,Asrock Challenger 90-GA41ZZ-00UANF graphics card AMD Radeon RX 7600 8 GB GDDR6
RX9070 CL 16G,Asrock,NEW,671.2,100,ON-SITE,ASRock Challenger AMD Radeon RX 9070 AMD 16 GB graphics card
RX9060XT CL 16GO,Asrock,NEW,579.79,73,ON-SITE,Asrock AMD Radeon RX 9060 XT Challenger 16GB OC GDDR6
VA5815RF82,Biostar,NEW,169.21,66,ON-SITE,Biostar Radeon RX580 2048SP AMD Radeon RX 580 8 GB GDDR5
90YV0L71-M0NA00,ASUS,NEW,824.8,50,ON-SITE,ASUS Prime -RX9070XT-O16G AMD Radeon RX 9070 XT 16 GB GDDR6
RX9070XT SLD 16G,Asrock,NEW,836.08,49,ON-SITE,ASRock AMD Radeon™ RX 9070 XT Steel Legend Dark 16GB graphics card
VA5825RQ82,Biostar,NEW,160.71,22,ON-SITE,BIOSTAR Radeon RX 580 8GB White D5
RX9070XT CL 16G,Asrock,NEW,845.82,20,ON-SITE,Asrock Radeon RX 9070 XT Challenger 16GB AMD GDDR6
RX9070XT 16G-A,PowerColor,NEW,944.59,13,ON-SITE,Graphics card. PowerColor Reaper RX9070 XT 16G-A
VN7313THX1,Biostar,NEW,58.09,6,ON-SITE,Biostar VN7313THX1 graphics card NVIDIA GeForce GT 730 2 GB GDDR3
RX9060XT 16G-A,PowerColor,NEW,626.14,5,ON-SITE,Graphics card. PowerColor RX9060XT 16G-A
RX 7600 8G-F/V2,PowerColor,NEW,371.59,2,ON-SITE,PowerColor Fighter RX7600 8G-F graphics card
90YV0PP0-M0NA00,ASUS,NEW,638.5,2,ON-SITE,ASUS Prime -RX9070GRE-O12G AMD Radeon RX 9070 GRE 12 GB GDDR6
R9700 CT 32G,Asrock,NEW,2063.33,1,ON-SITE,Asrock Creator R9700 CT 32G
VA5505RF41,Biostar,NEW,110.9,1,ON-SITE,Biostar Radeon RX550 AMD Radeon RX 550 4 GB GDDR5
B580 CL 12GO,Asrock,NEW,352.8,200,ON-SITE,Asrock Intel Arc B580 Challenger 12GB OC Arc B580 GDDR6
SA380E-6G,SPARKLE,NEW,187.72,10,ON-SITE,Sparkle Intel Arc A380 ELF 6 GB GDDR6 graphics card
B65 CT 32G,Asrock,NEW,1204.51,8,ON-SITE,Asrock ARC PRO B65 Creator 32G graphics card
SBP50W-16G,SPARKLE,NEW,530.24,2,ON-SITE,SPARKLE Intel Arc PRO B50 Blower 16GB graphics card
SBP60B-24G,SPARKLE,NEW,776.87,1,ON-SITE,SPARKLE Intel Arc PRO B60 PASSIVE 24GB graphics card
ZT-B50610H-10M,ZOTAC,NEW,547.1,200,ON-SITE,Zotac GAMING GeForce RTX 5060 Ti Twin Edge OC NVIDIA 8 GB GDDR7
GT 710 2GD3H LP,MSI,NEW,50.23,200,ON-SITE,MSI V809-2000R GeForce GT 710 2 GB GDDR3 graphics card
1030 2GHD4 LP OC,MSI,NEW,86.9,200,ON-SITE,MSI GeForce GT 1030 2GHD4 LP OC
GV-N3050WF2OCV2-6GD,Gigabyte,NEW,290.66,183,ON-SITE,GIGABYTE GeForce RTX 3050 WINDFORCE OC V2 6G NVIDIA 6 GB GDDR6
ZT-B50600F-10M,ZOTAC,NEW,526.41,170,ON-SITE,Zotac GAMING GeForce RTX 5060 AMP NVIDIA 8 GB GDDR7
VN6103THX6,Biostar,NEW,46.88,158,ON-SITE,Biostar GeForce GT610 NVIDIA GeForce GT 610 2 GB GDDR3
ZT-B50600H-10M,ZOTAC,NEW,506.75,97,ON-SITE,Zotac GAMING GeForce RTX 5060 Twin Edge OC NVIDIA 8 GB GDDR7
ZT-B50800J2-10P,ZOTAC,NEW,1634.17,87,ON-SITE,Zotac GAMING GeForce RTX 5080 SOLID CORE OC NVIDIA 16 GB GDDR7
VN1055TF41,Biostar,NEW,154.72,86,ON-SITE,Biostar GeForce GTX1050Ti NVIDIA GeForce GTX 1050 Ti 4 GB GDDR5
VN2103NHG6,Biostar,NEW,37.63,83,ON-SITE,Biostar GeForce 210 NVIDIA 1 GB GDDR3
ZT-A30500R-10L,ZOTAC,NEW,373.78,74,ON-SITE,Zotac GAMING GeForce RTX 3050 Eco Solo NVIDIA 8 GB GDDR6
GV-N5070GAMING OC-12GD,Gigabyte,NEW,1023.43,74,ON-SITE,Gigabyte GeForce RTX 5070 GAMING OC 12GB
ZT-B50610Q-10M,ZOTAC,NEW,558.15,73,ON-SITE,Zotac GAMING GeForce RTX 5060 Ti Twin Edge OC NVIDIA 8 GB GDDR7
ZT-B50600Q-10M,ZOTAC,NEW,512.46,70,ON-SITE,Zotac GAMING GeForce RTX 5060 Twin Edge OC White Edition NVIDIA 8 GB GDDR7
ZT-B50800B-10P,ZOTAC,NEW,1734.04,64,ON-SITE,Zotac GAMING GeForce RTX 5080 AMP Extreme INFINITY NVIDIA 16 GB GDDR7
VN1055XF41,Biostar,NEW,130.64,64,ON-SITE,Biostar GeForce GTX1050 NVIDIA GeForce GTX 1050 4 GB GDDR5
ZT-A30510H-10L,ZOTAC,NEW,295.46,60,ON-SITE,Zotac ZT-A30510H-10L graphics card NVIDIA GeForce RTX 3050 6 GB GDDR6
ZT-B50610E-10M,ZOTAC,NEW,575.56,56,ON-SITE,Zotac GAMING GeForce RTX 5060 Ti Twin Edge NVIDIA 8 GB GDDR7
912-V531-680,MSI,NEW,1597.53,55,ON-SITE,MSI RTX 5080 16G VENTUS 3X OC BLACK graphics card
ZT-B50500H-10M,ZOTAC,NEW,458.28,48,ON-SITE,Zotac GAMING GeForce RTX 5050 Twin Edge OC NVIDIA 8 GB GDDR6
ZT-B50800D2-10P,ZOTAC,NEW,1659.64,43,ON-SITE,ZOTAC GAMING GeForce RTX 5080 SOLID CORE 16GB
ZT-B50500Q-10M,ZOTAC,NEW,458.24,40,ON-SITE,Zotac GAMING GeForce RTX 5050 Twin Edge OC NVIDIA 8 GB GDDR6
ZT-B50600E2-10M,ZOTAC,NEW,506.45,40,ON-SITE,ZOTAC GAMING GeForce RTX 5060 Twin Edge PLUS graphics card
ZT-A30500K-10M,ZOTAC,NEW,379.96,39,ON-SITE,Zotac GAMING GeForce RTX 3050 Eco NVIDIA 8 GB GDDR6
ZT-B50800Q-10P,ZOTAC,NEW,1702.97,37,ON-SITE,Zotac GAMING GeForce RTX 5080 SOLID OC NVIDIA 16 GB GDDR7
GV-N506TWF2OC-8GD,Gigabyte,NEW,536.99,37,ON-SITE,GIGABYTE GeForce RTX 5060 Ti WINDFORCE OC 8G Graphics Card - 8GB GDDR7 128bit PCI-E 5.0 2587MHz Core Clock 3 x DisplayPort 1 x HDMI GV-N506TWF2OC-8GD
ZT-P10300A-10L,ZOTAC,NEW,88.38,36,ON-SITE,Zotac ZT-P10300A-10L graphics card NVIDIA GeForce GT 1030 2 GB GDDR5
ZT-71310-10L,ZOTAC,NEW,63.39,35,ON-SITE,Zotac GeForce GT 710 NVIDIA 2 GB GDDR3
ZT-B50600E-10M,ZOTAC,NEW,498.15,32,ON-SITE,Zotac GAMING GeForce RTX 5060 Twin Edge NVIDIA 8 GB GDDR7
VN7313TH41,Biostar,NEW,71.21,31,ON-SITE,Biostar GeForce GT730 NVIDIA GeForce GT 730 4 GB GDDR3
NE7506T019P1-GB2062D,Palit,NEW,494.71,27,ON-SITE,Palit GeForce RTX 5060 Ti Dual NVIDIA 8 GB GDDR7
GV-N5050WF2OC-8GD,Gigabyte,NEW,413.57,26,ON-SITE,GIGABYTE GeForce RTX 5050 WINDFORCE OC 8G Graphics Card
GV-N507TWF3OC-16GD,Gigabyte,NEW,1383.52,26,ON-SITE,GIGABYTE GeForce RTX 5070 Ti WINDFORCE OC SFF 16G Graphics Card
GV-N5060WF2OC-8GD,Gigabyte,NEW,514.97,20,ON-SITE,GIGABYTE GeForce RTX 5060 WINDFORCE OC 8G Graphics Card
90YV0AT0-M0NA00,ASUS,NEW,91.8,18,ON-SITE,ASUS GT1030-SL-2G-BRK NVIDIA GeForce GT 1030 2 GB GDDR5
VN3706RM82,Biostar,NEW,428.14,17,ON-SITE,Biostar VN3706RM82 graphics card NVIDIA GeForce RTX 3070 8 GB GDDR6
VN1034TB46,Biostar,NEW,96.65,17,ON-SITE,Biostar GeForce GT1030 NVIDIA GeForce GT 1030 4 GB GDDR4
GV-N507TGAMING OC-16GD,Gigabyte,NEW,1405.6,17,ON-SITE,Graphics card Gigabyte GeForce RTX 5070 Ti GAMING OC 16 GB GDDR7
VN7313TG46,Biostar,NEW,87.41,16,ON-SITE,Biostar GT 730 4GB 4xHDMI graphics card
90YV0MH2-M0NA00,ASUS,NEW,806.8,16,ON-SITE,ASUS Prime GeForce RTX 5060 Ti OC 16 GB graphics card
GV-N506TEAGLEOC ICE-8GD,Gigabyte,NEW,536.19,16,ON-SITE,GIGABYTE GeForce RTX 5060 Ti EAGLE OC ICE 8G Graphics Card
GV-N507TEAGLE OC-16GD,Gigabyte,NEW,1405.5,15,ON-SITE,GIGABYTE GeForce RTX 5070 Ti EAGLE OC SFF 16G Graphics Card - 16GB GDDR7 256bit PCI-E 5.0 2542 MHz Core Clock 3 x DP 2.1a 1 x HDMI 2.1b NVIDIA DLSS 4 GV-N507TEAGLE OC-16GD
V532-019R,MSI,NEW,953.46,14,ON-SITE,MSI GAMING GeForce RTX 5070 12G TRIO OC NVIDIA 12 GB GDDR7
GV-N5080GAMING OC-16GD,Gigabyte,NEW,1646.35,13,ON-SITE,GIGABYTE GeForce RTX 5080 GAMING OC 16G Graphics Card
GV-N5080WF3OC-16GD,Gigabyte,NEW,1764.83,12,ON-SITE,GIGABYTE GeForce RTX 5080 WINDFORCE OC SFF 16G Graphics Card
90YV06N2-M0NA00,ASUS,NEW,76.92,11,ON-SITE,ASUS GT730-SL-2GD5-BRK NVIDIA GeForce GT 730 2 GB GDDR5
90YV0ALA-M0NA00,ASUS,NEW,57.96,11,ON-SITE,ASUS GT710-SL-2GD5-BRK-EVO NVIDIA GeForce GT 710 2 GB GDDR5
VN1666SF69,Biostar,NEW,211.29,11,ON-SITE,Biostar NVIDIA GTX1660SUPER GeForce GTX 1660 SUPER 6 GB GDDR6
90YV0LX0-M0NA00,ASUS,NEW,1634.02,10,ON-SITE,ASUS Prime GeForce RTX 5080 OC 16 GB GDDR7 graphics card
RTX 5060 Ti 16G VENTUS 2X OC PL,MSI,NEW,769.78,10,ON-SITE,MSI VENTUS GeForce RTX 5060 TI 16G 2X OC PLUS NVIDIA 16 GB GDDR7
GV-N5070WF3OC-12GD,Gigabyte,NEW,973.98,10,ON-SITE,GIGABYTE GeForce RTX 5070 WINDFORCE OC SFF 12G Graphics Card - 12GB GDDR7 192bit PCI-E 5.0 2542 MHz Core Clock 3 x DP 2.1a 1 x HDMI 2.1b NVIDIA DLSS 4 GV-N5070WF3OC-12GD
VN2066RF82,Biostar,NEW,287.26,9,ON-SITE,Biostar GeForce RTX 2060 SUPER NVIDIA 8 GB GDDR6
VN1666TF69,Biostar,NEW,218.57,9,ON-SITE,Biostar GTX 1660 Ti NVIDIA GeForce GTX 1660 Ti 6 GB GDDR6
GV-N5090AORUSST ICE-32GD,Gigabyte,NEW,6992.17,7,ON-SITE,GIGABYTE AORUS GeForce RTX 5090 STEALTH ICE 32G Graphics Card - 32GB GDDR7 512bit PCI-E 5.0 2655MHz Core Clock 3 x DP 2.1a 1 x HDMI 2.1b NVIDIA DLSS 4 GV-N5090AORUSST ICE-32GD
RTX 5060 8G VENTUS 2X OC,MSI,NEW,494.13,3,ON-SITE,MSI GeForce RTX 5060 8G VENTUS 2X OC NVIDIA 8 GB GDDR7
ZT-B50800J2S-10P,ZOTAC,NEW,1697.81,3,ON-SITE,ZOTAC GAMING GeForce RTX 5080 SOLID Core OC 20th Anniversary Edition graphics card
ZT-B50900Q-10P,ZOTAC,NEW,6532.88,2,ON-SITE,Zotac GAMING GeForce RTX 5090 SOLID OC NVIDIA 32 GB GDDR7
90YV0H20-M0NA00,ASUS,NEW,80.86,2,ON-SITE,ASUS GT730-4H-SL-2GD5 NVIDIA GeForce GT 730 2 GB GDDR5
VN3606TM82,Biostar,NEW,395.45,2,ON-SITE,BIOSTAR GeForce RTX 3060 Ti 8GB Graphics Card (N3606TM82)
ZT-B50620E-10M,ZOTAC,NEW,771.45,2,ON-SITE,Zotac GAMING GeForce RTX 5060 Ti Twin Edge NVIDIA 16 GB GDDR7
GV-N506TGAMING OC-8GD,Gigabyte,NEW,570.82,1,ON-SITE,GIGABYTE GeForce RTX 5060 Ti GAMING OC 8G Graphics Card
90YV0AT2-M0NA00,ASUS,NEW,94.04,1,ON-SITE,ASUS GT1030-2G-BRK NVIDIA GeForce GT 1030 2 GB GDDR5
ZT-B50700E-10P,ZOTAC,NEW,874.2,1,ON-SITE,Zotac GAMING GeForce RTX 5070 Twin Edge NVIDIA 12 GB GDDR7
N506T2-08D7-193075N,INNO3D,NEW,525.6,1,ON-SITE,INNO3D GeForce RTX 5060 Ti TWIN X2 NVIDIA 8 GB GDDR7
N50803-16D7-176068N,INNO3D,NEW,1611.74,1,ON-SITE,INNO3D GeForce RTX 5080 X3 NVIDIA 16 GB GDDR7
960-001311,Logitech,NEW,2438.94,8,ON-SITE,Logitech Rally Bar
1000224,EPOS,NEW,130.69,2,ON-SITE,EPOS HANDS-FREE SET FOR PC AND SMARTPHONE
1000226,EPOS,NEW,84.43,2,ON-SITE,EPOS SPEAKERPHONE LOUDSPEEKER SYSTEM EXPAND 20 ML
MTW405-2000,OWL LABS,NEW,2007.11,1,ON-SITE,Owl Labs Meeting Owl 4+ 360-Degree 4K Smart Video Conference Camera Microphone and Speaker (Automatic Speaker Focus Smart Zooming and Noise Equalising)
TRTB-005D2,No name,NEW,102.68,1,ON-SITE,REAR MOUNTED EBIKE CARRIER-2
V12P30 EU,OHAUS,NEW,157.94,1,ON-SITE,OHAUS Valor™ 1000 V12P30 EU compact scale
CR621,OHAUS,NEW,37.24,4,ON-SITE,OHAUS Compass™ CR CR621 portable scale
CX5200,OHAUS,NEW,61.2,4,ON-SITE,OHAUS Compass™ CX CX5200 portable scale
CX621,OHAUS,NEW,61.22,2,ON-SITE,OHAUS Compass™ CX CX621 portable scale
YA501,OHAUS,NEW,28.18,3,ON-SITE,OHAUS YA Gold Portable Scale YA501
YA102,OHAUS,NEW,33.91,1,ON-SITE,OHAUS YA Gold Portable Scale YA102
85276082257,AeroPress,NEW,16.79,49,ON-SITE,AeroPress Carafe Coffee Carafe 600 ml
4977642730632,HARIO,NEW,17.71,29,ON-SITE,Hario Range Server V60-02 - 600ml
4977642730625,HARIO,NEW,14.33,16,ON-SITE,Hario Range Server V60-01 – 360 ml
BZ 3740,Clatronic,NEW,129.83,18,ON-SITE,Clatronic BZ 3740 Cold beverages Insulated
PC-HWS,PROFICOOK,NEW,60.07,7,ON-SITE,Dystrybutor PC-HWS 1320 PROFICOOK
NCANDY007,BIALETTI,NEW,14.57,6,ON-SITE,Zestaw kubków 2 szt NCANDY007 BIALETTI
NCANDY003,BIALETTI,NEW,27.62,6,ON-SITE,Set of 4 cups and saucers BIALETTI Candyland 4 units x 80 ml
NCANDY010,BIALETTI,NEW,15.75,6,ON-SITE,Zestaw kubków 4 szt NCANDY010 BIALETTI
29596,BIALETTI,NEW,11.97,5,ON-SITE,Bialetti Primavera Set of 6 espresso cups on stand - Pink
1049253,BRITA,NEW,14.97,200,ON-SITE,Bottle Brita SodaOne [ 2 pc(s)]
1046738,BRITA,NEW,12.68,8,ON-SITE,Brita sodaTRIO bottle (0.65 l; white)
1046734,BRITA,NEW,15.8,5,ON-SITE,Brita sodaTRIO bottle (1 l; black)
1046735,BRITA,NEW,15.42,2,ON-SITE,Brita sodaTRIO bottle (1 l; white)
1744756E,YANKEE home,NEW,6.95,20,ON-SITE,Tumbler z 1 knotem AMBER & SANDALWOOD YANKEE
98191E,WoodWick,NEW,7.54,20,ON-SITE,WoodWick 98191 wax candle Other Jasmine Sea salt Vanilla Beige 1 pc(s)
98039E,WoodWick,NEW,7.54,20,ON-SITE,Scented Candle Small WOODWICK White Teak 85 g 1 piece
92104E,WoodWick,NEW,16.3,20,ON-SITE,WoodWick 92104 wax candle Other Cinnamon Vanilla Red 1 pc(s)
92062E,WoodWick,NEW,16.3,20,ON-SITE,WoodWick 92062 wax candle Other CEDAR Jasmine Rose White 1 pc(s)
92039E,WoodWick,NEW,16.3,20,ON-SITE,WoodWick White Teak wax candle Cylinder Cedarwood Oak wood Oakmoss Sandalwood 1 pc(s)
98062E,WoodWick,NEW,7.54,18,ON-SITE,WoodWick 98062E wax candle Other CEDAR Jasmine Rose Tea White 1 pc(s)
1686347E,YANKEE home,NEW,3.02,18,ON-SITE,Świeca mini AMBER & SANDALWOOD YANKEE
93062E,WoodWick,NEW,23.34,17,ON-SITE,WoodWick White Tea & Jasmine
1720908E,WoodWick,NEW,16.29,14,ON-SITE,Scented Candle Medium WOODWICK Cashmere 1 piece
92080E,WoodWick,NEW,16.3,12,ON-SITE,Medium Scented Candle WOODWICK Medium Hourglass Candles Crimson Berries 275 g 1 piece
92025E,WoodWick,NEW,16.29,12,ON-SITE,Scented Candle Medium WOODWICK Rosewood 275 g 1 piece
92191E,WoodWick,NEW,16.3,12,ON-SITE,WoodWick 92191 wax candle Other Jasmine Sea salt Vanilla Beige
1701383E,YANKEE home,NEW,16.37,12,ON-SITE,Świeca średnia CINNAMON STICK YANKEE
2654102E,YANKEE home,NEW,6.95,12,ON-SITE,Scented Candle YANKEE CANDLE CINNAMON STICK 122 g
1744759E,YANKEE home,NEW,6.95,12,ON-SITE,Tumbler z 1 knotem WILD ORCHID YANKEE
1743375E,YANKEE home,NEW,16.37,12,ON-SITE,Świeca średnia SHIMMERING CHRISTMAS TREE YANKEE
1701390E,YANKEE home,NEW,17.46,12,ON-SITE,Scented candle YANKEE CANDLE WARM CASHMERE 368 g medium
92904E,WoodWick,NEW,16.87,12,ON-SITE,WoodWick 92904 wax candle Other Caramel Vanilla Brown White Yellow 1 pc(s)
98025E,WoodWick,NEW,7.54,9,ON-SITE,Scented Candle Small WOODWICK Rosewood 1 piece
1701388E,YANKEE home,NEW,17.46,8,ON-SITE,Scented Candle YANKEE CANDLE VANILLA BEAN ESPRESSO 368 g medium
2236177,YANKEE home,NEW,2.69,8,ON-SITE,Świeca mini LEMON LAVENDER YANKEE
2235597,YANKEE home,NEW,17.46,8,ON-SITE,Świeca średnia LEMON LAVENDER YANKEE
2236202,YANKEE home,NEW,20.38,8,ON-SITE,Świeca duża CINNAMON STICK YANKEE
2247792,YANKEE home,NEW,20.38,8,ON-SITE,Yankee Candle Crackling Embers wax candle Cylinder Wood Grey 1 pc(s)
2236198,YANKEE home,NEW,20.38,8,ON-SITE,Scented candle YANKEE CANDLE MIDSUMMER'S NIGHT 567g large
2243919,YANKEE home,NEW,20.38,8,ON-SITE,Świeca duża SEASIDE WOODS YANKEE
2236217,YANKEE home,NEW,20.38,8,ON-SITE,Świeca duża WARM CASHMERE YANKEE
2236193,YANKEE home,NEW,20.38,8,ON-SITE,Świeca duża WILD ORCHID YANKEE
2674586E,WoodWick,NEW,24.49,8,ON-SITE,WoodWick Café Macchiato wax candle Ellipse Coffee White Brown 1 pc(s)
2244640,YANKEE home,NEW,7.02,8,ON-SITE,Świeca mała AMBER & SANDALWOOD YANKEE
2247795,YANKEE home,NEW,7.02,8,ON-SITE,Yankee Candle Crackling Embers wax candle Cylinder Wood Grey 1 pc(s)
2244634,YANKEE home,NEW,7.02,8,ON-SITE,Świeca mała DRIED LAVENDER & OAK YANKEE
2243880,YANKEE home,NEW,17.46,8,ON-SITE,Świeca średnia SEASIDE WOODS YANKEE
2670696E,WoodWick,NEW,16.3,8,ON-SITE,WoodWick Radiant Amber wax candle Cylinder Brown 1 pc(s)
2674299E,WoodWick,NEW,16.29,8,ON-SITE,Scented Candle Medium WOODWICK Saffron Smoke 1 piece
2674510E,WoodWick,NEW,16.3,8,ON-SITE,Scented Candle Medium WOODWICK White Honey 275 g 1 piece
2674242E,WoodWick,NEW,23.34,8,ON-SITE,Scented Candle Large WOODWICK Cinnamon Chai 609.5 g 1 piece
2670665E,WoodWick,NEW,23.34,8,ON-SITE,WoodWick Radiant Amber wax candle Cylinder Brown 1 pc(s)
2674189E,WoodWick,NEW,23.34,8,ON-SITE,WoodWick Saffron Smoke wax candle Cylinder Brown 1 pc(s)
2674190E,WoodWick,NEW,23.34,8,ON-SITE,Scented Candle Large WOODWICK White Teak 609.5 g 1 piece
2674203E,WoodWick,NEW,23.35,8,ON-SITE,Scented Candle Ellipse WOODWICK Fraser Fir 1 piece
2670614E,WoodWick,NEW,23.35,8,ON-SITE,Scented Candle Ellipse WOODWICK Radiant Amber 275 g 1 piece
2674520E,WoodWick,NEW,23.35,8,ON-SITE,WoodWick Saffron Smoke wax candle Ellipse Brown 1 pc(s)
2670627E,WoodWick,NEW,23.35,8,ON-SITE,Large WOODWICK Vanilla & Sea Salt Scented Candle with wooden wick 1 piece
2674392E,WoodWick,NEW,7.54,8,ON-SITE,Scented Candle Small WOODWICK Cashmere 1 piece
2674572E,WoodWick,NEW,7.54,8,ON-SITE,Scented Candle Small WOODWICK Cinnamon Chai 1 piece
2674129E,WoodWick,NEW,16.3,8,ON-SITE,Scented Candle Medium WOODWICK Fraser FIR 275 g 1 piece
2244658,YANKEE home,NEW,7.02,8,ON-SITE,Świeca mała MIDSUMMER NIGHT YANKEE
2244641,YANKEE home,NEW,7.02,8,ON-SITE,Świeca mała SEASIDE WOODS YANKEE
2244670,YANKEE home,NEW,7.02,8,ON-SITE,Świeca mała WARM CASHMERE YANKEE
2247800,YANKEE home,NEW,17.46,8,ON-SITE,Yankee Candle Crackling Embers wax candle Cylinder Wood Grey 1 pc(s)
2671951E,YANKEE home,NEW,17.46,8,ON-SITE,Świeca średnia DRIED LAVENDER & OAK YANKEE
2236224,YANKEE home,NEW,17.46,8,ON-SITE,Świeca średnia MIDSUMMER NIGHT YANKEE
2244639,YANKEE home,NEW,7.02,8,ON-SITE,Świeca mała WILD ORCHID YANKEE
2236238,YANKEE home,NEW,17.46,8,ON-SITE,Scented Candle YANKEE CANDLE WARM CASHMERE 368 g medium
2236199,YANKEE home,NEW,17.46,8,ON-SITE,Świeca średnia CINNAMON STICK YANKEE
2244650,YANKEE home,NEW,7.02,8,ON-SITE,Świeca mała BLACK COCONUT YANKEE
2236205,YANKEE home,NEW,17.46,8,ON-SITE,Świeca średnia WARM CASHMERE YANKEE
2236227,YANKEE home,NEW,17.46,8,ON-SITE,Świeca średnia WILD ORCHID YANKEE
2236184,YANKEE home,NEW,20.38,8,ON-SITE,Świeca duża BLACK COCONUT YANKEE
2244660,YANKEE home,NEW,7.02,8,ON-SITE,Świeca mała LEMON LAVENDER YANKEE
2244631,YANKEE home,NEW,7.02,8,ON-SITE,Świeca mała VANILLA CUPCAKE YANKEE
2236242,YANKEE home,NEW,2.69,8,ON-SITE,Świeca mini AMBER & SANDALWOOD YANKEE
2236230,YANKEE home,NEW,2.69,8,ON-SITE,Scented candle YANKEE CANDLE BLACK COCONUT 37 g mini
2255267,YANKEE home,NEW,2.69,8,ON-SITE,Świeca mini SEASIDE WOODS YANKEE
2236214,YANKEE home,NEW,2.69,8,ON-SITE,Scented Candle YANKEE CANDLE VANILLA CUPCAKE 37 g mini
2236240,YANKEE home,NEW,17.46,8,ON-SITE,Świeca średnia AUTUMN DAYDREAM YANKEE
2235839,YANKEE home,NEW,17.46,8,ON-SITE,Świeca średnia BLACK COCONUT YANKEE
2236234,YANKEE home,NEW,2.69,7,ON-SITE,Świeca mini AUTUMN DAYDREAM YANKEE
2235526,YANKEE home,NEW,20.38,7,ON-SITE,Świeca duża LEMON LAVENDER YANKEE
2244630,YANKEE home,NEW,7.02,7,ON-SITE,Świeca mała AUTUMN DAYDREAM YANKEE
2674273E,WoodWick,NEW,23.35,7,ON-SITE,Scented Candle Ellipse WOODWICK White Teak 1 piece
2674406E,WoodWick,NEW,23.35,7,ON-SITE,WoodWick Iris Woods wax candle Ellipse Wood Brown 1 pc(s)
2674131E,WoodWick,NEW,23.33,7,ON-SITE,Large Scented Candle Fraser Fir WOODWICK with wooden wick 1 piece
2279460,WoodWick,NEW,24.48,7,ON-SITE,Scented Candle Medium WOODWICK Holiday Garland 275 g 1 piece
2671949E,YANKEE home,NEW,20.38,7,ON-SITE,Świeca duża DRIED LAVENDER & OAK YANKEE
2670643E,WoodWick,NEW,23.35,6,ON-SITE,WoodWick Pumpkin Praline wax candle Ellipse Brown 1 pc(s)
92049E,WoodWick,NEW,16.3,5,ON-SITE,WoodWick 92049 wax candle Other Coconut Ocean Sea salt Pink 1 pc(s)
2674583E,WoodWick,NEW,24.48,3,ON-SITE,WoodWick Café Macchiato wax candle Cylinder Coffee White Brown 1 pc(s)
2236241,YANKEE home,NEW,17.46,3,ON-SITE,Świeca średnia VANILLA CUPCAKE YANKEE
2674285E,WoodWick,NEW,23.34,1,ON-SITE,Scented Candle Large WOODWICK Cashmere 609.5 g 1 piece
POE-24-24W,UBIQUITI,NEW,10.29,31,ON-SITE,Ubiquiti Networks POE-24-24W PoE adapter Fast Ethernet 24 V
POE-24-12W,UBIQUITI,NEW,6.33,67,ON-SITE,Ubiquiti POE-24-12W PoE adapter 24 V
POE-48-24W,UBIQUITI,NEW,10.12,65,ON-SITE,Ubiquiti POE-48-24W Fast Ethernet 48 V
POE12-60W-EU0101F,ZyXEL,NEW,48.04,7,ON-SITE,Zyxel POE12-60W 5 Gigabit Ethernet
POE12-30W-EU0101F,ZyXEL,NEW,36.95,5,ON-SITE,Zyxel PoE12-30W 2.5 Gigabit Ethernet
GX20P92529,Lenovo,NEW,19.3,200,ON-SITE,Lenovo GX20P92529 power adapter/inverter Indoor 65 W Black
GX21M50626,Lenovo,NEW,39.99,195,ON-SITE,Lenovo GX21M50626 power adapter/inverter Indoor 140 W Black
GX20Z46271,Lenovo,NEW,34.1,182,ON-SITE,Lenovo GX20Z46271 power adapter/inverter Indoor/outdoor Black
GX20N20875,Lenovo,NEW,16.95,123,ON-SITE,Lenovo GX20N20875 power adapter/inverter Indoor 45 W Black
GX20Z46306,Lenovo,NEW,68.46,120,ON-SITE,LENOVO LEGION SLIM 230W AC ADAPTER (CE)
ZG38C05739,Lenovo,NEW,20.17,114,ON-SITE,Lenovo 68W USB-C Wall Charger Tablet Universal Black AC Indoor
GX21F23046,Lenovo,NEW,82.57,67,ON-SITE,Lenovo GX21F23046 power adapter/inverter Indoor/outdoor Black
IUZ100TC,IBOX,NEW,13.11,48,ON-SITE,iBOX IUZ100TC laptop charger PD 100W E-mark chip
GX20L23043,Lenovo,NEW,13.86,31,ON-SITE,Lenovo GX20L23043 power adapter/inverter Indoor 45 W Black
GX20Z46287,Lenovo,NEW,47.27,27,ON-SITE,Lenovo GX20Z46287 power adapter/inverter Indoor 170 W Black
1MZ01AA,Hewlett-Packard,NEW,13.58,21,ON-SITE,HP 45W USB-C LC Power Adapter
4X20M26272,Lenovo,NEW,28.33,18,ON-SITE,Lenovo 4X20M26272 power adapter/inverter 65 W Black
BF7C7AA,Hewlett-Packard,NEW,84.81,16,ON-SITE,HP 330W SMT AC ADPT EMEA-INTL EN Loc-Eur power adapter/inverter
G0A6065BEU,Lenovo,NEW,32.9,15,ON-SITE,Lenovo Dual USB-C 65W GaN Charger Universal Black AC Indoor
G0A6065WEU,Lenovo,NEW,32.89,12,ON-SITE,Lenovo G0A6065WEU mobile device charger Universal White AC Indoor
GX21M50609,Lenovo,NEW,127.12,12,ON-SITE,Lenovo Legion Slim 330W GaN AC Adapter Black
N8N14AA,Hewlett-Packard,NEW,29.63,8,ON-SITE,HP 45W USB-C AC Adapter
40AW065BEU,Lenovo,NEW,21.02,8,ON-SITE,Lenovo 40AW065BEU power adapter/inverter Indoor/outdoor 65 W Black
1P3K6AA,Hewlett-Packard,NEW,17.1,7,ON-SITE,HP 65W USB-C LC Power Adapter
IUZ90WA,IBOX,NEW,18.5,5,ON-SITE,iBox IUZ90WA power adapter/inverter Indoor 90 W Black
671R2AA,Hewlett-Packard,NEW,30.26,5,ON-SITE,HP USB-C 65W Laptop Charger
IUZ120WA,IBOX,NEW,17.11,2,ON-SITE,iBox IUZ120WA power adapter/inverter Indoor 120 W Black
W5D55AA,Hewlett-Packard,NEW,26.74,1,ON-SITE,HP 90W Smart Power AC Adapter
B7NM4AA,Hewlett-Packard,NEW,50.84,1,ON-SITE,HP 140W USB-C Laptop Charger
600Q7AA,Hewlett-Packard,NEW,52.96,1,ON-SITE,HP 65W GaN USB-C Laptop Charger
90YE04A1-B0NC00,ASUS,NEW,57.05,200,ON-SITE,ASUS ATS-750G power supply unit 750 W 20+4 pin ATX ATX Black
R-PF650X-HD0B-JGEU,DEEPCOOL,NEW,37.78,200,ON-SITE,PC Power Supply DEEPCOOL PF650X Black
R-PF750X-HD0B-JGEU,DEEPCOOL,NEW,41.34,200,ON-SITE,PC Power Supply DEEPCOOL PF750X WH White
GP-UD1000GM PG5 V2,Gigabyte,NEW,98.35,200,ON-SITE,GIGABYTE UD1000GM PG5 V2 Power Supply Unit
90YE00D5-B0NA00,ASUS,NEW,56.56,137,ON-SITE,ASUS TUF-GAMING-750B-EVO power supply unit 750 W 20+4 pin ATX ATX Black
306-7ZP2B11-CE0,MSI,NEW,58.2,136,ON-SITE,MSI MAG A650BN 650W Power Supply
R-PS750P-FE0B-JGEU,DEEPCOOL,NEW,115.11,119,ON-SITE,PC Power Supply DEEPCOOL PS750P-FE Black
R-PS850P-FE0B-JGEU,DEEPCOOL,NEW,127.02,118,ON-SITE,PC Power Supply DEEPCOOL PS850P-FE Black
R-PSA00P-FE0B-JGEU,DEEPCOOL,NEW,138.57,118,ON-SITE,PC Power Supply DEEPCOOL PS1000P Black
306-7ZP8D11-CE0,MSI,NEW,111.74,109,ON-SITE,MSI MAG A850GL 850W PCIE5 II 80+ Gold Power Supply (306-7ZP8D11-CE0)
TACANIMA-APB550,TACENS,NEW,27.84,100,ON-SITE,Tacens APB550B power supply unit 550 W 20+4 pin ATX ATX Black
R-PS850G-FE0W-JGEU,DEEPCOOL,NEW,91.56,96,ON-SITE,Gamer Storm PS850G WH power supply unit 850 W 20+4 pin ATX ATX White
R-PS750G-FE0W-JGEU,DEEPCOOL,NEW,83.77,92,ON-SITE,Gamer Storm PS750G WH power supply unit 750 W 20+4 pin ATX ATX White
90YE00D6-B0NA00,ASUS,NEW,50.98,90,ON-SITE,ASUS TUF-GAMING-650B-EVO power supply unit 650 W 20+4 pin ATX ATX Black
R-PF600X-HD0B-JGEU,DEEPCOOL,NEW,35.79,84,ON-SITE,DeepCool PF600X power supply unit
GP-P550SS ICE,Gigabyte,NEW,36.79,73,ON-SITE,GIGABYTE P550SS ICE Power Supply - PCIe 5.0 80 PLUS Silver 120mm Fan ATX 3.0 compatible EU Plug
GP-P650G PG5,Gigabyte,NEW,51.33,70,ON-SITE,Gigabyte GP-P650G power supply unit 650 W 20+4 pin ATX ATX Black
90YE00S2-B0NA00,ASUS,NEW,95.91,48,ON-SITE,ASUS TUF Gaming 850W Gold power supply unit 24-pin ATX ATX Black
306-7ZP8E11-CE0,MSI,NEW,96.86,45,ON-SITE,MSI MAG A750GL 750W PCIE5 II 80+ Gold Power Supply (306-7ZP8D11-CE0)
R-PF550X-HD0B-JGEU,DEEPCOOL,NEW,33.71,43,ON-SITE,PC Power Supply DEEPCOOL PF550X-FE Black
GP-P850GM,Gigabyte,NEW,78.82,40,ON-SITE,Gigabyte P850GM power supply unit 850 W 20+4 pin ATX ATX Black
75261350,XPG,NEW,109.45,38,ON-SITE,XPG COREREACTOR II 850W Power Supply
GP-P750GM,Gigabyte,NEW,77.74,35,ON-SITE,Gigabyte P750GM power supply unit 750 W 20+4 pin ATX ATX Black
GP-UD850GM PG5 V2,Gigabyte,NEW,90.08,35,ON-SITE,Gigabyte UD850GM 850W PG5 V2 (GP-UD850GM PG5 V2) - power supply black
APB-400B8,Chieftec,NEW,29.44,35,ON-SITE,Chieftec Value APB-400B8 power supply unit 400 W 20+4 pin ATX PS/2 Silver
90YE00S0-B0NA00,ASUS,NEW,147.4,33,ON-SITE,ASUS TUF GAMING 1200W Gold power supply unit 20+4 pin ATX ATX Black
GP-P650SS ICE,Gigabyte,NEW,46.38,33,ON-SITE,GIGABYTE P650SS ICE Power Supply - PCIe 5.0 80 PLUS Silver 120mm Fan ATX 3.0 compatible EU Plug
GP-P750BS,Gigabyte,NEW,52.89,31,ON-SITE,GIGABYTE P750BS Power Supply - PCI-E 6+2 Pin x 4 80 PLUS Bronze 120mm Fan ATX compatible EU Plug
306-7ZP2A11-CE0,MSI,NEW,45.48,31,ON-SITE,MSI MAG A550BN 550W Power Supply
PPG-750-S,Chieftec,NEW,71.12,30,ON-SITE,Chieftec Vega 750W Series PPG-750-S power supply unit 20+4 pin ATX ATX Black
AEROPGSVX-600PLUS-80,Aerocool,NEW,36.06,29,ON-SITE,POWER SUPPLY AEROCOOL PGS VX-600PLUS 600W 80+ BOX
BN331,BE QUIET!,NEW,340.25,28,ON-SITE,be quiet! Dark Power Pro 13 | 1300W power supply unit 20+4 pin ATX ATX Black
GPB-400S,Chieftec,NEW,31.49,25,ON-SITE,Chieftec GPB-400S power supply unit 400 W 20+4 pin ATX PS/2 Silver
PRO-750G,Asrock,NEW,60.14,25,ON-SITE,Asrock PRO-750G power supply unit 750 W 24-pin ATX ATX Black
GP-P450B,Gigabyte,NEW,33.73,23,ON-SITE,Gigabyte P450B power supply unit 450 W 20+4 pin ATX ATX Black
GP-UD850GM PG5 ICE,Gigabyte,NEW,92.42,22,ON-SITE,GIGABYTE UD850GM PG5 V2 ICE Power Supply Unit
ZPU-500S,Chieftec,NEW,33.96,20,ON-SITE,Chieftec EON ZPU-500S power supply unit 500 W 20+4 pin ATX ATX Black
APB-500B8,Chieftec,NEW,30.21,20,ON-SITE,Chieftec Value APB-500B8 power supply unit 500 W 20+4 pin ATX ATX Silver
ZPU-600S,Chieftec,NEW,42,20,ON-SITE,Power supply Chieftec EON ZPU-600S 600W
ZPU-700S,Chieftec,NEW,44.33,20,ON-SITE,Power supply Chieftec EON ZPU-700S 700W
GPF-300P,Chieftec,NEW,33.74,20,ON-SITE,Chieftec Smart 300W power supply unit 20+4 pin ATX TFX Grey
75261435,XPG,NEW,94.46,20,ON-SITE,XPG COREREACTOR II VE 850W Power Supply
GPF-500G,Chieftec,NEW,55.81,19,ON-SITE,Chieftec Smart GPF-500G power supply unit 500 W 24-pin ATX TFX Black
PRO-M750G,Asrock,NEW,77.1,19,ON-SITE,Asrock PRO-M750G 750W 80 PLUS Gold power supply unit
TACANIMA-APB650,TACENS,NEW,37.04,18,ON-SITE,Tacens Anima APB650 power supply unit 650 W 24-pin ATX ATX Black
306-7ZPLY11-HD8,MSI,NEW,126.1,18,ON-SITE,MSI PRO A850PL PCIE5 850W 120mm 80 Plus Platinum aPFC power supply
ZIC2400W12CMFA,IBOX,NEW,19.11,18,ON-SITE,iBox CUBE II power supply unit 400 W 20+4 pin ATX ATX Silver
GPB-500S,Chieftec,NEW,33.75,17,ON-SITE,Chieftec GPB-500S power supply unit 500 W 20+4 pin ATX PS/2 Silver
PRO-650G,Asrock,NEW,52.29,16,ON-SITE,ASRock PRO-650G 650W 80 PLUS Gold power supply
CL-550B,Asrock,NEW,42.68,16,ON-SITE,Power supply ASRock Challenger Bronze 550W (CL-550B)
CL-750G,Asrock,NEW,62.49,15,ON-SITE,Power supply ASRock Challenger Gold 750W (CL-750G)
PYLONII750B-BKCEU,XPG,NEW,57.76,14,ON-SITE,Power supply unit - XPG PYLON II 750W Black 80 Plus Bronze
EY7A015,ENDORFY,NEW,56,14,ON-SITE,ENDORFY Vero L6 power supply unit 650 W 24-pin ATX ATX Black
75261209,XPG,NEW,127.44,13,ON-SITE,XPG COREREACTOR II 1000W Power Supply
APB-700B8,Chieftec,NEW,43.23,13,ON-SITE,Chieftec Value APB-700B8 power supply unit 700 W 20+4 pin ATX ATX Silver
PRO-M1000G,Asrock,NEW,106.22,12,ON-SITE,Asrock PRO-M1000G 1000W 80 PLUS Gold power supply unit
90YE00SB-B0NA00,ASUS,NEW,125.79,12,ON-SITE,ASUS TUF-GAMING-750G-EVO power supply unit 750 W 20+4 pin ATX ATX Black
SL-650G,Asrock,NEW,72.8,12,ON-SITE,Power supply ASRock STEEL LEGEND 650W 80 Plus Gold (90-UXS065-GFEAAA)
90YE00U3-B0NA00,ASUS,NEW,121.36,11,ON-SITE,ASUS Prime -750G power supply unit 750 W 20+4 pin ATX ATX Black
306-7ZPFX11-CE0,MSI,NEW,199.98,11,ON-SITE,MSI MPG A1250GS 1250W PCIE5 80+ Gold power supply (306-7ZPFX11-CE0)
APB-600B8,Chieftec,NEW,41.12,10,ON-SITE,Chieftec Value APB-600B8 power supply unit 600 W 20+4 pin ATX ATX Steel
PSF-400B,Chieftec,NEW,44.23,10,ON-SITE,Chieftec PSF-400B power supply unit 400 W 24-pin ATX ATX Metallic
GPB-350S,Chieftec,NEW,29.15,10,ON-SITE,Chieftec GPB-350S power supply unit 350 W 20+4 pin ATX PS/2 Silver
BN332,BE QUIET!,NEW,405.03,10,ON-SITE,be quiet! Dark Power Pro 13 | 1600W power supply unit 20+4 pin ATX ATX Black
ZIA700W14CMBOX,IBOX,NEW,39.65,10,ON-SITE,Power Supply IBOX AURORA 700W 14 CM FAN ZIA700W14CMBOX
75261424,XPG,NEW,80.4,10,ON-SITE,XPG COREREACTOR II VE 750W Power Supply
75261197,XPG,NEW,105.12,10,ON-SITE,XPG COREREACTOR II 850W Power Supply
EY7A013,ENDORFY,NEW,94.5,9,ON-SITE,ENDORFY Supremo FM6 750W power supply unit
TACANIMA-APTII500P-TFX,TACENS,NEW,18.14,9,ON-SITE,TACENS ANIMA APTII500P 500W TFX - power supply unit/PSU
BPX-850-S,Chieftec,NEW,63.04,9,ON-SITE,Chieftec Vita Netzteil 850W 80+Bronze - PC-/Server Netzteil - 14 17 min power supply unit 20+4 pin ATX PS/2 Black
BBS-700S,Chieftec,NEW,67.47,8,ON-SITE,Chieftec Core BBS-700S power supply unit 700 W 24-pin ATX PS/2 Black
ZIA500W14CMBOX,IBOX,NEW,35.78,8,ON-SITE,Power Supply IBOX AURORA 500W 14 CM FAN ZIA500W14CMBOX
CL-750B,Asrock,NEW,64.51,7,ON-SITE,Power supply ASRock Challenger Bronze 750W (CL-750B)
BPX-850-C,Chieftec,NEW,67.71,7,ON-SITE,Chieftec Vita BPX-850-C power supply unit 850 W 20+4 pin ATX ATX Black
PPG-850-S,Chieftec,NEW,78.02,6,ON-SITE,Chieftec Vega PPG-850-S Watt power supply unit 850 W 20+4 pin ATX ATX Black
ZIC2500W12CMFA,IBOX,NEW,25.28,6,ON-SITE,iBox CUBE II power supply unit 500 W 20+4 pin ATX ATX Silver
90YE00N0-B0NA00,ASUS,NEW,339.28,6,ON-SITE,ASUS ROG -LOKI-1200T-SFX-L-GAMING power supply unit 1200 W 20+4 pin ATX Black Silver
90YE00Z0-B0EA00,ASUS,NEW,894.05,6,ON-SITE,ASUS ASUS-PRO-WS-3000P power supply unit 3000 W 20+4 pin ATX ATX Black
PPG-850-C,Chieftec,NEW,84.96,6,ON-SITE,Chieftec Vega PPG-850-C power supply unit 850 W 20+4 pin ATX ATX Black
SPX-1200-FC,Chieftec,NEW,147.6,6,ON-SITE,Chieftec Stealth 1200W Vega M Series SPX-1200-FC 80+ Platin power supply unit 24-pin ATX ATX Black
CP-9020309-EU,Corsair,NEW,280.78,6,ON-SITE,Corsair HX1500 power supply unit 1500 W 24-pin ATX ATX Black
PG-1300G,Asrock,NEW,150.33,6,ON-SITE,Asrock Phantom Gaming PG-1300G power supply unit 1300 W 20+4 pin ATX ATX Black
PG-1000G,Asrock,NEW,140.73,6,ON-SITE,Asrock Phantom Gaming PG-1000G power supply unit 750 W 20+4 pin ATX ATX Black
AEROPGSLUXRGB-550,Aerocool,NEW,41.57,6,ON-SITE,Power supply Aerocool Lux RGB 550M 550 W Black
ZIA600W14CMBOX,IBOX,NEW,38.11,5,ON-SITE,Power Supply IBOX AURORA 600W 14 CM FAN ZIA600W14CMBOX
90YE00W6-B0NA00,ASUS,NEW,313.99,5,ON-SITE,ASUS ROG -STRIX-1200P-GAMING-E power supply unit 1200 W 20+4 pin ATX ATX Black Multicolour
90YE00W7-B0NA00,ASUS,NEW,292.78,5,ON-SITE,ASUS ROG -STRIX-1000P-GAMING-E power supply unit 1000 W 20+4 pin ATX ATX Black
90YE00W8-B0NA00,ASUS,NEW,216.86,5,ON-SITE,ASUS ROG -STRIX-850P-GAMING-E power supply unit 850 W 20+4 pin ATX ATX Black
GPS-500A8,Chieftec,NEW,37.41,5,ON-SITE,Chieftec Smart GPS-500A8 power supply unit 500 W 20+4 pin ATX ATX Black
BPX-750-S,Chieftec,NEW,57.16,5,ON-SITE,Chieftec Vita Netzteil 750W 80+Bronze retail - PC-/Server Netzteil - 12 5 min power supply unit 20+4 pin ATX PS/2
TACMARS-MPB850PSI,TACENS,NEW,70.06,4,ON-SITE,Mars Gaming MPB850PSI power supply unit 850 W 24-pin ATX ATX Black
90YE00W0-B0NA00,ASUS,NEW,290.3,4,ON-SITE,ASUS ROG -STRIX-1200P-GAMING power supply unit 1200 W 20+4 pin ATX ATX Black
90YE00D1-B0NA00,ASUS,NEW,55.96,4,ON-SITE,ASUS TUF-GAMING-650B power supply unit 650 W 20+4 pin ATX ATX Black
SPX-1000-FC,Chieftec,NEW,133.75,4,ON-SITE,Chieftec Stealth 1000W Vega M Series SPX-1000-FC 80+ Platin power supply unit 24-pin ATX ATX Black
90YE0102-B0NA00,ASUS,NEW,168.1,4,ON-SITE,ASUS TUF Gaming 850W Platinum power supply unit 20+4 pin ATX ATX Black
90YE00V8-B0NA00,ASUS,NEW,433.1,4,ON-SITE,ASUS ROG -THOR-1000P3-GAMING-E power supply unit 1000 W 20+4 pin ATX ATX Black
BBS-500S,Chieftec,NEW,58.2,4,ON-SITE,Chieftec Core BBS-500S power supply unit 500 W 24-pin ATX PS/2 Black
GPF-350P,Chieftec,NEW,34.83,4,ON-SITE,Chieftec GPF-350P power supply unit 350 W 20+4 pin ATX TFX Silver
90YE0101-B0NA00,ASUS,NEW,206.06,4,ON-SITE,ASUS TUF-GAMING-1000P power supply unit 1000 W 20+4 pin ATX ATX Black
SL-1000G,Asrock,NEW,123.67,4,ON-SITE,Power supply ASRock STEEL LEGEND 1000W 80 Plus Gold (90-UXS100-GFEAAA)
GP-AE850PM PG5 ICE,Gigabyte,NEW,113.42,4,ON-SITE,GIGABYTE AORUS ELITE P850W ICE Power Supply
PYLONII650B-BKCEU,XPG,NEW,48.88,3,ON-SITE,Power supply unit - XPG PYLON II 650W Black 80 Plus Bronze
EY7A019,ENDORFY,NEW,66.12,3,ON-SITE,ENDORFY Enduro L6 650 W power supply
BBS-600S,Chieftec,NEW,61.67,3,ON-SITE,Chieftec Core BBS-600S power supply unit 600 W 24-pin ATX PS/2 Black
BPX-650-S,Chieftec,NEW,51.54,3,ON-SITE,Chieftec Vita BPX-650-S power supply unit 650 W 24-pin ATX ATX Black
BPX-750-C,Chieftec,NEW,61.64,3,ON-SITE,Chieftec Vita BPX-750-C power supply unit 750 W 20+4 pin ATX ATX Black
PPG-1000-CW,Chieftec,NEW,96.51,3,ON-SITE,Chieftec Vega PPG-1000-CW power supply unit 1000 W 24-pin ATX ATX White
CP-9020265-EU,Corsair,NEW,220.74,3,ON-SITE,Corsair HX1000i power supply unit 1000 W 24-pin ATX ATX Black
90YE00N3-B0NA00,ASUS,NEW,209.5,3,ON-SITE,ASUS ROG Loki SFX-L 850W Platinum power supply unit 24-pin ATX Black Silver
PRO-M850G,Asrock,NEW,88.13,3,ON-SITE,Asrock PRO-M850G 850W 80 PLUS Gold power supply unit
90YE00S5-B0NA00,ASUS,NEW,166.82,3,ON-SITE,ASUS TUF Gaming 1000W Gold White Edition power supply unit 20+4 pin ATX ATX
90YE00SA-B0NA00,ASUS,NEW,136.22,3,ON-SITE,ASUS TUF-GAMING-850G-EVO power supply unit 850 W 20+4 pin ATX ATX Black
TACMARS-MPB750SI,TACENS,NEW,43.63,3,ON-SITE,Mars Gaming MPB750SI power supply unit 750 W 24-pin ATX ATX Black
TACMARS-MPB650SI,TACENS,NEW,42.07,2,ON-SITE,Mars Gaming MPB650SI power supply unit 650 W 24-pin ATX ATX Black
PPG-750-C,Chieftec,NEW,79.16,2,ON-SITE,Chieftec Vega PPG-750-C power supply unit 750 W 20+4 pin ATX ATX Black
GPS-600A8,Chieftec,NEW,43.11,2,ON-SITE,Chieftec Smart GPS-600A8 power supply unit 600 W 20+4 pin ATX ATX Black
GPS-700A8,Chieftec,NEW,47.76,2,ON-SITE,Chieftec Smart GPS-700A8 power supply unit 700 W 20+4 pin ATX PS/2 Black
90YE00W1-B0NA00,ASUS,NEW,264.43,2,ON-SITE,ASUS ROG STRIX-1000P-GAMING power supply unit 1000 W 20+4 pin ATX ATX Black Silver
CP-9020298-EU,Corsair,NEW,125.97,2,ON-SITE,Corsair RMx Shift Series RM750x power supply unit 750 W 24-pin ATX ATX Black
CP-9020307-EU,Corsair,NEW,245.62,2,ON-SITE,Corsair HX1200i power supply unit 1200 W 24-pin ATX ATX Black
BP007EU,BE QUIET!,NEW,128.04,2,ON-SITE,be quiet! POWER ZONE 2 850W power supply unit 20+4 pin ATX ATX Black
GPB-450S,Chieftec,NEW,32.65,2,ON-SITE,Chieftec GPB-450S power supply unit 450 W 20+4 pin ATX PS/2 Silver
90-UXT165-TFEAAB,Asrock,NEW,341.98,2,ON-SITE,Power supply ASRock Taichi 1650W Titanium (TC-1650T)
EY7A017,ENDORFY,NEW,86.04,2,ON-SITE,ENDORFY Enduro L6 850 W power supply
EY7A018,ENDORFY,NEW,76.06,2,ON-SITE,ENDORFY Enduro L6 750 W power supply
EY7A011,ENDORFY,NEW,132.48,2,ON-SITE,Endorfy Supremo FM6 1000W (EY7A011) Black
TAC1VV900M-80+SILVER,TACENS,NEW,63.01,2,ON-SITE,TACENS VALEO V 900M 900W DC-DC ATX 3.1 PCIe 5.1
AEROLUX-850-80BRONZE,Aerocool,NEW,70.23,2,ON-SITE,Aerocool LUX850 PC Power Supply 850W 80 Plus Bronze 230V 88% Efficiency Black
AEROPGSVX-800PLUS-80,Aerocool,NEW,55.19,1,ON-SITE,POWER SUPPLY AEROCOOL PGS VX-800PLUS 800W 80+
GP-AE850PM PG5,Gigabyte,NEW,115.78,1,ON-SITE,Gigabyte Aorus Elite Platinum ATX 3.1 850W PSU
GP-UD1000GM PG5 ICE,Gigabyte,NEW,107.77,1,ON-SITE,Gigabyte UD1000GM 1000W PG5 ICE Power Supply (GP-UD1000GM PG5 ICE)
GP-P550B,Gigabyte,NEW,42.74,1,ON-SITE,Gigabyte P550B power supply unit 550 W 20+4 pin ATX ATX Black
TACMARS-MPB750PSI,TACENS,NEW,62.76,1,ON-SITE,TACENS MARS MPB750PSI 750W DC-DC ATX 3.1 PCIe 5.1 80PLUS GOLD – power supply unit (PSU)
R-PS850G-FE0B-JGEU,DEEPCOOL,NEW,91.58,1,ON-SITE,DeepCool PS850G power supply unit 850 W 20+4 pin ATX SFX Black
90YE00SE-B0NA00,ASUS,NEW,166.82,1,ON-SITE,ASUS TUF Gaming 1000W Gold EVO power supply unit 20+4 pin ATX ATX Black
CP-9020299-EU,Corsair,NEW,136.3,1,ON-SITE,Corsair RMx Shift Series RM850x power supply unit 850 W 24-pin ATX ATX Black
TPS-700S,Chieftec,NEW,51.31,1,ON-SITE,Chieftec Task TPS-700S power supply unit 700 W 20+4 pin ATX ATX Black
ZPU-400S,Chieftec,NEW,31.65,1,ON-SITE,Chieftec EON ZPU-400S power supply unit 400 W 20+4 pin ATX ATX Black
CP-9020267-EU,Corsair,NEW,250.83,1,ON-SITE,Corsair HX1200i power supply unit 1200 W 24-pin ATX ATX Black
R-PL800D-FC0B-EU-V2,DEEPCOOL,NEW,63.81,1,ON-SITE,DeepCool PL800D power supply unit 800 W 20+4 pin ATX ATX Black
PRO-750B,Asrock,NEW,48.36,1,ON-SITE,Asrock PRO-750B power supply unit 750 W 24-pin ATX ATX Black
90YE00N1-B0NA00,ASUS,NEW,243.22,1,ON-SITE,ASUS ROG Loki SFX-L 1000W Platinum power supply unit 24-pin ATX Black Silver
CTG-750C,Chieftec,NEW,62.94,1,ON-SITE,Chieftec CTG-750C power supply unit 750 W 24-pin ATX ATX Black
306-7ZPSX11-CE0,MSI,NEW,71.22,1,ON-SITE,MSI MAG A750BN PCIE5 II power supply
P1404ABK01,UNITEK,NEW,16,10,ON-SITE,UNITEK P1404ABK01 mobile device charger IP Phone Smartphone Black USB Wireless charging Fast charging Auto
AS2002A1,ANKER,NEW,243.95,1,ON-SITE,Anker Solix AS200 Alternator Charger car charger
RMCARD205,CyberPower,NEW,123.93,133,ON-SITE,CyberPower RMCARD205 remote power controller
T/KKON-0025/00,Ever,NEW,260.71,3,ON-SITE,NMC EVER G2 NETWORK CARD FOR PWRL RT PRO 1-3K/RT P
NLP5,NOCO,NEW,47.2,1,ON-SITE,NOCO NLP5
5PXEBM48RT2UG2,EATON,NEW,450.11,1,ON-SITE,Eaton 5PXEBM48RT2UG2 UPS battery Sealed Lead Acid (VRLA) 12 V 9 Ah
W/OP-ZA00-0001/00,Ever,NEW,52.27,13,ON-SITE,Rack Kit for UPS EVER RT 600-1000 mm Mounting kit
W/OP-ZA00-0002/00,Ever,NEW,53.99,6,ON-SITE,Rack Kit for UPS EVER RT 800-1200 mm Mounting kit
UT650EG-FR,CyberPower,NEW,39.67,106,ON-SITE,CyberPower UT650EG-FR uninterruptible power supply (UPS) Line-Interactive 0.65 kVA 360 W 3 AC outlet(s)
UT850EG-FR,CyberPower,NEW,59.46,48,ON-SITE,CyberPower UT850EG-FR uninterruptible power supply (UPS) Line-Interactive 0.85 kVA 425 W 3 AC outlet(s)
VP1000ELCD-FR,CyberPower,NEW,105.46,43,ON-SITE,CyberPower Tracer III VP1000ELCD-FR uninterruptible power supply (UPS) Line-Interactive 1 kVA 550 W 4 AC outlet(s)
OLS1000EA-DE,CyberPower,NEW,210.78,38,ON-SITE,CyberPower OLS1000EA uninterruptible power supply (UPS) Double-conversion (Online) 1 kVA 900 W 3 AC outlet(s)
BR700ELCD-FR,CyberPower,NEW,105.19,35,ON-SITE,CyberPower BR700ELCD-FR uninterruptible power supply (UPS) Line-Interactive 0.7 kVA 420 W 8 AC outlet(s)
OLS3000EA,CyberPower,NEW,423.86,35,ON-SITE,CyberPower OLS3000EA-DE uninterruptible power supply (UPS) Double-conversion (Online) 3 kVA 2700 W 7 AC outlet(s)
OLS2000ERT2UA,CyberPower,NEW,433.58,35,ON-SITE,CyberPower OLS2000ERT2UA uninterruptible power supply (UPS) Double-conversion (Online) 2 kVA 1800 W 8 AC outlet(s)
OR1000ERM1U,CyberPower,NEW,340.16,33,ON-SITE,CyberPower OR1000ERM1U uninterruptible power supply (UPS) Line-Interactive 1 kVA 600 W 6 AC outlet(s)
VP700ELCD-FR,CyberPower,NEW,94.02,31,ON-SITE,CyberPower Tracer III VP700ELCD-FR uninterruptible power supply (UPS) Line-Interactive 0.7 kVA 390 W 4 AC outlet(s)
OLS3000EA-DE,CyberPower,NEW,436.74,29,ON-SITE,CyberPower OLS3000EA-DE uninterruptible power supply (UPS) Double-conversion (Online) 3 kVA 2700 W 7 AC outlet(s)
OLS3000ERT2UA,CyberPower,NEW,594.62,27,ON-SITE,CyberPower OLS3000ERT2UA uninterruptible power supply (UPS) Double-conversion (Online) 2 kVA 1800 W 8 AC outlet(s)
CP1600EPFCLCD,CyberPower,NEW,328.82,26,ON-SITE,CyberPower CP1600EPFCLCD uninterruptible power supply (UPS) Line-Interactive 1.6 kVA 1000 W 6 AC outlet(s)
VP1600ELCD-FR,CyberPower,NEW,193.15,26,ON-SITE,CyberPower Tracer III VP1600ELCD-FR uninterruptible power supply (UPS) Line-Interactive 1.6 kVA 900 W 5 AC outlet(s)
T/DAVRTO-000K85/00,Ever,NEW,105.35,24,ON-SITE,UPS EVER DUO 850 AVR USB (TWR; 850VA) (T/DAVRTO-000K85/00)
UT1500EG-FR,CyberPower,NEW,132.08,24,ON-SITE,CyberPower UT1500EG-FR UPS
BU650EG-FR,CyberPower,NEW,38.58,24,ON-SITE,CyberPower BU650EG-FR UPS
PR1500ERT2U,CyberPower,NEW,630.72,23,ON-SITE,CyberPower PR1500ERT2U uninterruptible power supply (UPS) Line-Interactive 1500 VA 1500 W 10 AC outlet(s)
OLS1500ERT2UA,CyberPower,NEW,331.75,23,ON-SITE,CyberPower OLS1500ERT2UA uninterruptible power supply (UPS) Double-conversion (Online) 1.5 kVA 1350 W 8 AC outlet(s)
OLS1500EA-DE,CyberPower,NEW,381.71,19,ON-SITE,CyberPower OLS1500EA uninterruptible power supply (UPS) Double-conversion (Online) 1.5 kVA 1350 W 4 AC outlet(s)
CP900EPFCLCD,CyberPower,NEW,196.62,18,ON-SITE,CyberPower CP900EPFCLCD uninterruptible power supply (UPS) Standby (Offline) 0.9 kVA 540 W 6 AC outlet(s)
T/EASYTO-000K65/00,Ever,NEW,81.85,18,ON-SITE,Ever EASYLINE 650 AVR USB Line-Interactive 0.65 kVA 360 W
CP1350EPFCLCD,CyberPower,NEW,260.7,18,ON-SITE,CyberPower CP1350EPFCLCD uninterruptible power supply (UPS) Line-Interactive 1.35 kVA 780 W 6 AC outlet(s)
BR1000ELCD-FR,CyberPower,NEW,119.75,17,ON-SITE,CyberPower BR1000ELCD-FR uninterruptible power supply (UPS) Line-Interactive 1 kVA 600 W 8 AC outlet(s)
OLS2000EA-DE,CyberPower,NEW,316.27,17,ON-SITE,CyberPower OLS2000EA-DE uninterruptible power supply (UPS) Double-conversion (Online) 2 kVA 1800 W 4 AC outlet(s)
AP-BK650,ALANTEC,NEW,35.23,16,ON-SITE,Alantec 650VA 360W LINE-INTERACTIVE UPS AVR
T/DAVRTO-000K35/00,Ever,NEW,62.32,15,ON-SITE,UPS EVER DUO 350 AVR (TWR; 350VA) (T/DAVRTO-000K35/00)
VP1200EILCD,CyberPower,NEW,132.73,13,ON-SITE,CyberPower VP1200EILCD uninterruptible power supply (UPS) Line-Interactive 1.2 kVA 720 W 8 AC outlet(s)
W/SRTXRT-003K00/00,Ever,NEW,1051.15,13,ON-SITE,Ever SINLINE RT XL 3000 Line-Interactive 3 kVA 3000 W 9 AC outlet(s)
PR1000ELCD,CyberPower,NEW,397.05,12,ON-SITE,CyberPower PR1000ELCD uninterruptible power supply (UPS) Line-Interactive 1 kVA 900 W 8 AC outlet(s)
UT2200EG-FR,CyberPower,NEW,158.44,8,ON-SITE,CyberPower UT2200EG-FR UPS
OR1500ERM1U,CyberPower,NEW,420.93,7,ON-SITE,CyberPower OR1500ERM1U uninterruptible power supply (UPS) Line-Interactive 1500 VA 900 W 6 AC outlet(s)
T/PWPRRT-113K00/00,Ever,NEW,1071.62,7,ON-SITE,Ever UPS POWERLINE RT PRO 3000 Double-conversion (Online) 3 kVA/3kW
W/EAVRTO-001K00/00,Ever,NEW,209.36,6,ON-SITE,Ever ECO PRO 1000 AVR CDS Line-Interactive 1 kVA 650 W 2 AC outlet(s)
W/EAVRRM-000K70/00,Ever,NEW,226.41,6,ON-SITE,UPS EVER ECO Pro 700 AVR CDS 19 2U (Rack; 700VA) (W/EAVRRM-000K70/00)
B1728311,ANKER,NEW,307.12,5,ON-SITE,Anker SOLIX C300 DC portable power station 7 Lithium Iron Phosphate (LiFePO4) 90000 mAh 300 W
CP1200EIPFCRM2U,CyberPower,NEW,305.41,4,ON-SITE,CyberPower CP1200EIPFCRM2U uninterruptible power supply (UPS) Line-Interactive 1.2 kVA 720 W 8 AC outlet(s)
W/SRTLRT-003K00/00,Ever,NEW,769.81,3,ON-SITE,Ever SINLINE RT 3000 Line-Interactive 3 kVA 2250 W 8 AC outlet(s)
B1723311,ANKER,NEW,351.19,3,ON-SITE,Anker B1723311 solar panel 60 W
T/NETLRT-002K00/00,Ever,NEW,671.18,3,ON-SITE,Ever Netline RT 2000 - UPS power supply
T/DAVRTO-000K85/01,Ever,NEW,107.91,2,ON-SITE,EVER DUO 850 PL AVR USB UPS
CP1600EIPFCRM2U,CyberPower,NEW,341.97,2,ON-SITE,CyberPower CP1600EIPFCRM2U uninterruptible power supply (UPS) Line-Interactive 1.6 kVA 1000 W 8 AC outlet(s)
PR2200ELCDSL,CyberPower,NEW,687.3,2,ON-SITE,CyberPower PR2200ELCDSL uninterruptible power supply (UPS) Line-Interactive 2.2 kVA 1980 W 9 AC outlet(s)
PR3000ELCDSL,CyberPower,NEW,736.22,2,ON-SITE,CyberPower PR3000ELCDSL uninterruptible power supply (UPS) Line-Interactive 3 kVA 2700 W 9 AC outlet(s)
ELP850FR,EATON,NEW,235.71,2,ON-SITE,Eaton Ellipse PRO 850 FR uninterruptible power supply (UPS) Line-Interactive 0.85 kVA 510 W 4 AC outlet(s)
W/SRTLRT-001K20/00,Ever,NEW,443.4,2,ON-SITE,Ever SINLINE RT 1200 uninterruptible power supply (UPS) Line-Interactive 1.2 kVA 850 W 5 AC outlet(s)
PR2200ERTXL2U,CyberPower,NEW,934.35,2,ON-SITE,CyberPower PR2200ERTXL2U uninterruptible power supply (UPS) Line-Interactive 2200 VA 2200 W 8 AC outlet(s)
PR2200ERT2U,CyberPower,NEW,801.88,2,ON-SITE,CyberPower PR2200ERT2U uninterruptible power supply (UPS) Line-Interactive 2.2 kVA 2200 W 8 AC outlet(s)
OR600ERM1U,CyberPower,NEW,249.78,2,ON-SITE,CyberPower OR600ERM1U uninterruptible power supply (UPS) Line-Interactive 0.6 kVA 360 W 6 AC outlet(s)
USP-RPS,UBIQUITI,NEW,416.36,2,ON-SITE,Ubiquiti UniFi Redundant Power System network switch component Power supply
23503,Trust,NEW,58.15,1,ON-SITE,Trust Paxxon uninterruptible power supply (UPS) 0.8 kVA 480 W 2 AC outlet(s)
BVX1200LI-GR,Schneider Electric,NEW,117.83,1,ON-SITE,APC Easy UPS BVX Series BVX1200LI-GR -
CP2000EIPFCRM2U,CyberPower,NEW,406.82,1,ON-SITE,CyberPower CP2000EIPFCRM2U uninterruptible power supply (UPS) Line-Interactive 2 kVA 1200 W 8 AC outlet(s)
5PX1000IRTNG2,EATON,NEW,975.16,1,ON-SITE,Eaton 5PX Gen2 uninterruptible power supply (UPS) Line-Interactive 1 kVA 1000 W 8 AC outlet(s)